solid OBJECT
  facet normal 0.10549660158891139 0.50883546426933601 -0.85437517365323756
    outer loop
      vertex 22.918994903564453 0.49686208367347717 0.49103522300720215
      vertex 23.226652145385742 0.24843104183673859 0.38106745481491089
      vertex 22.997936248779297 0.26471111178398132 0.36252188682556152
    endloop
  endfacet
  facet normal 0.16228926983271577 0.51956717748386638 -0.83887552174241697
    outer loop
      vertex 22.918994903564453 0.49686208367347717 0.49103522300720215
      vertex 22.997936248779297 0.26471111178398132 0.36252188682556152
      vertex 22.705879211425781 0.52942222356796265 0.46997225284576416
    endloop
  endfacet
  facet normal 0.095678261401658249 0.46320326469645318 -0.88107230456399177
    outer loop
      vertex 22.705879211425781 0.52942222356796265 0.46997225284576416
      vertex 22.997936248779297 0.26471111178398132 0.36252188682556152
      vertex 22.777135848999023 0.27874720096588135 0.34592366218566895
    endloop
  endfacet
  facet normal 0.14478234416795932 0.47160469749461786 -0.86984313650119738
    outer loop
      vertex 22.705879211425781 0.52942222356796265 0.46997225284576416
      vertex 22.777135848999023 0.27874720096588135 0.34592366218566895
      vertex 22.507465362548828 0.5574944019317627 0.45216691493988037
    endloop
  endfacet
  facet normal 0.12992238986325186 0.6040326785044402 -0.78629809608759249
    outer loop
      vertex 23.258634567260742 0.43824502825737 0.52977496385574341
      vertex 23.563915252685547 0.219122514128685 0.41188791394233704
      vertex 23.39069938659668 0.23505491018295288 0.39550617337226868
    endloop
  endfacet
  facet normal 0.20093894658120331 0.62761967930656526 -0.75214166078868439
    outer loop
      vertex 23.258634567260742 0.43824502825737 0.52977496385574341
      vertex 23.39069938659668 0.23505491018295288 0.39550617337226868
      vertex 23.079902648925781 0.47010982036590576 0.50861507654190063
    endloop
  endfacet
  facet normal 0.11768011209796732 0.5526290816013335 -0.82507726267609416
    outer loop
      vertex 23.079902648925781 0.47010982036590576 0.50861507654190063
      vertex 23.39069938659668 0.23505491018295288 0.39550617337226868
      vertex 23.226652145385742 0.24843104183673859 0.38106745481491089
    endloop
  endfacet
  facet normal 0.1830257327546658 0.57851025358350106 -0.79487575610806693
    outer loop
      vertex 23.079902648925781 0.47010982036590576 0.50861507654190063
      vertex 23.226652145385742 0.24843104183673859 0.38106745481491089
      vertex 22.918994903564453 0.49686208367347717 0.49103522300720215
    endloop
  endfacet
  facet normal -0.17311197237067313 0.075168893084478938 -0.98202947131661456
    outer loop
      vertex 3.9385318756103516 1.8970423936843872 0.63112145662307739
      vertex 3.8148608207702637 1.2646949291229248 0.60451948642730713
      vertex 3.6418335437774658 1.259626030921936 0.63463270664215088
    endloop
  endfacet
  facet normal -0.16794117137601791 0.072756095355696493 -0.98310849530733058
    outer loop
      vertex 3.9385318756103516 1.8970423936843872 0.63112145662307739
      vertex 3.6418335437774658 1.259626030921936 0.63463270664215088
      vertex 3.7598807811737061 1.8894391059875488 0.66107714176177979
    endloop
  endfacet
  facet normal -0.1770028004583814 0.074382613733333144 -0.98139555501545261
    outer loop
      vertex 3.7598807811737061 1.8894391059875488 0.66107714176177979
      vertex 3.6418335437774658 1.259626030921936 0.63463270664215088
      vertex 3.464747428894043 1.254334568977356 0.66617059707641602
    endloop
  endfacet
  facet normal -0.17218952357115763 0.07213767467737224 -0.982418914651219
    outer loop
      vertex 3.7598807811737061 1.8894391059875488 0.66107714176177979
      vertex 3.464747428894043 1.254334568977356 0.66617059707641602
      vertex 3.5770597457885742 1.8815019130706787 0.69253754615783691
    endloop
  endfacet
  facet normal -0.16458418725974758 0.076833029143532086 -0.98336602083694014
    outer loop
      vertex 4.3003349304199219 1.911934494972229 0.5730205774307251
      vertex 4.1651935577392578 1.274622917175293 0.54584407806396484
      vertex 3.9920728206634521 1.2697755098342896 0.57444024085998535
    endloop
  endfacet
  facet normal -0.15866587300555246 0.073989369563509974 -0.98455609994300497
    outer loop
      vertex 4.3003349304199219 1.911934494972229 0.5730205774307251
      vertex 3.9920728206634521 1.2697755098342896 0.57444024085998535
      vertex 4.1215300559997559 1.9046632051467896 0.60128939151763916
    endloop
  endfacet
  facet normal -0.16897614896258023 0.076012551651305382 -0.98268466614333294
    outer loop
      vertex 4.1215300559997559 1.9046632051467896 0.60128939151763916
      vertex 3.9920728206634521 1.2697755098342896 0.57444024085998535
      vertex 3.8148608207702637 1.2646949291229248 0.60451948642730713
    endloop
  endfacet
  facet normal -0.16343594570622408 0.073351970366854813 -0.98382324636817364
    outer loop
      vertex 4.1215300559997559 1.9046632051467896 0.60128939151763916
      vertex 3.8148608207702637 1.2646949291229248 0.60451948642730713
      vertex 3.9385318756103516 1.8970423936843872 0.63112145662307739
    endloop
  endfacet
  facet normal -0.15499154375998622 0.078541127153874082 -0.98478876552705208
    outer loop
      vertex 4.6624279022216797 1.926081657409668 0.51863014698028564
      vertex 4.5156574249267578 1.2840543985366821 0.49052527546882629
      vertex 4.3424601554870605 1.279460072517395 0.51741760969161987
    endloop
  endfacet
  facet normal -0.14829347843044785 0.075229140978320411 -0.98607789783701283
    outer loop
      vertex 4.6624279022216797 1.926081657409668 0.51863014698028564
      vertex 4.3424601554870605 1.279460072517395 0.51741760969161987
      vertex 4.4834604263305664 1.9191900491714478 0.54501879215240479
    endloop
  endfacet
  facet normal -0.15992519086866833 0.077706031680265353 -0.98406590529604543
    outer loop
      vertex 4.4834604263305664 1.9191900491714478 0.54501879215240479
      vertex 4.3424601554870605 1.279460072517395 0.51741760969161987
      vertex 4.1651935577392578 1.274622917175293 0.54584407806396484
    endloop
  endfacet
  facet normal -0.15361955839041885 0.074590915912546921 -0.98531072588461155
    outer loop
      vertex 4.4834604263305664 1.9191900491714478 0.54501879215240479
      vertex 4.1651935577392578 1.274622917175293 0.54584407806396484
      vertex 4.3003349304199219 1.911934494972229 0.5730205774307251
    endloop
  endfacet
  facet normal -0.14428039787397864 0.08024825501877017 -0.98627753921285699
    outer loop
      vertex 5.0247540473937988 1.9393792152404785 0.46835902333259583
      vertex 4.8661370277404785 1.2929195165634155 0.43896371126174927
      vertex 4.6928834915161133 1.2886123657226562 0.46395814418792725
    endloop
  endfacet
  facet normal -0.13678931022437557 0.076437295890058973 -0.98764671031971507
    outer loop
      vertex 5.0247540473937988 1.9393792152404785 0.46835902333259583
      vertex 4.6928834915161133 1.2886123657226562 0.46395814418792725
      vertex 4.8456130027770996 1.9329185485839844 0.49267008900642395
    endloop
  endfacet
  facet normal -0.14977798374229384 0.079421628857452908 -0.98552461179603323
    outer loop
      vertex 4.8456130027770996 1.9329185485839844 0.49267008900642395
      vertex 4.6928834915161133 1.2886123657226562 0.46395814418792725
      vertex 4.5156574249267578 1.2840543985366821 0.49052527546882629
    endloop
  endfacet
  facet normal -0.14268251368293156 0.075817908387132246 -0.98686034729181427
    outer loop
      vertex 4.8456130027770996 1.9329185485839844 0.49267008900642395
      vertex 4.5156574249267578 1.2840543985366821 0.49052527546882629
      vertex 4.6624279022216797 1.926081657409668 0.51863014698028564
    endloop
  endfacet
  facet normal -0.13245423531025502 0.08190398507592031 -0.98779937880981639
    outer loop
      vertex 5.3872413635253906 1.9517184495925903 0.42260658740997314
      vertex 5.2164907455444336 1.3011455535888672 0.39155992865562439
      vertex 5.0432038307189941 1.2971607446670532 0.41446560621261597
    endloop
  endfacet
  facet normal -0.12418648174555585 0.077576119023320803 -0.98922174637890992
    outer loop
      vertex 5.3872413635253906 1.9517184495925903 0.42260658740997314
      vertex 5.0432038307189941 1.2971607446670532 0.41446560621261597
      vertex 5.207911491394043 1.9457410573959351 0.44465082883834839
    endloop
  endfacet
  facet normal -0.13850416559357898 0.081110328931290096 -0.98703480721496561
    outer loop
      vertex 5.207911491394043 1.9457410573959351 0.44465082883834839
      vertex 5.0432038307189941 1.2971607446670532 0.41446560621261597
      vertex 4.8661370277404785 1.2929195165634155 0.43896371126174927
    endloop
  endfacet
  facet normal -0.13061940616462589 0.076994614203196476 -0.98843836434898735
    outer loop
      vertex 5.207911491394043 1.9457410573959351 0.44465082883834839
      vertex 4.8661370277404785 1.2929195165634155 0.43896371126174927
      vertex 5.0247540473937988 1.9393792152404785 0.46835902333259583
    endloop
  endfacet
  facet normal -0.11960970318445929 0.083459100914065831 -0.98930687725232214
    outer loop
      vertex 5.7497997283935547 1.9629924297332764 0.38172727823257446
      vertex 5.5665469169616699 1.3086615800857544 0.34868288040161133
      vertex 5.3932533264160156 1.3050327301025391 0.36932837963104248
    endloop
  endfacet
  facet normal -0.11062358597612987 0.078616710185413205 -0.9907481189007652
    outer loop
      vertex 5.7497997283935547 1.9629924297332764 0.38172727823257446
      vertex 5.3932533264160156 1.3050327301025391 0.36932837963104248
      vertex 5.5702633857727051 1.9575490951538086 0.4013417661190033
    endloop
  endfacet
  facet normal -0.12615049095432551 0.082721198731763729 -0.98855614757704224
    outer loop
      vertex 5.5702633857727051 1.9575490951538086 0.4013417661190033
      vertex 5.3932533264160156 1.3050327301025391 0.36932837963104248
      vertex 5.2164907455444336 1.3011455535888672 0.39155992865562439
    endloop
  endfacet
  facet normal -0.11751262722769079 0.078087235177826689 -0.98999654855172525
    outer loop
      vertex 5.5702633857727051 1.9575490951538086 0.4013417661190033
      vertex 5.2164907455444336 1.3011455535888672 0.39155992865562439
      vertex 5.3872413635253906 1.9517184495925903 0.42260658740997314
    endloop
  endfacet
  facet normal -0.10555106697694665 0.084966041815958238 -0.9907773433007826
    outer loop
      vertex 6.1266989707946777 1.9734829664230347 0.34467414021492004
      vertex 5.9299635887145996 1.3156553506851196 0.30921977758407593
      vertex 5.749882698059082 1.3122963905334473 0.32811638712882996
    endloop
  endfacet
  facet normal -0.095943709263949684 0.079526467658006375 -0.99220479014894647
    outer loop
      vertex 6.1266989707946777 1.9734829664230347 0.34467414021492004
      vertex 5.749882698059082 1.3122963905334473 0.32811638712882996
      vertex 5.9398655891418457 1.9684447050094604 0.36233663558959961
    endloop
  endfacet
  facet normal -0.11273345281189542 0.08427516744920889 -0.99004488017893211
    outer loop
      vertex 5.9398655891418457 1.9684447050094604 0.36233663558959961
      vertex 5.749882698059082 1.3122963905334473 0.32811638712882996
      vertex 5.5665469169616699 1.3086615800857544 0.34868288040161133
    endloop
  endfacet
  facet normal -0.10341995463080124 0.079035362415693491 -0.99149267494620608
    outer loop
      vertex 5.9398655891418457 1.9684447050094604 0.36233663558959961
      vertex 5.5665469169616699 1.3086615800857544 0.34868288040161133
      vertex 5.7497997283935547 1.9629924297332764 0.38172727823257446
    endloop
  endfacet
  facet normal 0.02462656530003858 0.11898622645742515 -0.99259045441458149
    outer loop
      vertex 16.902198791503906 1.7194409370422363 0.23598296940326691
      vertex 16.588127136230469 1.1462939977645874 0.15948505699634552
      vertex 16.374067306518555 1.1594052314758301 0.15574584901332855
    endloop
  endfacet
  facet normal 0.033862074392835888 0.11038028386574472 -0.99331241452602992
    outer loop
      vertex 16.902198791503906 1.7194409370422363 0.23598296940326691
      vertex 16.374067306518555 1.1594052314758301 0.15574584901332855
      vertex 16.702598571777344 1.7391078472137451 0.23136404156684875
    endloop
  endfacet
  facet normal 0.022610313214213959 0.11670434065377727 -0.99290929626473035
    outer loop
      vertex 16.702598571777344 1.7391078472137451 0.23136404156684875
      vertex 16.374067306518555 1.1594052314758301 0.15574584901332855
      vertex 16.160867691040039 1.1719412803649902 0.15236437320709229
    endloop
  endfacet
  facet normal 0.031297698287143343 0.1085032239060274 -0.99360329331374764
    outer loop
      vertex 16.702598571777344 1.7391078472137451 0.23136404156684875
      vertex 16.160867691040039 1.1719412803649902 0.15236437320709229
      vertex 16.503177642822266 1.7579119205474854 0.22713588178157806
    endloop
  endfacet
  facet normal 0.029001796466584535 0.12432132513501515 -0.9918180800521762
    outer loop
      vertex 17.303396224975586 1.6772907972335815 0.2465079128742218
      vertex 17.020364761352539 1.1181938648223877 0.16815070807933807
      vertex 16.803808212280273 1.1325459480285645 0.16361735761165619
    endloop
  endfacet
  facet normal 0.039415991826823447 0.11488879948175115 -0.99259606252591492
    outer loop
      vertex 17.303396224975586 1.6772907972335815 0.2465079128742218
      vertex 16.803808212280273 1.1325459480285645 0.16361735761165619
      vertex 17.102693557739258 1.6988189220428467 0.24102979898452759
    endloop
  endfacet
  facet normal 0.026756420935621292 0.12152038309740047 -0.99222824512839636
    outer loop
      vertex 17.102693557739258 1.6988189220428467 0.24102979898452759
      vertex 16.803808212280273 1.1325459480285645 0.16361735761165619
      vertex 16.588127136230469 1.1462939977645874 0.15948505699634552
    endloop
  endfacet
  facet normal 0.036565954849854844 0.11249559360165858 -0.99297919029863324
    outer loop
      vertex 17.102693557739258 1.6988189220428467 0.24102979898452759
      vertex 16.588127136230469 1.1462939977645874 0.15948505699634552
      vertex 16.902198791503906 1.7194409370422363 0.23598296940326691
    endloop
  endfacet
  facet normal 0.033841593845275734 0.13084460186403896 -0.99082512921758936
    outer loop
      vertex 17.705482482910156 1.6314419507980347 0.2588336169719696
      vertex 17.456110000610352 1.0876280069351196 0.17850230634212494
      vertex 17.237796783447266 1.1032253503799438 0.17310555279254913
    endloop
  endfacet
  facet normal 0.045563154587227921 0.12060093874342771 -0.99165488579357308
    outer loop
      vertex 17.705482482910156 1.6314419507980347 0.2588336169719696
      vertex 17.237796783447266 1.1032253503799438 0.17310555279254913
      vertex 17.50432014465332 1.654837965965271 0.25243622064590454
    endloop
  endfacet
  facet normal 0.031362766331393004 0.12741874723184352 -0.99135303486795756
    outer loop
      vertex 17.50432014465332 1.654837965965271 0.25243622064590454
      vertex 17.237796783447266 1.1032253503799438 0.17310555279254913
      vertex 17.020364761352539 1.1181938648223877 0.16815070807933807
    endloop
  endfacet
  facet normal 0.042413119541014004 0.11757965985660036 -0.99215732163745385
    outer loop
      vertex 17.50432014465332 1.654837965965271 0.25243622064590454
      vertex 17.020364761352539 1.1181938648223877 0.16815070807933807
      vertex 17.303396224975586 1.6772907972335815 0.2465079128742218
    endloop
  endfacet
  facet normal 0.039170939945789941 0.13882512287043416 -0.98954192570288413
    outer loop
      vertex 18.108573913574219 1.5817457437515259 0.27311140298843384
      vertex 17.895381927490234 1.0544971227645874 0.19070328772068024
      vertex 17.675304412841797 1.0713894367218018 0.18436139822006226
    endloop
  endfacet
  facet normal 0.052357509459183209 0.12778287917946082 -0.99041921780215836
    outer loop
      vertex 18.108573913574219 1.5817457437515259 0.27311140298843384
      vertex 17.675304412841797 1.0713894367218018 0.18436139822006226
      vertex 17.906896591186523 1.6070840358734131 0.26571905612945557
    endloop
  endfacet
  facet normal 0.036442887326743077 0.13463362431297562 -0.99022507702423035
    outer loop
      vertex 17.906896591186523 1.6070840358734131 0.26571905612945557
      vertex 17.675304412841797 1.0713894367218018 0.18436139822006226
      vertex 17.456110000610352 1.0876280069351196 0.17850230634212494
    endloop
  endfacet
  facet normal 0.048875000706443017 0.1239883915300409 -0.99107926679541536
    outer loop
      vertex 17.906896591186523 1.6070840358734131 0.26571905612945557
      vertex 17.456110000610352 1.0876280069351196 0.17850230634212494
      vertex 17.705482482910156 1.6314419507980347 0.2588336169719696
    endloop
  endfacet
  facet normal 0.045026003193505901 0.14859908576124126 -0.9878719404595625
    outer loop
      vertex 18.512784957885742 1.5280535221099854 0.28949254751205444
      vertex 18.338207244873047 1.0187023878097534 0.20491716265678406
      vertex 18.116350173950195 1.0369390249252319 0.19754840433597565
    endloop
  endfacet
  facet normal 0.059874464117483879 0.13678499530669119 -0.98878962049851271
    outer loop
      vertex 18.512784957885742 1.5280535221099854 0.28949254751205444
      vertex 18.116350173950195 1.0369390249252319 0.19754840433597565
      vertex 18.310531616210938 1.5554084777832031 0.28102961182594299
    endloop
  endfacet
  facet normal 0.042029356374535497 0.14346414858093973 -0.98876264658141699
    outer loop
      vertex 18.310531616210938 1.5554084777832031 0.28102961182594299
      vertex 18.116350173950195 1.0369390249252319 0.19754840433597565
      vertex 17.895381927490234 1.0544971227645874 0.19070328772068024
    endloop
  endfacet
  facet normal 0.056020036822011114 0.13203088909065167 -0.9896613561215738
    outer loop
      vertex 18.310531616210938 1.5554084777832031 0.28102961182594299
      vertex 17.895381927490234 1.0544971227645874 0.19070328772068024
      vertex 18.108573913574219 1.5817457437515259 0.27311140298843384
    endloop
  endfacet
  facet normal 0.051458018198289976 0.1605917473048894 -0.98567863072132555
    outer loop
      vertex 18.918228149414062 1.4702165126800537 0.30812832713127136
      vertex 18.784605026245117 0.98014438152313232 0.2213074117898941
      vertex 18.560956954956055 0.99977493286132812 0.21283002197742462
    endloop
  endfacet
  facet normal 0.068217912229206853 0.14805506033718807 -0.98662354297859711
    outer loop
      vertex 18.918228149414062 1.4702165126800537 0.30812832713127136
      vertex 18.560956954956055 0.99977493286132812 0.21283002197742462
      vertex 18.71534538269043 1.4996623992919922 0.29851916432380676
    endloop
  endfacet
  facet normal 0.048166501593303081 0.15428691129234612 -0.98685132473343196
    outer loop
      vertex 18.71534538269043 1.4996623992919922 0.29851916432380676
      vertex 18.560956954956055 0.99977493286132812 0.21283002197742462
      vertex 18.338207244873047 1.0187023878097534 0.20491716265678406
    endloop
  endfacet
  facet normal 0.063935642823977068 0.14210342935430012 -0.98778481914961214
    outer loop
      vertex 18.71534538269043 1.4996623992919922 0.29851916432380676
      vertex 18.338207244873047 1.0187023878097534 0.20491716265678406
      vertex 18.512784957885742 1.5280535221099854 0.28949254751205444
    endloop
  endfacet
  facet normal 0.058534877803992184 0.17535196119665242 -0.98276414148307178
    outer loop
      vertex 19.325017929077148 1.4080861806869507 0.32917004823684692
      vertex 19.234598159790039 0.9387241005897522 0.24003750085830688
      vertex 19.009151458740234 0.95979821681976318 0.23036976158618927
    endloop
  endfacet
  facet normal 0.077522576730746959 0.16218179206182989 -0.98371099232479808
    outer loop
      vertex 19.325017929077148 1.4080861806869507 0.32917004823684692
      vertex 19.009151458740234 0.95979821681976318 0.23036976158618927
      vertex 19.12144660949707 1.439697265625 0.31833899021148682
    endloop
  endfacet
  facet normal 0.054910890667195331 0.16758580178714286 -0.98432707629400074
    outer loop
      vertex 19.12144660949707 1.439697265625 0.31833899021148682
      vertex 19.009151458740234 0.95979821681976318 0.23036976158618927
      vertex 18.784605026245117 0.98014438152313232 0.2213074117898941
    endloop
  endfacet
  facet normal 0.07274045685440042 0.15471776494318062 -0.98527723973894776
    outer loop
      vertex 19.12144660949707 1.439697265625 0.31833899021148682
      vertex 18.784605026245117 0.98014438152313232 0.2213074117898941
      vertex 18.918228149414062 1.4702165126800537 0.30812832713127136
    endloop
  endfacet
  facet normal 0.06634436257355697 0.19359937419992684 -0.97883487262362334
    outer loop
      vertex 19.733268737792969 1.3415135145187378 0.35276898741722107
      vertex 19.688209533691406 0.89434236288070679 0.26127094030380249
      vertex 19.46095085144043 0.91690963506698608 0.25033107399940491
    endloop
  endfacet
  facet normal 0.087972509184588474 0.17994539329428547 -0.97973490958520626
    outer loop
      vertex 19.733268737792969 1.3415135145187378 0.35276898741722107
      vertex 19.46095085144043 0.91690963506698608 0.25033107399940491
      vertex 19.528953552246094 1.3753644227981567 0.34064039587974548
    endloop
  endfacet
  facet normal 0.062340980765175816 0.18398664119728475 -0.98094980400537202
    outer loop
      vertex 19.528953552246094 1.3753644227981567 0.34064039587974548
      vertex 19.46095085144043 0.91690963506698608 0.25033107399940491
      vertex 19.234598159790039 0.9387241005897522 0.24003750085830688
    endloop
  endfacet
  facet normal 0.082590879353674207 0.17055011498627931 -0.98188156359397727
    outer loop
      vertex 19.528953552246094 1.3753644227981567 0.34064039587974548
      vertex 19.234598159790039 0.9387241005897522 0.24003750085830688
      vertex 19.325017929077148 1.4080861806869507 0.32917004823684692
    endloop
  endfacet
  facet normal 0.16609933148112196 0.56381391228495115 -0.8090271221630716
    outer loop
      vertex 22.611335754394531 0.74529314041137695 0.60100299119949341
      vertex 22.918994903564453 0.49686208367347717 0.49103522300720215
      vertex 22.705879211425781 0.52942222356796265 0.46997225284576416
    endloop
  endfacet
  facet normal 0.2361312991451455 0.57768928184183321 -0.78135593887107113
    outer loop
      vertex 22.611335754394531 0.74529314041137695 0.60100299119949341
      vertex 22.705879211425781 0.52942222356796265 0.46997225284576416
      vertex 22.413822174072266 0.79413336515426636 0.5774226188659668
    endloop
  endfacet
  facet normal 0.14800141532977049 0.50778193851214826 -0.84867725548716666
    outer loop
      vertex 22.413822174072266 0.79413336515426636 0.5774226188659668
      vertex 22.705879211425781 0.52942222356796265 0.46997225284576416
      vertex 22.507465362548828 0.5574944019317627 0.45216691493988037
    endloop
  endfacet
  facet normal 0.21401240852624073 0.52179072356798295 -0.82579242536802089
    outer loop
      vertex 22.413822174072266 0.79413336515426636 0.5774226188659668
      vertex 22.507465362548828 0.5574944019317627 0.45216691493988037
      vertex 22.237794876098633 0.83624160289764404 0.5584101676940918
    endloop
  endfacet
  facet normal 0.20387075801151266 0.6687112599472993 -0.71502584907645572
    outer loop
      vertex 22.95335578918457 0.6573675274848938 0.64766198396682739
      vertex 23.258634567260742 0.43824502825737 0.52977496385574341
      vertex 23.079902648925781 0.47010982036590576 0.50861507654190063
    endloop
  endfacet
  facet normal 0.27286203139173082 0.68556842675674368 -0.67493869651921812
    outer loop
      vertex 22.95335578918457 0.6573675274848938 0.64766198396682739
      vertex 23.079902648925781 0.47010982036590576 0.50861507654190063
      vertex 22.769105911254883 0.70516473054885864 0.62172400951385498
    endloop
  endfacet
  facet normal 0.18594679708391054 0.61471459658774952 -0.76651794068775403
    outer loop
      vertex 22.769105911254883 0.70516473054885864 0.62172400951385498
      vertex 23.079902648925781 0.47010982036590576 0.50861507654190063
      vertex 22.918994903564453 0.49686208367347717 0.49103522300720215
    endloop
  endfacet
  facet normal 0.25781650458036642 0.63977362967071616 -0.72403062970009724
    outer loop
      vertex 22.769105911254883 0.70516473054885864 0.62172400951385498
      vertex 22.918994903564453 0.49686208367347717 0.49103522300720215
      vertex 22.611335754394531 0.74529314041137695 0.60100299119949341
    endloop
  endfacet
  facet normal 0.30165123553678447 0.7422131740203376 -0.59843640966253664
    outer loop
      vertex 23.258634567260742 0.43824502825737 0.52977496385574341
      vertex 22.95335578918457 0.6573675274848938 0.64766198396682739
      vertex 23.197738647460938 0.62309080362319946 0.72833514213562012
    endloop
  endfacet
  facet normal 0.2244536321526181 0.74663303814894633 -0.62622653517554761
    outer loop
      vertex 23.258634567260742 0.43824502825737 0.52977496385574341
      vertex 23.197738647460938 0.62309080362319946 0.72833514213562012
      vertex 23.548236846923828 0.38251984119415283 0.5671352744102478
    endloop
  endfacet
  facet normal -0.21897440042651958 0.065878930875634664 -0.97350407211502177
    outer loop
      vertex 0.73957282304763794 8.4339957577916597e-35 1.1388946771621704
      vertex 1.1102230246251565e-15 0 1.3052499294281006
      vertex 5.5511151231257827e-16 1.1371870040893555 1.382205605506897
    endloop
  endfacet
  facet normal -0.21881878953812395 0.065986066661719564 -0.9735318055161758
    outer loop
      vertex 0.73957282304763794 8.4339957577916597e-35 1.1388946771621704
      vertex 5.5511151231257827e-16 1.1371870040893555 1.382205605506897
      vertex 0.69212800264358521 1.1620151996612549 1.2283202409744263
    endloop
  endfacet
  facet normal -0.21431857698154713 0.066129267690969107 -0.97452268701927136
    outer loop
      vertex 1.4233260154724121 3.2489238110650174e-34 0.98852258920669556
      vertex 0.73957282304763794 8.4339957577916597e-35 1.1388946771621704
      vertex 1.0353854894638062 1.1741385459899902 1.1535139083862305
    endloop
  endfacet
  facet normal -0.2115464936097903 0.067120743686140502 -0.97506045289942
    outer loop
      vertex 1.4233260154724121 3.2489238110650174e-34 0.98852258920669556
      vertex 1.0353854894638062 1.1741385459899902 1.1535139083862305
      vertex 1.3817224502563477 1.186220645904541 1.0792052745819092
    endloop
  endfacet
  facet normal 0.14612442414485344 0.68873540776097775 -0.71013462861957
    outer loop
      vertex 23.548236846923828 0.38251984119415283 0.5671352744102478
      vertex 23.898733139038086 0.14194890856742859 0.40593534708023071
      vertex 23.563915252685547 0.219122514128685 0.41188791394233704
    endloop
  endfacet
  facet normal 0.22121242012746131 0.68280326996046914 -0.69630794890812686
    outer loop
      vertex 23.548236846923828 0.38251984119415283 0.5671352744102478
      vertex 23.563915252685547 0.219122514128685 0.41188791394233704
      vertex 23.258634567260742 0.43824502825737 0.52977496385574341
    endloop
  endfacet
  facet normal -0.20210260463136762 0.0696459013926016 -0.97688483744012999
    outer loop
      vertex 2.6406605243682861 1.1998301144556821e-33 0.73221021890640259
      vertex 2.0555813312530518 7.029561828737861e-34 0.85325419902801514
      vertex 2.4228341579437256 1.2214162349700928 0.86435467004776001
    endloop
  endfacet
  facet normal -0.1944037111931543 0.07117590847391006 -0.97833592754597443
    outer loop
      vertex 2.6406605243682861 1.1998301144556821e-33 0.73221021890640259
      vertex 2.4228341579437256 1.2214162349700928 0.86435467004776001
      vertex 2.783576488494873 1.2331223487854004 0.79352372884750366
    endloop
  endfacet
  facet normal -0.18525053578310113 0.075369474518503607 -0.97979675509917807
    outer loop
      vertex 3.686577320098877 2.4752041080509277e-33 0.52927803993225098
      vertex 3.1828851699829102 1.7968130938799388e-33 0.62451130151748657
      vertex 3.6418335437774658 1.259626030921936 0.63463270664215088
    endloop
  endfacet
  facet normal -0.17312450981223065 0.075981536617707388 -0.9819647194250346
    outer loop
      vertex 3.686577320098877 2.4752041080509277e-33 0.52927803993225098
      vertex 3.6418335437774658 1.259626030921936 0.63463270664215088
      vertex 3.8148608207702637 1.2646949291229248 0.60451948642730713
    endloop
  endfacet
  facet normal -0.19432440692896299 0.071167530976950624 -0.9783522920739498
    outer loop
      vertex 3.1828851699829102 1.7968130938799388e-33 0.62451130151748657
      vertex 2.6406605243682861 1.1998301144556821e-33 0.73221021890640259
      vertex 2.783576488494873 1.2331223487854004 0.79352372884750366
    endloop
  endfacet
  facet normal -0.1886145274489465 0.073149556773329585 -0.9793230837568756
    outer loop
      vertex 3.1828851699829102 1.7968130938799388e-33 0.62451130151748657
      vertex 2.783576488494873 1.2331223487854004 0.79352372884750366
      vertex 3.1286468505859375 1.2440273761749268 0.72787880897521973
    endloop
  endfacet
  facet normal -0.20873430090122524 0.06748972848641463 -0.97564088074255406
    outer loop
      vertex 2.0555813312530518 7.029561828737861e-34 0.85325419902801514
      vertex 1.4233260154724121 3.2489238110650174e-34 0.98852258920669556
      vertex 1.7284071445465088 1.1981439590454102 1.0061330795288086
    endloop
  endfacet
  facet normal -0.20402641354811557 0.068889830723056225 -0.97653848556912604
    outer loop
      vertex 2.0555813312530518 7.029561828737861e-34 0.85325419902801514
      vertex 1.7284071445465088 1.1981439590454102 1.0061330795288086
      vertex 2.0754439830780029 1.2098850011825562 0.93445557355880737
    endloop
  endfacet
  facet normal -0.21881671105107231 0.065881217747674706 -0.97353937368391785
    outer loop
      vertex 0.69212800264358521 1.1620151996612549 1.2283202409744263
      vertex 5.5511151231257827e-16 1.1371870040893555 1.382205605506897
      vertex 0 2.2743740081787109 1.4591611623764038
    endloop
  endfacet
  facet normal -0.21798142628926823 0.066432061759087474 -0.97368931336609277
    outer loop
      vertex 0.69212800264358521 1.1620151996612549 1.2283202409744263
      vertex 0 2.2743740081787109 1.4591611623764038
      vertex 0.84353500604629517 2.3310818672180176 1.2741866111755371
    endloop
  endfacet
  facet normal -0.21155808389469166 0.067725753301911995 -0.97501610216370027
    outer loop
      vertex 1.6223541498184204 2.3821916580200195 1.1100667715072632
      vertex 1.3817224502563477 1.186220645904541 1.0792052745819092
      vertex 1.0353854894638062 1.1741385459899902 1.1535139083862305
    endloop
  endfacet
  facet normal -0.21469403873499654 0.066036010467511105 -0.97444636335366897
    outer loop
      vertex 1.0353854894638062 1.1741385459899902 1.1535139083862305
      vertex 0.69212800264358521 1.1620151996612549 1.2283202409744263
      vertex 0.84353500604629517 2.3310818672180176 1.2741866111755371
    endloop
  endfacet
  facet normal -0.21469771462590492 0.066223668733938507 -0.97443281812233273
    outer loop
      vertex 0.73957282304763794 8.4339957577916597e-35 1.1388946771621704
      vertex 0.69212800264358521 1.1620151996612549 1.2283202409744263
      vertex 1.0353854894638062 1.1741385459899902 1.1535139083862305
    endloop
  endfacet
  facet normal -0.20403794897396987 0.069516719423110745 -0.97649164927261123
    outer loop
      vertex 2.3418281078338623 2.4280068874359131 0.96551305055618286
      vertex 2.0754439830780029 1.2098850011825562 0.93445557355880737
      vertex 1.7284071445465088 1.1981439590454102 1.0061330795288086
    endloop
  endfacet
  facet normal -0.19440749885277708 0.071392815017099889 -0.97831937032532557
    outer loop
      vertex 3.0073275566101074 2.4688305854797363 0.83923661708831787
      vertex 2.783576488494873 1.2331223487854004 0.79352372884750366
      vertex 2.4228341579437256 1.2214162349700928 0.86435467004776001
    endloop
  endfacet
  facet normal -0.19952652965437373 0.06855563079147424 -0.9774913244887985
    outer loop
      vertex 2.4228341579437256 1.2214162349700928 0.86435467004776001
      vertex 2.0754439830780029 1.2098850011825562 0.93445557355880737
      vertex 2.3418281078338623 2.4280068874359131 0.96551305055618286
    endloop
  endfacet
  facet normal -0.19953242205601279 0.068878399106293717 -0.97746743100985989
    outer loop
      vertex 2.0555813312530518 7.029561828737861e-34 0.85325419902801514
      vertex 2.0754439830780029 1.2098850011825562 0.93445557355880737
      vertex 2.4228341579437256 1.2214162349700928 0.86435467004776001
    endloop
  endfacet
  facet normal -0.20798560282087056 0.067028032091858342 -0.97583258396772743
    outer loop
      vertex 1.7284071445465088 1.1981439590454102 1.0061330795288086
      vertex 1.3817224502563477 1.186220645904541 1.0792052745819092
      vertex 1.6223541498184204 2.3821916580200195 1.1100667715072632
    endloop
  endfacet
  facet normal -0.20799083438729127 0.067302944187111108 -0.97581254681143803
    outer loop
      vertex 1.4233260154724121 3.2489238110650174e-34 0.98852258920669556
      vertex 1.3817224502563477 1.186220645904541 1.0792052745819092
      vertex 1.7284071445465088 1.1981439590454102 1.0061330795288086
    endloop
  endfacet
  facet normal -0.17486627896967299 0.078417559203969492 -0.98146445217735334
    outer loop
      vertex 4.1560583114624023 3.2163016846955392e-33 0.44563120603561401
      vertex 3.686577320098877 2.4752041080509277e-33 0.52927803993225098
      vertex 4.1651935577392578 1.274622917175293 0.54584407806396484
    endloop
  endfacet
  facet normal -0.15993659734198601 0.078509925713295903 -0.9840002420706816
    outer loop
      vertex 4.1560583114624023 3.2163016846955392e-33 0.44563120603561401
      vertex 4.1651935577392578 1.274622917175293 0.54584407806396484
      vertex 4.3424601554870605 1.279460072517395 0.51741760969161987
    endloop
  endfacet
  facet normal -0.16316255387695863 0.080074052736586659 -0.98334435834588829
    outer loop
      vertex 4.5956506729125977 4.0014051780601292e-33 0.37269133329391479
      vertex 4.1560583114624023 3.2163016846955392e-33 0.44563120603561401
      vertex 4.5156574249267578 1.2840543985366821 0.49052527546882629
    endloop
  endfacet
  facet normal -0.14980007069353654 0.081093770988253003 -0.98538507149596921
    outer loop
      vertex 4.5956506729125977 4.0014051780601292e-33 0.37269133329391479
      vertex 4.5156574249267578 1.2840543985366821 0.49052527546882629
      vertex 4.6928834915161133 1.2886123657226562 0.46395814418792725
    endloop
  endfacet
  facet normal -0.15016851983344529 0.083537271232047183 -0.98512483471189338
    outer loop
      vertex 5.0096750259399414 4.8118126566941075e-33 0.30957910418510437
      vertex 4.5956506729125977 4.0014051780601292e-33 0.37269133329391479
      vertex 5.0432038307189941 1.2971607446670532 0.41446560621261597
    endloop
  endfacet
  facet normal -0.1324704585926598 0.083286550215974184 -0.98768159249495624
    outer loop
      vertex 5.0096750259399414 4.8118126566941075e-33 0.30957910418510437
      vertex 5.0432038307189941 1.2971607446670532 0.41446560621261597
      vertex 5.2164907455444336 1.3011455535888672 0.39155992865562439
    endloop
  endfacet
  facet normal -0.12124471655199437 0.089043140928722286 -0.98862077550584293
    outer loop
      vertex 5.4024538993835449 5.6288238421858146e-33 0.25541520118713379
      vertex 5.9299635887145996 1.3156553506851196 0.30921977758407593
      vertex 5.7783088684082031 6.4337369867556526e-33 0.20932024717330933
    endloop
  endfacet
  facet normal -0.091055113823819409 0.091626603472328635 -0.99162166766496984
    outer loop
      vertex 6.4965333938598633 7.9324658354311757e-33 0.1378198117017746
      vertex 6.1415615081787109 7.2078514446499774e-33 0.17041490972042084
      vertex 6.6258158683776855 1.3265833854675293 0.24852584302425385
    endloop
  endfacet
  facet normal -0.067580869308525304 0.089511551356154836 -0.99369034828628511
    outer loop
      vertex 6.4965333938598633 7.9324658354311757e-33 0.1378198117017746
      vertex 6.6258158683776855 1.3265833854675293 0.24852584302425385
      vertex 6.9647116661071777 1.3307199478149414 0.22585016489028931
    endloop
  endfacet
  facet normal -0.10599185889009866 0.096961721742457832 -0.98962828898822397
    outer loop
      vertex 6.6258158683776855 1.3265833854675293 0.24852584302425385
      vertex 6.1415615081787109 7.2078514446499774e-33 0.17041490972042084
      vertex 5.7783088684082031 6.4337369867556526e-33 0.20932024717330933
    endloop
  endfacet
  facet normal -0.1360837860895025 0.087394795374902245 -0.98683501807795893
    outer loop
      vertex 5.4024538993835449 5.6288238421858146e-33 0.25541520118713379
      vertex 5.0096750259399414 4.8118126566941075e-33 0.30957910418510437
      vertex 5.5665469169616699 1.3086615800857544 0.34868288040161133
    endloop
  endfacet
  facet normal -0.11273768908378493 0.08469361532480689 -0.99000868934735164
    outer loop
      vertex 5.4024538993835449 5.6288238421858146e-33 0.25541520118713379
      vertex 5.5665469169616699 1.3086615800857544 0.34868288040161133
      vertex 5.749882698059082 1.3122963905334473 0.32811638712882996
    endloop
  endfacet
  facet normal -0.063938636128979223 0.093767259350957061 -0.99353890305502202
    outer loop
      vertex 7.1989235877990723 9.1583896285877086e-33 0.088042974472045898
      vertex 6.8475470542907715 8.5888787786616341e-33 0.11065561324357986
      vertex 7.3018932342529297 1.3341062068939209 0.20732541382312775
    endloop
  endfacet
  facet normal -0.045082155978490128 0.092415631611171375 -0.99469942708651415
    outer loop
      vertex 7.1989235877990723 9.1583896285877086e-33 0.088042974472045898
      vertex 7.3018932342529297 1.3341062068939209 0.20732541382312775
      vertex 7.6405901908874512 1.3368432521820068 0.19222915172576904
    endloop
  endfacet
  facet normal -0.043748950138163059 0.099926127231348638 -0.99403259426356472
    outer loop
      vertex 7.9193973541259766 9.966410486347533e-33 0.053064148873090744
      vertex 7.5549845695495605 9.6222962700878166e-33 0.069102533161640167
      vertex 8.3408660888671875 1.3407927751541138 0.16929918527603149
    endloop
  endfacet
  facet normal -0.024829046439865041 0.094084720549546363 -0.99525453217355442
    outer loop
      vertex 7.9193973541259766 9.966410486347533e-33 0.053064148873090744
      vertex 8.3408660888671875 1.3407927751541138 0.16929918527603149
      vertex 8.6640205383300781 1.3419620990753174 0.16134785115718842
    endloop
  endfacet
  facet normal -0.052879317621622131 0.094943170484155071 -0.99407724656904228
    outer loop
      vertex 7.5549845695495605 9.6222962700878166e-33 0.069102533161640167
      vertex 7.1989235877990723 9.1583896285877086e-33 0.088042974472045898
      vertex 7.6405901908874512 1.3368432521820068 0.19222915172576904
    endloop
  endfacet
  facet normal -0.036491636170116644 0.093970106409390131 -0.99490601545625212
    outer loop
      vertex 7.5549845695495605 9.6222962700878166e-33 0.069102533161640167
      vertex 7.6405901908874512 1.3368432521820068 0.19222915172576904
      vertex 7.984032154083252 1.3390321731567383 0.17983897030353546
    endloop
  endfacet
  facet normal -0.028843370398765937 0.10030731771854348 -0.99453833611186193
    outer loop
      vertex 8.6768131256103516 1.0315196557967799e-32 0.028469249606132507
      vertex 8.2932090759277344 1.0194587898837555e-32 0.039594445377588272
      vertex 9.0062141418457031 1.3427193164825439 0.15434025228023529
    endloop
  endfacet
  facet normal -0.016799512222032971 0.097405603418233108 -0.99510297196412356
    outer loop
      vertex 8.6768131256103516 1.0315196557967799e-32 0.028469249606132507
      vertex 9.0062141418457031 1.3427193164825439 0.15434025228023529
      vertex 9.3470172882080078 1.3429408073425293 0.14860843122005463
    endloop
  endfacet
  facet normal -0.015225709038828642 0.10041267520479154 -0.99482936850621873
    outer loop
      vertex 9.8903017044067383 1.011529272335093e-32 0.0069190091453492641
      vertex 9.0706014633178711 1.033660524883215e-32 0.019464394077658653
      vertex 10.029012680053711 1.341626763343811 0.14021258056163788
    endloop
  endfacet
  facet normal -0.0080860181261947755 0.099690031990541689 -0.99498568524003783
    outer loop
      vertex 9.8903017044067383 1.011529272335093e-32 0.0069190091453492641
      vertex 10.029012680053711 1.341626763343811 0.14021258056163788
      vertex 10.376811027526855 1.3399721384048462 0.13722032308578491
    endloop
  endfacet
  facet normal -0.022745903273572704 0.10033656266109647 -0.99469351967207731
    outer loop
      vertex 9.0706014633178711 1.033660524883215e-32 0.019464394077658653
      vertex 8.6768131256103516 1.0315196557967799e-32 0.028469249606132507
      vertex 9.3470172882080078 1.3429408073425293 0.14860843122005463
    endloop
  endfacet
  facet normal -0.013509836277540972 0.098469636663251175 -0.99504834806111864
    outer loop
      vertex 9.0706014633178711 1.033660524883215e-32 0.019464394077658653
      vertex 9.3470172882080078 1.3429408073425293 0.14860843122005463
      vertex 9.6855640411376953 1.3425946235656738 0.14397770166397095
    endloop
  endfacet
  facet normal -0.035829104861967491 0.10011384755858879 -0.99433067576727496
    outer loop
      vertex 8.2932090759277344 1.0194587898837555e-32 0.039594445377588272
      vertex 7.9193973541259766 9.966410486347533e-33 0.053064148873090744
      vertex 8.6640205383300781 1.3419620990753174 0.16134785115718842
    endloop
  endfacet
  facet normal -0.020591944156697094 0.095979684572744695 -0.99517027286046078
    outer loop
      vertex 8.2932090759277344 1.0194587898837555e-32 0.039594445377588272
      vertex 8.6640205383300781 1.3419620990753174 0.16134785115718842
      vertex 9.0062141418457031 1.3427193164825439 0.15434025228023529
    endloop
  endfacet
  facet normal -0.076824936833400095 0.092700026416039402 -0.99272586053905632
    outer loop
      vertex 6.8475470542907715 8.5888787786616341e-33 0.11065561324357986
      vertex 6.4965333938598633 7.9324658354311757e-33 0.1378198117017746
      vertex 6.9647116661071777 1.3307199478149414 0.22585016489028931
    endloop
  endfacet
  facet normal -0.055540588562551695 0.09096266236149135 -0.99430429802864406
    outer loop
      vertex 6.8475470542907715 8.5888787786616341e-33 0.11065561324357986
      vertex 6.9647116661071777 1.3307199478149414 0.22585016489028931
      vertex 7.3018932342529297 1.3341062068939209 0.20732541382312775
    endloop
  endfacet
  facet normal -0.1822740512208165 0.073523372412014787 -0.98049501985513177
    outer loop
      vertex 3.1828851699829102 1.7968130938799388e-33 0.62451130151748657
      vertex 3.1286468505859375 1.2440273761749268 0.72787880897521973
      vertex 3.464747428894043 1.254334568977356 0.66617059707641602
    endloop
  endfacet
  facet normal -0.18227958417483991 0.073862591469004743 -0.98046849555430904
    outer loop
      vertex 3.5770597457885742 1.8815019130706787 0.69253754615783691
      vertex 3.464747428894043 1.254334568977356 0.66617059707641602
      vertex 3.1286468505859375 1.2440273761749268 0.72787880897521973
    endloop
  endfacet
  facet normal -0.17697044301579526 0.072366703478905628 -0.98155209873260896
    outer loop
      vertex 3.1828851699829102 1.7968130938799388e-33 0.62451130151748657
      vertex 3.464747428894043 1.254334568977356 0.66617059707641602
      vertex 3.6418335437774658 1.259626030921936 0.63463270664215088
    endloop
  endfacet
  facet normal -0.16896997949226308 0.075604890978517386 -0.98271717522922664
    outer loop
      vertex 3.686577320098877 2.4752041080509277e-33 0.52927803993225098
      vertex 3.8148608207702637 1.2646949291229248 0.60451948642730713
      vertex 3.9920728206634521 1.2697755098342896 0.57444024085998535
    endloop
  endfacet
  facet normal -0.16455054277752257 0.074571088476874117 -0.98354576489098722
    outer loop
      vertex 3.686577320098877 2.4752041080509277e-33 0.52927803993225098
      vertex 3.9920728206634521 1.2697755098342896 0.57444024085998535
      vertex 4.1651935577392578 1.274622917175293 0.54584407806396484
    endloop
  endfacet
  facet normal -0.13848501062746771 0.079571794803168144 -0.98716271774379349
    outer loop
      vertex 4.5956506729125977 4.0014051780601292e-33 0.37269133329391479
      vertex 4.8661370277404785 1.2929195165634155 0.43896371126174927
      vertex 5.0432038307189941 1.2971607446670532 0.41446560621261597
    endloop
  endfacet
  facet normal -0.1442866752021138 0.080738068519949663 -0.9862366448529416
    outer loop
      vertex 4.5956506729125977 4.0014051780601292e-33 0.37269133329391479
      vertex 4.6928834915161133 1.2886123657226562 0.46395814418792725
      vertex 4.8661370277404785 1.2929195165634155 0.43896371126174927
    endloop
  endfacet
  facet normal -0.126146162334656 0.08233846077177466 -0.98858865237568538
    outer loop
      vertex 5.0096750259399414 4.8118126566941075e-33 0.30957910418510437
      vertex 5.2164907455444336 1.3011455535888672 0.39155992865562439
      vertex 5.3932533264160156 1.3050327301025391 0.36932837963104248
    endloop
  endfacet
  facet normal -0.11957688094841966 0.08045207031084084 -0.9895599193203749
    outer loop
      vertex 5.0096750259399414 4.8118126566941075e-33 0.30957910418510437
      vertex 5.3932533264160156 1.3050327301025391 0.36932837963104248
      vertex 5.5665469169616699 1.3086615800857544 0.34868288040161133
    endloop
  endfacet
  facet normal -0.15498176400437161 0.077835537423266918 -0.98484632402224259
    outer loop
      vertex 4.1560583114624023 3.2163016846955392e-33 0.44563120603561401
      vertex 4.3424601554870605 1.279460072517395 0.51741760969161987
      vertex 4.5156574249267578 1.2840543985366821 0.49052527546882629
    endloop
  endfacet
  facet normal -0.087906804097786978 0.085491313663362045 -0.99245333849074546
    outer loop
      vertex 5.7783088684082031 6.4337369867556526e-33 0.20932024717330933
      vertex 5.9299635887145996 1.3156553506851196 0.30921977758407593
      vertex 6.6258158683776855 1.3265833854675293 0.24852584302425385
    endloop
  endfacet
  facet normal -0.087877864179197671 0.081996898965651738 -0.99275071873422449
    outer loop
      vertex 6.6258158683776855 1.3265833854675293 0.24852584302425385
      vertex 5.9299635887145996 1.3156553506851196 0.30921977758407593
      vertex 6.6056671142578125 2.6403136253356934 0.35881781578063965
    endloop
  endfacet
  facet normal -0.063882095158943178 0.082515161176498236 -0.99454025865930651
    outer loop
      vertex 6.6258158683776855 1.3265833854675293 0.24852584302425385
      vertex 6.6056671142578125 2.6403136253356934 0.35881781578063965
      vertex 7.032712459564209 2.6521251201629639 0.33236747980117798
    endloop
  endfacet
  facet normal -0.067543446257185377 0.083617941499473533 -0.99420617717206605
    outer loop
      vertex 6.9647116661071777 1.3307199478149414 0.22585016489028931
      vertex 6.6258158683776855 1.3265833854675293 0.24852584302425385
      vertex 7.032712459564209 2.6521251201629639 0.33236747980117798
    endloop
  endfacet
  facet normal -0.048575575141926244 0.082737010223915816 -0.99538685978811237
    outer loop
      vertex 6.9647116661071777 1.3307199478149414 0.22585016489028931
      vertex 7.032712459564209 2.6521251201629639 0.33236747980117798
      vertex 7.4541182518005371 2.6616747379302979 0.31259635090827942
    endloop
  endfacet
  facet normal -0.045060604590964753 0.087096922329662763 -0.99518021887223895
    outer loop
      vertex 7.6405901908874512 1.3368432521820068 0.19222915172576904
      vertex 7.3018932342529297 1.3341062068939209 0.20732541382312775
      vertex 7.8752560615539551 2.6692659854888916 0.29821571707725525
    endloop
  endfacet
  facet normal -0.025188289817788683 0.083676114797924847 -0.99617461213804259
    outer loop
      vertex 7.6405901908874512 1.3368432521820068 0.19222915172576904
      vertex 7.8752560615539551 2.6692659854888916 0.29821571707725525
      vertex 8.3014955520629883 2.6752021312713623 0.28793686628341675
    endloop
  endfacet
  facet normal -0.029852113886627774 0.091877162026134093 -0.99532278100851446
    outer loop
      vertex 7.5549845695495605 9.6222962700878166e-33 0.069102533161640167
      vertex 7.984032154083252 1.3390321731567383 0.17983897030353546
      vertex 8.3408660888671875 1.3407927751541138 0.16929918527603149
    endloop
  endfacet
  facet normal -0.029851278404351301 0.091499308158731141 -0.99535761301358383
    outer loop
      vertex 8.7382078170776367 2.6797866821289062 0.28047114610671997
      vertex 8.3408660888671875 1.3407927751541138 0.16929918527603149
      vertex 7.984032154083252 1.3390321731567383 0.17983897030353546
    endloop
  endfacet
  facet normal -0.036477064452723723 0.089191480054358965 -0.9953463234747113
    outer loop
      vertex 7.984032154083252 1.3390321731567383 0.17983897030353546
      vertex 7.6405901908874512 1.3368432521820068 0.19222915172576904
      vertex 8.3014955520629883 2.6752021312713623 0.28793686628341675
    endloop
  endfacet
  facet normal -0.017921663973124263 0.084854529464693657 -0.9962321630974178
    outer loop
      vertex 7.984032154083252 1.3390321731567383 0.17983897030353546
      vertex 8.3014955520629883 2.6752021312713623 0.28793686628341675
      vertex 8.7382078170776367 2.6797866821289062 0.28047114610671997
    endloop
  endfacet
  facet normal -0.055511110469811241 0.085249817452874646 -0.99481203512958172
    outer loop
      vertex 7.3018932342529297 1.3341062068939209 0.20732541382312775
      vertex 6.9647116661071777 1.3307199478149414 0.22585016489028931
      vertex 7.4541182518005371 2.6616747379302979 0.31259635090827942
    endloop
  endfacet
  facet normal -0.03550444684164384 0.083043087935649657 -0.99591328929810974
    outer loop
      vertex 7.3018932342529297 1.3341062068939209 0.20732541382312775
      vertex 7.4541182518005371 2.6616747379302979 0.31259635090827942
      vertex 7.8752560615539551 2.6692659854888916 0.29821571707725525
    endloop
  endfacet
  facet normal -0.0205909010389373 0.092210968219785416 -0.99552657028045943
    outer loop
      vertex 9.0062141418457031 1.3427193164825439 0.15434025228023529
      vertex 8.6640205383300781 1.3419620990753174 0.16134785115718842
      vertex 9.1894111633300781 2.6832258701324463 0.27471596002578735
    endloop
  endfacet
  facet normal -0.0098562980913726034 0.090770574094111475 -0.99582305469724852
    outer loop
      vertex 9.0062141418457031 1.3427193164825439 0.15434025228023529
      vertex 9.1894111633300781 2.6832258701324463 0.27471596002578735
      vertex 9.6537103652954102 2.6853387355804443 0.2703130841255188
    endloop
  endfacet
  facet normal -0.013516411212225583 0.095679338469141353 -0.9953204362505822
    outer loop
      vertex 9.6855640411376953 1.3425946235656738 0.14397770166397095
      vertex 9.3470172882080078 1.3429408073425293 0.14860843122005463
      vertex 10.128357887268066 2.6858475208282471 0.26709038019180298
    endloop
  endfacet
  facet normal -0.0043085454734447005 0.09267761293147149 -0.99568684660249862
    outer loop
      vertex 9.6855640411376953 1.3425946235656738 0.14397770166397095
      vertex 10.128357887268066 2.6858475208282471 0.26709038019180298
      vertex 10.610607147216797 2.684473991394043 0.26487573981285095
    endloop
  endfacet
  facet normal -0.016802724932672493 0.094085962806949627 -0.99542227222296287
    outer loop
      vertex 9.3470172882080078 1.3429408073425293 0.14860843122005463
      vertex 9.0062141418457031 1.3427193164825439 0.15434025228023529
      vertex 9.6537103652954102 2.6853387355804443 0.2703130841255188
    endloop
  endfacet
  facet normal -0.0068592701838900956 0.091843909178965885 -0.99574979124239349
    outer loop
      vertex 9.3470172882080078 1.3429408073425293 0.14860843122005463
      vertex 9.6537103652954102 2.6853387355804443 0.2703130841255188
      vertex 10.128357887268066 2.6858475208282471 0.26709038019180298
    endloop
  endfacet
  facet normal -0.008095147528953836 0.098063246864653036 -0.99514725955551242
    outer loop
      vertex 11.097709655761719 2.6809406280517578 0.26349705457687378
      vertex 10.376811027526855 1.3399721384048462 0.13722032308578491
      vertex 10.029012680053711 1.341626763343811 0.14021258056163788
    endloop
  endfacet
  facet normal -0.0039499607536797338 0.097704561864408471 -0.99520762477029312
    outer loop
      vertex 9.8903017044067383 1.011529272335093e-32 0.0069190091453492641
      vertex 10.728408813476562 1.3375657796859741 0.13490816950798035
      vertex 11.083253860473633 1.3343425989151001 0.13318336009979248
    endloop
  endfacet
  facet normal -0.0039500884716387177 0.097691202710908379 -0.99520893570845848
    outer loop
      vertex 11.083253860473633 1.3343425989151001 0.13318336009979248
      vertex 10.728408813476562 1.3375657796859741 0.13490816950798035
      vertex 11.586918830871582 2.674968957901001 0.26278215646743774
    endloop
  endfacet
  facet normal 0.0012480019955279737 0.0957571638470643 -0.99540394215764771
    outer loop
      vertex 11.083253860473633 1.3343425989151001 0.13318336009979248
      vertex 11.586918830871582 2.674968957901001 0.26278215646743774
      vertex 12.075486183166504 2.6662817001342773 0.26255899667739868
    endloop
  endfacet
  facet normal -0.0058819879023598864 0.096885785612922423 -0.99527812533205151
    outer loop
      vertex 10.728408813476562 1.3375657796859741 0.13490816950798035
      vertex 10.376811027526855 1.3399721384048462 0.13722032308578491
      vertex 11.097709655761719 2.6809406280517578 0.26349705457687378
    endloop
  endfacet
  facet normal -0.00029058148676971258 0.095364401736089163 -0.99544238730522072
    outer loop
      vertex 10.728408813476562 1.3375657796859741 0.13490816950798035
      vertex 11.097709655761719 2.6809406280517578 0.26349705457687378
      vertex 11.586918830871582 2.674968957901001 0.26278215646743774
    endloop
  endfacet
  facet normal -0.0058669482115820404 0.098893586202922698 -0.99508071910102225
    outer loop
      vertex 9.8903017044067383 1.011529272335093e-32 0.0069190091453492641
      vertex 10.376811027526855 1.3399721384048462 0.13722032308578491
      vertex 10.728408813476562 1.3375657796859741 0.13490816950798035
    endloop
  endfacet
  facet normal -0.010637023609951437 0.096998865018004532 -0.9952276492913269
    outer loop
      vertex 10.029012680053711 1.341626763343811 0.14021258056163788
      vertex 9.6855640411376953 1.3425946235656738 0.14397770166397095
      vertex 10.610607147216797 2.684473991394043 0.26487573981285095
    endloop
  endfacet
  facet normal -0.01063636398583895 0.097168564214231312 -0.99521110217365716
    outer loop
      vertex 9.0706014633178711 1.033660524883215e-32 0.019464394077658653
      vertex 9.6855640411376953 1.3425946235656738 0.14397770166397095
      vertex 10.029012680053711 1.341626763343811 0.14021258056163788
    endloop
  endfacet
  facet normal -0.024828742405112361 0.093849867555525837 -0.99527671323626909
    outer loop
      vertex 8.6640205383300781 1.3419620990753174 0.16134785115718842
      vertex 8.3408660888671875 1.3407927751541138 0.16929918527603149
      vertex 9.1894111633300781 2.6832258701324463 0.27471596002578735
    endloop
  endfacet
  facet normal -0.10553051378241357 0.082838211207395679 -0.99095970726603144
    outer loop
      vertex 5.4024538993835449 5.6288238421858146e-33 0.25541520118713379
      vertex 5.749882698059082 1.3122963905334473 0.32811638712882996
      vertex 5.9299635887145996 1.3156553506851196 0.30921977758407593
    endloop
  endfacet
  facet normal -0.18856734175765127 0.070380304288367834 -0.97953507869332068
    outer loop
      vertex 3.1286468505859375 1.2440273761749268 0.72787880897521973
      vertex 2.783576488494873 1.2331223487854004 0.79352372884750366
      vertex 3.0073275566101074 2.4688305854797363 0.83923661708831787
    endloop
  endfacet
  facet normal -0.18119609700537376 0.071231260613401542 -0.98086394670282628
    outer loop
      vertex 3.1286468505859375 1.2440273761749268 0.72787880897521973
      vertex 3.0073275566101074 2.4688305854797363 0.83923661708831787
      vertex 3.3215150833129883 2.4874653816223145 0.78254967927932739
    endloop
  endfacet
  facet normal -0.0077666065148099738 0.10108272810342077 -0.99484770789423527
    outer loop
      vertex 10.755453109741211 9.5975961950411633e-33 0.00016491956193931401
      vertex 9.8903017044067383 1.011529272335093e-32 0.0069190091453492641
      vertex 11.083253860473633 1.3343425989151001 0.13318336009979248
    endloop
  endfacet
  facet normal -0.0022783683222356321 0.099750626900402151 -0.99500985998670632
    outer loop
      vertex 10.755453109741211 9.5975961950411633e-33 0.00016491956193931401
      vertex 11.083253860473633 1.3343425989151001 0.13318336009979248
      vertex 11.4407958984375 1.3302376270294189 0.13195313513278961
    endloop
  endfacet
  facet normal -0.00037898705537791266 0.10227062764583476 -0.99475654061169105
    outer loop
      vertex 12.863649368286133 7.7163849944950843e-33 -0.003146470757201314
      vertex 11.777191162109375 8.7531666038165263e-33 -0.0027325467672199011
      vertex 12.92507266998291 1.3028059005737305 0.1307712197303772
    endloop
  endfacet
  facet normal 0.0043235306141797521 0.10205028603146821 -0.99476984584572303
    outer loop
      vertex 12.863649368286133 7.7163849944950843e-33 -0.003146470757201314
      vertex 12.92507266998291 1.3028059005737305 0.1307712197303772
      vertex 13.308396339416504 1.2926983833312988 0.13140034675598145
    endloop
  endfacet
  facet normal 0.00043481010786634985 0.10700306852622105 -0.99425859526892846
    outer loop
      vertex 13.948142051696777 6.642232215709094e-33 -0.0026721993926912546
      vertex 12.863649368286133 7.7163849944950843e-33 -0.003146470757201314
      vertex 14.090237617492676 1.2678436040878296 0.13383649289608002
    endloop
  endfacet
  facet normal 0.0088463239287072601 0.10606690795565439 -0.99431964357025304
    outer loop
      vertex 13.948142051696777 6.642232215709094e-33 -0.0026721993926912546
      vertex 14.090237617492676 1.2678436040878296 0.13383649289608002
      vertex 14.495253562927246 1.2526247501373291 0.13581642508506775
    endloop
  endfacet
  facet normal 0.0074563910795604716 0.12168723071948023 -0.99254048789552796
    outer loop
      vertex 16.290861129760742 4.4006034269413627e-33 0.0096588525921106339
      vertex 15.091361999511719 5.5226844164882394e-33 0.00064769916934892535
      vertex 16.160867691040039 1.1719412803649902 0.15236437320709229
    endloop
  endfacet
  facet normal 0.02298853007099004 0.12335597558773669 -0.99209618020228918
    outer loop
      vertex 16.290861129760742 4.4006034269413627e-33 0.0096588525921106339
      vertex 16.160867691040039 1.1719412803649902 0.15236437320709229
      vertex 16.374067306518555 1.1594052314758301 0.15574584901332855
    endloop
  endfacet
  facet normal 0.015656722245808472 0.14323614549498118 -0.98956468897806682
    outer loop
      vertex 17.544187545776367 3.3188499751513524e-33 0.027206888422369957
      vertex 16.91094970703125 3.8520071929103091e-33 0.017187908291816711
      vertex 17.675304412841797 1.0713894367218018 0.18436139822006226
    endloop
  endfacet
  facet normal 0.039278795924476792 0.14031056981693824 -0.98932811553516942
    outer loop
      vertex 17.544187545776367 3.3188499751513524e-33 0.027206888422369957
      vertex 17.675304412841797 1.0713894367218018 0.18436139822006226
      vertex 17.895381927490234 1.0544971227645874 0.19070328772068024
    endloop
  endfacet
  facet normal 0.012033756924218125 0.13262594337543027 -0.99109310755249735
    outer loop
      vertex 16.91094970703125 3.8520071929103091e-33 0.017187908291816711
      vertex 16.290861129760742 4.4006034269413627e-33 0.0096588525921106339
      vertex 17.020364761352539 1.1181938648223877 0.16815070807933807
    endloop
  endfacet
  facet normal 0.031578117162048003 0.13069019159491879 -0.99092022703009919
    outer loop
      vertex 16.91094970703125 3.8520071929103091e-33 0.017187908291816711
      vertex 17.020364761352539 1.1181938648223877 0.16815070807933807
      vertex 17.237796783447266 1.1032253503799438 0.17310555279254913
    endloop
  endfacet
  facet normal 0.0028859265370786932 0.11132379681857836 -0.99377999763021918
    outer loop
      vertex 15.091361999511719 5.5226844164882394e-33 0.00064769916934892535
      vertex 13.948142051696777 6.642232215709094e-33 -0.0026721993926912546
      vertex 14.906634330749512 1.2354564666748047 0.13850778341293335
    endloop
  endfacet
  facet normal 0.0137040452073822 0.11291127634041816 -0.99351056502693114
    outer loop
      vertex 15.091361999511719 5.5226844164882394e-33 0.00064769916934892535
      vertex 14.906634330749512 1.2354564666748047 0.13850778341293335
      vertex 15.32135009765625 1.216350793838501 0.14205685257911682
    endloop
  endfacet
  facet normal 0.024040797791530465 0.16765817088707458 -0.98555201677859072
    outer loop
      vertex 18.848896026611328 2.3202851565430815e-33 0.056137431412935257
      vertex 18.190273284912109 2.8064903748653113e-33 0.040071494877338409
      vertex 18.784605026245117 0.98014438152313232 0.2213074117898941
    endloop
  endfacet
  facet normal 0.055065070824898109 0.16943201523301721 -0.98400235273556513
    outer loop
      vertex 18.848896026611328 2.3202851565430815e-33 0.056137431412935257
      vertex 18.784605026245117 0.98014438152313232 0.2213074117898941
      vertex 19.009151458740234 0.95979821681976318 0.23036976158618927
    endloop
  endfacet
  facet normal 0.033775507782328053 0.19688412873283095 -0.97984481165496795
    outer loop
      vertex 19.519752502441406 1.8655925540434971e-33 0.075760401785373688
      vertex 19.688209533691406 0.89434236288070679 0.26127094030380249
      vertex 20.202535629272461 1.4477697910349345e-33 0.099296115338802338
    endloop
  endfacet
  facet normal 0.028756384986821711 0.18077874799589927 -0.98310330820088532
    outer loop
      vertex 19.519752502441406 1.8655925540434971e-33 0.075760401785373688
      vertex 18.848896026611328 2.3202851565430815e-33 0.056137431412935257
      vertex 19.234598159790039 0.9387241005897522 0.24003750085830688
    endloop
  endfacet
  facet normal 0.062915030176196485 0.19055227571294811 -0.97965888410126967
    outer loop
      vertex 19.519752502441406 1.8655925540434971e-33 0.075760401785373688
      vertex 19.234598159790039 0.9387241005897522 0.24003750085830688
      vertex 19.46095085144043 0.91690963506698608 0.25033107399940491
    endloop
  endfacet
  facet normal 0.044546835249068675 0.24123880264490488 -0.96944283976299739
    outer loop
      vertex 21.602653503417969 7.4416488221628839e-34 0.15952855348587036
      vertex 20.896938323974609 1.0721747340342433e-33 0.12710025906562805
      vertex 20.606376647949219 0.79629820585250854 0.31190168857574463
    endloop
  endfacet
  facet normal 0.095614930960214312 0.30117480745043285 -0.9487631529178755
    outer loop
      vertex 21.602653503417969 7.4416488221628839e-34 0.15952855348587036
      vertex 20.606376647949219 0.79629820585250854 0.31190168857574463
      vertex 21.070978164672852 0.74243748188018799 0.34162601828575134
    endloop
  endfacet
  facet normal 0.083653184269958811 0.35939391276745486 -0.92942894307590562
    outer loop
      vertex 22.011322021484375 0.62454307079315186 0.41070985794067383
      vertex 22.777135848999023 0.27874720096588135 0.34592366218566895
      vertex 22.319379806518555 4.690979184269269e-34 0.19693669676780701
    endloop
  endfacet
  facet normal 0.049669235192593815 0.30316009467591287 -0.95164432645367802
    outer loop
      vertex 22.319379806518555 4.690979184269269e-34 0.19693669676780701
      vertex 21.602653503417969 7.4416488221628839e-34 0.15952855348587036
      vertex 21.539285659790039 0.68521881103515625 0.37450757622718811
    endloop
  endfacet
  facet normal 0.11856068082408718 0.37340551138058264 -0.92006069855914097
    outer loop
      vertex 22.319379806518555 4.690979184269269e-34 0.19693669676780701
      vertex 21.539285659790039 0.68521881103515625 0.37450757622718811
      vertex 22.011322021484375 0.62454307079315186 0.41070985794067383
    endloop
  endfacet
  facet normal 0.038845650762329299 0.23932540133824493 -0.97016203166849357
    outer loop
      vertex 20.202535629272461 1.4477697910349345e-33 0.099296115338802338
      vertex 20.606376647949219 0.79629820585250854 0.31190168857574463
      vertex 20.896938323974609 1.0721747340342433e-33 0.12710025906562805
    endloop
  endfacet
  facet normal 0.019677911838046024 0.15148749953661439 -0.98826328337636771
    outer loop
      vertex 18.190273284912109 2.8064903748653113e-33 0.040071494877338409
      vertex 17.544187545776367 3.3188499751513524e-33 0.027206888422369957
      vertex 18.116350173950195 1.0369390249252319 0.19754840433597565
    endloop
  endfacet
  facet normal 0.045376618863814472 0.15315204337254074 -0.98716027780259841
    outer loop
      vertex 18.190273284912109 2.8064903748653113e-33 0.040071494877338409
      vertex 18.116350173950195 1.0369390249252319 0.19754840433597565
      vertex 18.338207244873047 1.0187023878097534 0.20491716265678406
    endloop
  endfacet
  facet normal 0.059880182509327647 0.49525637368159892 -0.86668073018292158
    outer loop
      vertex 24.018571853637695 6.5109788353425554e-35 0.304566890001297
      vertex 23.530487060546875 1.4421674125095644e-34 0.27084442973136902
      vertex 23.39069938659668 0.23505491018295288 0.39550617337226868
    endloop
  endfacet
  facet normal 0.13049366151955555 0.6411493392005746 -0.75623999441042933
    outer loop
      vertex 24.018571853637695 6.5109788353425554e-35 0.304566890001297
      vertex 23.39069938659668 0.23505491018295288 0.39550617337226868
      vertex 23.563915252685547 0.219122514128685 0.41188791394233704
    endloop
  endfacet
  facet normal 0.053354897361105089 0.68971364333167029 -0.72211380344772502
    outer loop
      vertex 24.018571853637695 6.5109788353425554e-35 0.304566890001297
      vertex 24.139743804931641 0.10296182334423065 0.41186201572418213
      vertex 24.510969161987305 1.6530811177748894e-35 0.34094870090484619
    endloop
  endfacet
  facet normal 0.022858923786763921 0.9567445003764693 -0.29003005120623448
    outer loop
      vertex 24.792093276977539 0.023008067160844803 0.43900418281555176
      vertex 25.007596969604492 0 0.38009077310562134
      vertex 24.510969161987305 1.6530811177748894e-35 0.34094870090484619
    endloop
  endfacet
  facet normal 0.090275084299635336 0.99422301305460203 -0.058060394997988103
    outer loop
      vertex 25.007596969604492 0 0.38009077310562134
      vertex 24.792093276977539 0.023008067160844803 0.43900418281555176
      vertex 24.91609001159668 0.012535831891000271 0.45247426629066467
    endloop
  endfacet
  facet normal 0.10859781564123665 0.9541878765365559 -0.27880461027144177
    outer loop
      vertex 24.725261688232422 0.21086999773979187 1.0559158325195312
      vertex 24.792093276977539 0.023008067160844803 0.43900418281555176
      vertex 24.663982391357422 0.034674189984798431 0.42902985215187073
    endloop
  endfacet
  facet normal 0.31491904944304977 0.90524950507933999 -0.28521803212892455
    outer loop
      vertex 24.725261688232422 0.21086999773979187 1.0559158325195312
      vertex 24.663982391357422 0.034674189984798431 0.42902985215187073
      vertex 24.410804748535156 0.30144664645195007 0.9961930513381958
    endloop
  endfacet
  facet normal 0.11782067820303903 0.83710042270654772 -0.53421079181564191
    outer loop
      vertex 24.663982391357422 0.034674189984798431 0.42902985215187073
      vertex 24.792093276977539 0.023008067160844803 0.43900418281555176
      vertex 24.510969161987305 1.6530811177748894e-35 0.34094870090484619
    endloop
  endfacet
  facet normal 0.31419305492139793 0.92605381236792006 -0.2090623372059173
    outer loop
      vertex 24.91609001159668 0.012535831891000271 0.45247426629066467
      vertex 25.055301666259766 0.11489148437976837 1.1150813102722168
      vertex 25.5 0 1.2744855880737305
    endloop
  endfacet
  facet normal 0.094871846154159251 0.99411832782993015 -0.052231054746432214
    outer loop
      vertex 24.91609001159668 0.012535831891000271 0.45247426629066467
      vertex 25.5 0 1.2744855880737305
      vertex 25.007596969604492 0 0.38009077310562134
    endloop
  endfacet
  facet normal 0.058796777267151046 0.40469914680842856 -0.91255769108343354
    outer loop
      vertex 23.530487060546875 1.4421674125095644e-34 0.27084442973136902
      vertex 23.046804428100586 2.5233150255314204e-34 0.23968039453029633
      vertex 22.777135848999023 0.27874720096588135 0.34592366218566895
    endloop
  endfacet
  facet normal 0.096345095788576807 0.49324477014674312 -0.86453873206489529
    outer loop
      vertex 23.530487060546875 1.4421674125095644e-34 0.27084442973136902
      vertex 22.777135848999023 0.27874720096588135 0.34592366218566895
      vertex 22.997936248779297 0.26471111178398132 0.36252188682556152
    endloop
  endfacet
  facet normal 0.10548293009205487 0.50823319943601031 -0.85473526103129194
    outer loop
      vertex 23.530487060546875 1.4421674125095644e-34 0.27084442973136902
      vertex 22.997936248779297 0.26471111178398132 0.36252188682556152
      vertex 23.226652145385742 0.24843104183673859 0.38106745481491089
    endloop
  endfacet
  facet normal 0.12264019786273886 0.64324860816134333 -0.75577153291631904
    outer loop
      vertex 24.139743804931641 0.10296182334423065 0.41186201572418213
      vertex 24.018571853637695 6.5109788353425554e-35 0.304566890001297
      vertex 23.898733139038086 0.14194890856742859 0.40593534708023071
    endloop
  endfacet
  facet normal 0.13637989286762892 0.64938917830611298 -0.74812714154769544
    outer loop
      vertex 23.898733139038086 0.14194890856742859 0.40593534708023071
      vertex 24.018571853637695 6.5109788353425554e-35 0.304566890001297
      vertex 23.563915252685547 0.219122514128685 0.41188791394233704
    endloop
  endfacet
  facet normal 0.13724571032161056 0.75007975247643999 -0.64694975069413174
    outer loop
      vertex 23.811243057250977 0.32846829295158386 0.60362732410430908
      vertex 24.139743804931641 0.10296182334423065 0.41186201572418213
      vertex 23.898733139038086 0.14194890856742859 0.40593534708023071
    endloop
  endfacet
  facet normal 0.23989998542659755 0.75687826724213447 -0.60793361937703549
    outer loop
      vertex 23.811243057250977 0.32846829295158386 0.60362732410430908
      vertex 23.898733139038086 0.14194890856742859 0.40593534708023071
      vertex 23.548236846923828 0.38251984119415283 0.5671352744102478
    endloop
  endfacet
  facet normal 0.25443675210441269 0.88799434788267906 -0.38305088083304661
    outer loop
      vertex 24.092029571533203 0.39015030860900879 0.92785346508026123
      vertex 24.512161254882812 0.052722744643688202 0.42469099164009094
      vertex 24.064098358154297 0.27417027950286865 0.64043384790420532
    endloop
  endfacet
  facet normal 0.31924541103036136 0.86764925958330541 -0.38113925261064052
    outer loop
      vertex 24.092029571533203 0.39015030860900879 0.92785346508026123
      vertex 24.064098358154297 0.27417027950286865 0.64043384790420532
      vertex 23.783388137817383 0.4758111834526062 0.86433660984039307
    endloop
  endfacet
  facet normal 0.11500602383743054 0.83989653046418078 -0.53042193826739092
    outer loop
      vertex 24.512161254882812 0.052722744643688202 0.42469099164009094
      vertex 24.663982391357422 0.034674189984798431 0.42902985215187073
      vertex 24.510969161987305 1.6530811177748894e-35 0.34094870090484619
    endloop
  endfacet
  facet normal 0.12379244692629658 0.80954631939172494 -0.57385554527538685
    outer loop
      vertex 24.064098358154297 0.27417027950286865 0.64043384790420532
      vertex 24.512161254882812 0.052722744643688202 0.42469099164009094
      vertex 24.344808578491211 0.07252936065196991 0.41653105616569519
    endloop
  endfacet
  facet normal 0.13751840973147694 0.84815999619495852 -0.51157922928857591
    outer loop
      vertex 24.139743804931641 0.10296182334423065 0.41186201572418213
      vertex 24.344808578491211 0.07252936065196991 0.41653105616569519
      vertex 24.510969161987305 1.6530811177748894e-35 0.34094870090484619
    endloop
  endfacet
  facet normal 0.1251098972120126 0.83879749279210158 -0.52987383376166408
    outer loop
      vertex 24.510969161987305 1.6530811177748894e-35 0.34094870090484619
      vertex 24.344808578491211 0.07252936065196991 0.41653105616569519
      vertex 24.512161254882812 0.052722744643688202 0.42469099164009094
    endloop
  endfacet
  facet normal 0.13366085973508998 0.81390743608530558 -0.56541087720340211
    outer loop
      vertex 24.064098358154297 0.27417027950286865 0.64043384790420532
      vertex 24.344808578491211 0.07252936065196991 0.41653105616569519
      vertex 24.139743804931641 0.10296182334423065 0.41186201572418213
    endloop
  endfacet
  facet normal 0.25105849201052438 0.81277306135239036 -0.52570864966182995
    outer loop
      vertex 24.064098358154297 0.27417027950286865 0.64043384790420532
      vertex 24.139743804931641 0.10296182334423065 0.41186201572418213
      vertex 23.811243057250977 0.32846829295158386 0.60362732410430908
    endloop
  endfacet
  facet normal 0.11993109544781852 0.91791534127091845 -0.3782168142800898
    outer loop
      vertex 24.410804748535156 0.30144664645195007 0.9961930513381958
      vertex 24.663982391357422 0.034674189984798431 0.42902985215187073
      vertex 24.512161254882812 0.052722744643688202 0.42469099164009094
    endloop
  endfacet
  facet normal 0.31809622005846117 0.88864732741342689 -0.33033425838912456
    outer loop
      vertex 24.410804748535156 0.30144664645195007 0.9961930513381958
      vertex 24.512161254882812 0.052722744643688202 0.42469099164009094
      vertex 24.092029571533203 0.39015030860900879 0.92785346508026123
    endloop
  endfacet
  facet normal 0.053746164099294329 0.40061727951002568 -0.9146677785964682
    outer loop
      vertex 22.777135848999023 0.27874720096588135 0.34592366218566895
      vertex 23.046804428100586 2.5233150255314204e-34 0.23968039453029633
      vertex 22.319379806518555 4.690979184269269e-34 0.19693669676780701
    endloop
  endfacet
  facet normal 0.11683653997456753 0.5186671390329578 -0.84695550167298517
    outer loop
      vertex 23.39069938659668 0.23505491018295288 0.39550617337226868
      vertex 23.530487060546875 1.4421674125095644e-34 0.27084442973136902
      vertex 23.226652145385742 0.24843104183673859 0.38106745481491089
    endloop
  endfacet
  facet normal -0.0028211829868013539 0.10143529167537332 -0.99483813885942629
    outer loop
      vertex 11.777191162109375 8.7531666038165263e-33 -0.0027325467672199011
      vertex 10.755453109741211 9.5975961950411633e-33 0.00016491956193931401
      vertex 12.169179916381836 1.3189874887466431 0.13064192235469818
    endloop
  endfacet
  facet normal 0.0016578560882389982 0.10011792792091892 -0.99497419666140707
    outer loop
      vertex 11.777191162109375 8.7531666038165263e-33 -0.0027325467672199011
      vertex 12.169179916381836 1.3189874887466431 0.13064192235469818
      vertex 12.544355392456055 1.3115594387054443 0.13051961362361908
    endloop
  endfacet
  facet normal 0.00034504291759630975 0.098075356203020894 -0.99517893137417035
    outer loop
      vertex 11.801735877990723 1.3251663446426392 0.13112345337867737
      vertex 12.169179916381836 1.3189874887466431 0.13064192235469818
      vertex 10.755453109741211 9.5975961950411633e-33 0.00016491956193931401
    endloop
  endfacet
  facet normal -0.00089691200187608797 0.098964530312271662 -0.9950905573308052
    outer loop
      vertex 12.560665130615234 2.6546006202697754 0.2626553475856781
      vertex 11.801735877990723 1.3251663446426392 0.13112345337867737
      vertex 11.4407958984375 1.3302376270294189 0.13195313513278961
    endloop
  endfacet
  facet normal 0.00034818327479511181 0.098260682090686335 -0.99516064890221634
    outer loop
      vertex 12.169179916381836 1.3189874887466431 0.13064192235469818
      vertex 11.801735877990723 1.3251663446426392 0.13112345337867737
      vertex 12.560665130615234 2.6546006202697754 0.2626553475856781
    endloop
  endfacet
  facet normal 0.0037590820943001107 0.097269829481218525 -0.99525094803999214
    outer loop
      vertex 12.169179916381836 1.3189874887466431 0.13064192235469818
      vertex 12.560665130615234 2.6546006202697754 0.2626553475856781
      vertex 13.094820976257324 2.6377010345458984 0.26302120089530945
    endloop
  endfacet
  facet normal 0.0029403723998099704 0.099284278694112146 -0.99505476543471738
    outer loop
      vertex 13.621822357177734 2.6162865161895752 0.26388618350028992
      vertex 12.92507266998291 1.3028059005737305 0.1307712197303772
      vertex 12.544355392456055 1.3115594387054443 0.13051961362361908
    endloop
  endfacet
  facet normal 0.006978993105740133 0.10073986999338587 -0.99488832149590822
    outer loop
      vertex 13.694518089294434 1.281151294708252 0.13240808248519897
      vertex 14.090237617492676 1.2678436040878296 0.13383649289608002
      vertex 12.863649368286133 7.7163849944950843e-33 -0.003146470757201314
    endloop
  endfacet
  facet normal 0.0055675889899152193 0.099335116661051839 -0.99503845983498285
    outer loop
      vertex 13.694518089294434 1.281151294708252 0.13240808248519897
      vertex 13.308396339416504 1.2926983833312988 0.13140034675598145
      vertex 14.14213752746582 2.5899064540863037 0.26556625962257385
    endloop
  endfacet
  facet normal 0.011461651304193429 0.09733422005173531 -0.99518575158424627
    outer loop
      vertex 13.694518089294434 1.281151294708252 0.13240808248519897
      vertex 14.14213752746582 2.5899064540863037 0.26556625962257385
      vertex 14.656235694885254 2.5581107139587402 0.2683773934841156
    endloop
  endfacet
  facet normal 0.0042739682813255214 0.10015867494225535 -0.99496229729017449
    outer loop
      vertex 13.308396339416504 1.2926983833312988 0.13140034675598145
      vertex 12.92507266998291 1.3028059005737305 0.1307712197303772
      vertex 14.14213752746582 2.5899064540863037 0.26556625962257385
    endloop
  endfacet
  facet normal 0.0056348186564922397 0.10160322319218865 -0.99480904391529656
    outer loop
      vertex 13.308396339416504 1.2926983833312988 0.13140034675598145
      vertex 13.694518089294434 1.281151294708252 0.13240808248519897
      vertex 12.863649368286133 7.7163849944950843e-33 -0.003146470757201314
    endloop
  endfacet
  facet normal 0.0016307227453393491 0.098749730763104768 -0.99511096437409552
    outer loop
      vertex 12.544355392456055 1.3115594387054443 0.13051961362361908
      vertex 12.169179916381836 1.3189874887466431 0.13064192235469818
      vertex 13.094820976257324 2.6377010345458984 0.26302120089530945
    endloop
  endfacet
  facet normal 0.0055801801952303333 0.097124904921353797 -0.99525655709118888
    outer loop
      vertex 12.544355392456055 1.3115594387054443 0.13051961362361908
      vertex 13.094820976257324 2.6377010345458984 0.26302120089530945
      vertex 13.621822357177734 2.6162865161895752 0.26388618350028992
    endloop
  endfacet
  facet normal 0.002942425419817147 0.099373827722926106 -0.99504582029992095
    outer loop
      vertex 12.544355392456055 1.3115594387054443 0.13051961362361908
      vertex 12.92507266998291 1.3028059005737305 0.1307712197303772
      vertex 11.777191162109375 8.7531666038165263e-33 -0.0027325467672199011
    endloop
  endfacet
  facet normal 0.01089509644059797 0.10518022592540933 -0.99439349200798255
    outer loop
      vertex 14.495253562927246 1.2526247501373291 0.13581642508506775
      vertex 14.906634330749512 1.2354564666748047 0.13850778341293335
      vertex 13.948142051696777 6.642232215709094e-33 -0.0026721993926912546
    endloop
  endfacet
  facet normal 0.0087149368321001557 0.10252181468807345 -0.99469257933749411
    outer loop
      vertex 15.134806632995605 2.5228366851806641 0.2723391056060791
      vertex 14.495253562927246 1.2526247501373291 0.13581642508506775
      vertex 14.090237617492676 1.2678436040878296 0.13383649289608002
    endloop
  endfacet
  facet normal 0.016532970476086459 0.11237840128375096 -0.99352793408748474
    outer loop
      vertex 15.32135009765625 1.216350793838501 0.14205685257911682
      vertex 15.739419937133789 1.1952111721038818 0.14662270247936249
      vertex 15.091361999511719 5.5226844164882394e-33 0.00064769916934892535
    endloop
  endfacet
  facet normal 0.013287617917351509 0.10368434087795926 -0.99452149130463019
    outer loop
      vertex 15.32135009765625 1.216350793838501 0.14205685257911682
      vertex 14.906634330749512 1.2354564666748047 0.13850778341293335
      vertex 15.608675956726074 2.4819917678833008 0.27784579992294312
    endloop
  endfacet
  facet normal 0.025549197881468155 0.10090569415638838 -0.99456788575462807
    outer loop
      vertex 15.32135009765625 1.216350793838501 0.14205685257911682
      vertex 15.608675956726074 2.4819917678833008 0.27784579992294312
      vertex 16.078235626220703 2.4352004528045654 0.28516089916229248
    endloop
  endfacet
  facet normal 0.010888643546368279 0.10502298745497898 -0.99441018173978468
    outer loop
      vertex 14.906634330749512 1.2354564666748047 0.13850778341293335
      vertex 14.495253562927246 1.2526247501373291 0.13581642508506775
      vertex 15.608675956726074 2.4819917678833008 0.27784579992294312
    endloop
  endfacet
  facet normal 0.019886229329113436 0.11511212578096131 -0.99315343043321258
    outer loop
      vertex 16.503177642822266 1.7579119205474854 0.22713588178157806
      vertex 16.160867691040039 1.1719412803649902 0.15236437320709229
      vertex 15.739419937133789 1.1952111721038818 0.14662270247936249
    endloop
  endfacet
  facet normal 0.026829528956750295 0.122711987645691 -0.99207960591073674
    outer loop
      vertex 16.588127136230469 1.1462939977645874 0.15948505699634552
      vertex 16.803808212280273 1.1325459480285645 0.16361735761165619
      vertex 16.290861129760742 4.4006034269413627e-33 0.0096588525921106339
    endloop
  endfacet
  facet normal 0.024876568693713932 0.12321691664316176 -0.99206791490450841
    outer loop
      vertex 16.374067306518555 1.1594052314758301 0.15574584901332855
      vertex 16.588127136230469 1.1462939977645874 0.15948505699634552
      vertex 16.290861129760742 4.4006034269413627e-33 0.0096588525921106339
    endloop
  endfacet
  facet normal 0.016249442740424339 0.10663345789601773 -0.99416561058395303
    outer loop
      vertex 15.739419937133789 1.1952111721038818 0.14662270247936249
      vertex 15.32135009765625 1.216350793838501 0.14205685257911682
      vertex 16.078235626220703 2.4352004528045654 0.28516089916229248
    endloop
  endfacet
  facet normal 0.031724462477361839 0.10241291116804728 -0.99423596500358424
    outer loop
      vertex 15.739419937133789 1.1952111721038818 0.14662270247936249
      vertex 16.078235626220703 2.4352004528045654 0.28516089916229248
      vertex 16.543876647949219 2.382087230682373 0.29454773664474487
    endloop
  endfacet
  facet normal 0.019649752995810149 0.11070446397624112 -0.99365910093096654
    outer loop
      vertex 15.739419937133789 1.1952111721038818 0.14662270247936249
      vertex 16.160867691040039 1.1719412803649902 0.15236437320709229
      vertex 15.091361999511719 5.5226844164882394e-33 0.00064769916934892535
    endloop
  endfacet
  facet normal 0.0069770249413896581 0.10068069996470375 -0.99489432492983132
    outer loop
      vertex 14.090237617492676 1.2678436040878296 0.13383649289608002
      vertex 13.694518089294434 1.281151294708252 0.13240808248519897
      vertex 14.656235694885254 2.5581107139587402 0.2683773934841156
    endloop
  endfacet
  facet normal 0.015389130529831301 0.097018660134509369 -0.99516358165240382
    outer loop
      vertex 14.090237617492676 1.2678436040878296 0.13383649289608002
      vertex 14.656235694885254 2.5581107139587402 0.2683773934841156
      vertex 15.134806632995605 2.5228366851806641 0.2723391056060791
    endloop
  endfacet
  facet normal 0.036040179723142357 0.12891807833479699 -0.9910001183269288
    outer loop
      vertex 17.456110000610352 1.0876280069351196 0.17850230634212494
      vertex 17.675304412841797 1.0713894367218018 0.18436139822006226
      vertex 16.91094970703125 3.8520071929103091e-33 0.017187908291816711
    endloop
  endfacet
  facet normal 0.03378661892955457 0.13003772660293936 -0.9909332238053421
    outer loop
      vertex 17.237796783447266 1.1032253503799438 0.17310555279254913
      vertex 17.456110000610352 1.0876280069351196 0.17850230634212494
      vertex 16.91094970703125 3.8520071929103091e-33 0.017187908291816711
    endloop
  endfacet
  facet normal 0.041732009250680331 0.13949583141988678 -0.98934288920493874
    outer loop
      vertex 17.895381927490234 1.0544971227645874 0.19070328772068024
      vertex 18.116350173950195 1.0369390249252319 0.19754840433597565
      vertex 17.544187545776367 3.3188499751513524e-33 0.027206888422369957
    endloop
  endfacet
  facet normal 0.028841855743272117 0.12180804253114196 -0.99213454134608969
    outer loop
      vertex 17.020364761352539 1.1181938648223877 0.16815070807933807
      vertex 16.290861129760742 4.4006034269413627e-33 0.0096588525921106339
      vertex 16.803808212280273 1.1325459480285645 0.16361735761165619
    endloop
  endfacet
  facet normal 0.048044936033022602 0.15275410137287776 -0.98709567349641802
    outer loop
      vertex 18.338207244873047 1.0187023878097534 0.20491716265678406
      vertex 18.560956954956055 0.99977493286132812 0.21283002197742462
      vertex 18.190273284912109 2.8064903748653113e-33 0.040071494877338409
    endloop
  endfacet
  facet normal 0.050737167434409161 0.15175915172877308 -0.9871144309082388
    outer loop
      vertex 18.560956954956055 0.99977493286132812 0.21283002197742462
      vertex 18.784605026245117 0.98014438152313232 0.2213074117898941
      vertex 18.190273284912109 2.8064903748653113e-33 0.040071494877338409
    endloop
  endfacet
  facet normal 0.066085581508264171 0.19071001111751792 -0.9794194135181673
    outer loop
      vertex 19.46095085144043 0.91690963506698608 0.25033107399940491
      vertex 19.688209533691406 0.89434236288070679 0.26127094030380249
      vertex 19.519752502441406 1.8655925540434971e-33 0.075760401785373688
    endloop
  endfacet
  facet normal 0.057984166627513378 0.16892985279261438 -0.98392100356480783
    outer loop
      vertex 19.009151458740234 0.95979821681976318 0.23036976158618927
      vertex 19.234598159790039 0.9387241005897522 0.24003750085830688
      vertex 18.848896026611328 2.3202851565430815e-33 0.056137431412935257
    endloop
  endfacet
  facet normal 0.075435449326299517 0.2022023137933622 -0.97643418481818312
    outer loop
      vertex 20.606376647949219 0.79629820585250854 0.31190168857574463
      vertex 19.688209533691406 0.89434236288070679 0.26127094030380249
      vertex 19.950708389282227 1.744340181350708 0.45757013559341431
    endloop
  endfacet
  facet normal 0.14392517483341064 0.24678706268336614 -0.95832233081635343
    outer loop
      vertex 20.606376647949219 0.79629820585250854 0.31190168857574463
      vertex 19.950708389282227 1.744340181350708 0.45757013559341431
      vertex 20.174812316894531 1.684550404548645 0.47583001852035522
    endloop
  endfacet
  facet normal -0.00089575588463590091 0.099045497233056029 -0.99508250265957932
    outer loop
      vertex 11.4407958984375 1.3302376270294189 0.13195313513278961
      vertex 11.801735877990723 1.3251663446426392 0.13112345337867737
      vertex 10.755453109741211 9.5975961950411633e-33 0.00016491956193931401
    endloop
  endfacet
  facet normal -0.0022946762597650474 0.098371348503268397 -0.99514713095828755
    outer loop
      vertex 11.4407958984375 1.3302376270294189 0.13195313513278961
      vertex 11.083253860473633 1.3343425989151001 0.13318336009979248
      vertex 12.075486183166504 2.6662817001342773 0.26255899667739868
    endloop
  endfacet
  facet normal -0.20994148432291204 0.06692572936156381 -0.97542068868243448
    outer loop
      vertex 1.0353854894638062 1.1741385459899902 1.1535139083862305
      vertex 0.84353500604629517 2.3310818672180176 1.2741866111755371
      vertex 1.6223541498184204 2.3821916580200195 1.1100667715072632
    endloop
  endfacet
  facet normal -0.17218470772568636 0.071976566009083129 -0.98243157541426773
    outer loop
      vertex 3.7598807811737061 1.8894391059875488 0.66107714176177979
      vertex 3.5770597457885742 1.8815019130706787 0.69253754615783691
      vertex 3.624222993850708 2.5049660205841064 0.72994881868362427
    endloop
  endfacet
  facet normal -0.16803386378214313 0.072963630466908277 -0.98307727532047684
    outer loop
      vertex 3.7598807811737061 1.8894391059875488 0.66107714176177979
      vertex 3.624222993850708 2.5049660205841064 0.72994881868362427
      vertex 3.9161226749420166 2.5213704109191895 0.68127298355102539
    endloop
  endfacet
  facet normal -0.1679466347585534 0.072942589793731527 -0.98309374246175552
    outer loop
      vertex 3.7598807811737061 1.8894391059875488 0.66107714176177979
      vertex 3.9161226749420166 2.5213704109191895 0.68127298355102539
      vertex 3.9385318756103516 1.8970423936843872 0.63112145662307739
    endloop
  endfacet
  facet normal -0.15866053382295353 0.073799260008445833 -0.98457122862148561
    outer loop
      vertex 4.3003349304199219 1.911934494972229 0.5730205774307251
      vertex 4.1215300559997559 1.9046632051467896 0.60128939151763916
      vertex 4.1978850364685059 2.5367166996002197 0.63636106252670288
    endloop
  endfacet
  facet normal -0.15341290796263898 0.07473686303643523 -0.98533186337087464
    outer loop
      vertex 4.3003349304199219 1.911934494972229 0.5730205774307251
      vertex 4.1978850364685059 2.5367166996002197 0.63636106252670288
      vertex 4.470181941986084 2.5510425567626953 0.59505194425582886
    endloop
  endfacet
  facet normal -0.16346405497532132 0.074333695174496478 -0.98374488791186621
    outer loop
      vertex 4.1978850364685059 2.5367166996002197 0.63636106252670288
      vertex 4.1215300559997559 1.9046632051467896 0.60128939151763916
      vertex 3.9385318756103516 1.8970423936843872 0.63112145662307739
    endloop
  endfacet
  facet normal -0.20067488994420099 0.067812355393248896 -0.97730807476552806
    outer loop
      vertex 1.7284071445465088 1.1981439590454102 1.0061330795288086
      vertex 1.6223541498184204 2.3821916580200195 1.1100667715072632
      vertex 2.3418281078338623 2.4280068874359131 0.96551305055618286
    endloop
  endfacet
  facet normal -0.19007612328051932 0.069343191942091265 -0.97931740977577408
    outer loop
      vertex 2.3418281078338623 2.4280068874359131 0.96551305055618286
      vertex 3.0073275566101074 2.4688305854797363 0.83923661708831787
      vertex 2.4228341579437256 1.2214162349700928 0.86435467004776001
    endloop
  endfacet
  facet normal -0.17794135336704603 0.070754128694452495 -0.98149413041270561
    outer loop
      vertex 3.1286468505859375 1.2440273761749268 0.72787880897521973
      vertex 3.3215150833129883 2.4874653816223145 0.78254967927932739
      vertex 3.5770597457885742 1.8815019130706787 0.69253754615783691
    endloop
  endfacet
  facet normal -0.16087760130211021 0.073289162177975195 -0.98424950907101261
    outer loop
      vertex 3.9385318756103516 1.8970423936843872 0.63112145662307739
      vertex 3.9161226749420166 2.5213704109191895 0.68127298355102539
      vertex 4.1978850364685059 2.5367166996002197 0.63636106252670288
    endloop
  endfacet
  facet normal -0.17480337592211528 0.072146157906134489 -0.98195657320760099
    outer loop
      vertex 3.5770597457885742 1.8815019130706787 0.69253754615783691
      vertex 3.3215150833129883 2.4874653816223145 0.78254967927932739
      vertex 3.624222993850708 2.5049660205841064 0.72994881868362427
    endloop
  endfacet
  facet normal -0.15362506230147766 0.074791960794973161 -0.98529462742537577
    outer loop
      vertex 4.4834604263305664 1.9191900491714478 0.54501879215240479
      vertex 4.3003349304199219 1.911934494972229 0.5730205774307251
      vertex 4.470181941986084 2.5510425567626953 0.59505194425582886
    endloop
  endfacet
  facet normal -0.14831700084328825 0.076113374906569733 -0.98600650171344406
    outer loop
      vertex 4.7336845397949219 2.5643858909606934 0.55718457698822021
      vertex 4.6624279022216797 1.926081657409668 0.51863014698028564
      vertex 4.4834604263305664 1.9191900491714478 0.54501879215240479
    endloop
  endfacet
  facet normal -0.14267521845512954 0.075536499113310646 -0.98688298158418242
    outer loop
      vertex 4.8456130027770996 1.9329185485839844 0.49267008900642395
      vertex 4.6624279022216797 1.926081657409668 0.51863014698028564
      vertex 4.7336845397949219 2.5643858909606934 0.55718457698822021
    endloop
  endfacet
  facet normal -0.13746141036425055 0.07652842583617149 -0.98754633344451681
    outer loop
      vertex 4.8456130027770996 1.9329185485839844 0.49267008900642395
      vertex 4.7336845397949219 2.5643858909606934 0.55718457698822021
      vertex 4.9890642166137695 2.576784610748291 0.52259784936904907
    endloop
  endfacet
  facet normal -0.13062949735953602 0.077411437042966685 -0.9884044738033807
    outer loop
      vertex 5.0247540473937988 1.9393792152404785 0.46835902333259583
      vertex 5.2369918823242188 2.5882768630981445 0.49113065004348755
      vertex 5.207911491394043 1.9457410573959351 0.44465082883834839
    endloop
  endfacet
  facet normal -0.11750433836473895 0.077717296628740579 -0.99002664220221115
    outer loop
      vertex 5.5702633857727051 1.9575490951538086 0.4013417661190033
      vertex 5.3872413635253906 1.9517184495925903 0.42260658740997314
      vertex 5.4781394004821777 2.598900318145752 0.46262198686599731
    endloop
  endfacet
  facet normal -0.11164285154785107 0.078617250400074154 -0.99063373738117599
    outer loop
      vertex 5.5702633857727051 1.9575490951538086 0.4013417661190033
      vertex 5.4781394004821777 2.598900318145752 0.46262198686599731
      vertex 5.7131776809692383 2.6086928844451904 0.43691068887710571
    endloop
  endfacet
  facet normal -0.12421040370832603 0.078604206580420624 -0.98913758108691696
    outer loop
      vertex 5.4781394004821777 2.598900318145752 0.46262198686599731
      vertex 5.3872413635253906 1.9517184495925903 0.42260658740997314
      vertex 5.207911491394043 1.9457410573959351 0.44465082883834839
    endloop
  endfacet
  facet normal -0.13678795402650143 0.076383250740355152 -0.98765107939979491
    outer loop
      vertex 5.0247540473937988 1.9393792152404785 0.46835902333259583
      vertex 4.8456130027770996 1.9329185485839844 0.49267008900642395
      vertex 4.9890642166137695 2.576784610748291 0.52259784936904907
    endloop
  endfacet
  facet normal -0.12904528552227626 0.076901979279792962 -0.98865231495573025
    outer loop
      vertex 5.0247540473937988 1.9393792152404785 0.46835902333259583
      vertex 4.9890642166137695 2.576784610748291 0.52259784936904907
      vertex 5.2369918823242188 2.5882768630981445 0.49113065004348755
    endloop
  endfacet
  facet normal -0.10342146829451025 0.079109803987138627 -0.99148658024651248
    outer loop
      vertex 5.9398655891418457 1.9684447050094604 0.36233663558959961
      vertex 5.7497997283935547 1.9629924297332764 0.38172727823257446
      vertex 5.9427781105041504 2.6176927089691162 0.41383573412895203
    endloop
  endfacet
  facet normal -0.093831154851002477 0.079142211299645229 -0.99243751680895742
    outer loop
      vertex 5.9398655891418457 1.9684447050094604 0.36233663558959961
      vertex 5.9427781105041504 2.6176927089691162 0.41383573412895203
      vertex 6.1676125526428223 2.6259374618530273 0.39323598146438599
    endloop
  endfacet
  facet normal -0.095950188666881417 0.079863976494528643 -0.99217705403484868
    outer loop
      vertex 6.1266989707946777 1.9734829664230347 0.34467414021492004
      vertex 5.9398655891418457 1.9684447050094604 0.36233663558959961
      vertex 6.1676125526428223 2.6259374618530273 0.39323598146438599
    endloop
  endfacet
  facet normal -0.11061894258945298 0.078399736511313475 -0.99076583048435218
    outer loop
      vertex 5.7497997283935547 1.9629924297332764 0.38172727823257446
      vertex 5.5702633857727051 1.9575490951538086 0.4013417661190033
      vertex 5.7131776809692383 2.6086928844451904 0.43691068887710571
    endloop
  endfacet
  facet normal -0.10274678885900547 0.078915137377313552 -0.99157223562980168
    outer loop
      vertex 5.7497997283935547 1.9629924297332764 0.38172727823257446
      vertex 5.7131776809692383 2.6086928844451904 0.43691068887710571
      vertex 5.9427781105041504 2.6176927089691162 0.41383573412895203
    endloop
  endfacet
  facet normal -0.077505342133741384 0.076753926171251763 -0.99403307628973281
    outer loop
      vertex 6.1266989707946777 1.9734829664230347 0.34467414021492004
      vertex 6.6056671142578125 2.6403136253356934 0.35881781578063965
      vertex 5.9299635887145996 1.3156553506851196 0.30921977758407593
    endloop
  endfacet
  facet normal 0.031543214078500414 0.11117513875007966 -0.99330011284077591
    outer loop
      vertex 16.503177642822266 1.7579119205474854 0.22713588178157806
      vertex 17.005989074707031 2.3222768306732178 0.30626970529556274
      vertex 16.702598571777344 1.7391078472137451 0.23136404156684875
    endloop
  endfacet
  facet normal 0.036599839282193382 0.11283475377758004 -0.99293945943570516
    outer loop
      vertex 17.102693557739258 1.6988189220428467 0.24102979898452759
      vertex 16.902198791503906 1.7194409370422363 0.23598296940326691
      vertex 17.235845565795898 2.2897427082061768 0.31308865547180176
    endloop
  endfacet
  facet normal 0.04899531650106688 0.11001512956853569 -0.99272157739568567
    outer loop
      vertex 17.102693557739258 1.6988189220428467 0.24102979898452759
      vertex 17.235845565795898 2.2897427082061768 0.31308865547180176
      vertex 17.4649658203125 2.2553937435150146 0.32059016823768616
    endloop
  endfacet
  facet normal 0.033825149361015799 0.1099952026703723 -0.99335638854351194
    outer loop
      vertex 16.902198791503906 1.7194409370422363 0.23598296940326691
      vertex 16.702598571777344 1.7391078472137451 0.23136404156684875
      vertex 17.005989074707031 2.3222768306732178 0.30626970529556274
    endloop
  endfacet
  facet normal 0.044761065199271428 0.10808635692324868 -0.99313331758092105
    outer loop
      vertex 16.902198791503906 1.7194409370422363 0.23598296940326691
      vertex 17.005989074707031 2.3222768306732178 0.30626970529556274
      vertex 17.235845565795898 2.2897427082061768 0.31308865547180176
    endloop
  endfacet
  facet normal -0.14556801790742371 0.07505649637079459 -0.98649707273516274
    outer loop
      vertex 4.7336845397949219 2.5643858909606934 0.55718457698822021
      vertex 4.4834604263305664 1.9191900491714478 0.54501879215240479
      vertex 4.470181941986084 2.5510425567626953 0.59505194425582886
    endloop
  endfacet
  facet normal -0.12040095158966353 0.077044475092933593 -0.98973115527094424
    outer loop
      vertex 5.207911491394043 1.9457410573959351 0.44465082883834839
      vertex 5.2369918823242188 2.5882768630981445 0.49113065004348755
      vertex 5.4781394004821777 2.598900318145752 0.46262198686599731
    endloop
  endfacet
  facet normal -0.080661060292775116 0.07901152249068738 -0.99360503856721094
    outer loop
      vertex 6.1266989707946777 1.9734829664230347 0.34467414021492004
      vertex 6.1676125526428223 2.6259374618530273 0.39323598146438599
      vertex 6.6056671142578125 2.6403136253356934 0.35881781578063965
    endloop
  endfacet
  facet normal -0.013366694381914726 0.086673116608684028 -0.99614712886131329
    outer loop
      vertex 8.7382078170776367 2.6797866821289062 0.28047114610671997
      vertex 9.1894111633300781 2.6832258701324463 0.27471596002578735
      vertex 8.3408660888671875 1.3407927751541138 0.16929918527603149
    endloop
  endfacet
  facet normal -0.0021408194752124562 0.093356505978774207 -0.99563044332895423
    outer loop
      vertex 10.610607147216797 2.684473991394043 0.26487573981285095
      vertex 11.097709655761719 2.6809406280517578 0.26349705457687378
      vertex 10.029012680053711 1.341626763343811 0.14021258056163788
    endloop
  endfacet
  facet normal 0.0025115874368874754 0.096109674064310285 -0.99536758158973571
    outer loop
      vertex 12.075486183166504 2.6662817001342773 0.26255899667739868
      vertex 12.560665130615234 2.6546006202697754 0.2626553475856781
      vertex 11.4407958984375 1.3302376270294189 0.13195313513278961
    endloop
  endfacet
  facet normal 0.0081096910752634296 0.096566354588455611 -0.99529351051444115
    outer loop
      vertex 13.621822357177734 2.6162865161895752 0.26388618350028992
      vertex 14.14213752746582 2.5899064540863037 0.26556625962257385
      vertex 12.92507266998291 1.3028059005737305 0.1307712197303772
    endloop
  endfacet
  facet normal 0.019917990260320519 0.096924044516488103 -0.99509245965314985
    outer loop
      vertex 15.134806632995605 2.5228366851806641 0.2723391056060791
      vertex 15.608675956726074 2.4819917678833008 0.27784579992294312
      vertex 14.495253562927246 1.2526247501373291 0.13581642508506775
    endloop
  endfacet
  facet normal 0.038770904412385489 0.10479709068220761 -0.99373758445355731
    outer loop
      vertex 16.503177642822266 1.7579119205474854 0.22713588178157806
      vertex 16.543876647949219 2.382087230682373 0.29454773664474487
      vertex 17.005989074707031 2.3222768306732178 0.30626970529556274
    endloop
  endfacet
  facet normal 0.026989343015060261 0.1055982373970466 -0.99404254819512261
    outer loop
      vertex 15.739419937133789 1.1952111721038818 0.14662270247936249
      vertex 16.543876647949219 2.382087230682373 0.29454773664474487
      vertex 16.503177642822266 1.7579119205474854 0.22713588178157806
    endloop
  endfacet
  facet normal 0.039544752412415021 0.11612718717668175 -0.99244681920749422
    outer loop
      vertex 17.303396224975586 1.6772907972335815 0.2465079128742218
      vertex 17.102693557739258 1.6988189220428467 0.24102979898452759
      vertex 17.4649658203125 2.2553937435150146 0.32059016823768616
    endloop
  endfacet
  facet normal 0.045385442289130176 0.1190184396249476 -0.99185420937628843
    outer loop
      vertex 17.705482482910156 1.6314419507980347 0.2588336169719696
      vertex 17.50432014465332 1.654837965965271 0.25243622064590454
      vertex 17.693397521972656 2.2191827297210693 0.32880711555480957
    endloop
  endfacet
  facet normal 0.058956174967608403 0.11920972691750133 -0.99111715273293655
    outer loop
      vertex 17.705482482910156 1.6314419507980347 0.2588336169719696
      vertex 17.693397521972656 2.2191827297210693 0.32880711555480957
      vertex 17.921194076538086 2.1810626983642578 0.33777248859405518
    endloop
  endfacet
  facet normal 0.048784451815128638 0.12321098236603002 -0.99118067529865361
    outer loop
      vertex 17.906896591186523 1.6070840358734131 0.26571905612945557
      vertex 17.705482482910156 1.6314419507980347 0.2588336169719696
      vertex 17.921194076538086 2.1810626983642578 0.33777248859405518
    endloop
  endfacet
  facet normal 0.064132012419225948 0.12272644549051633 -0.99036624768836079
    outer loop
      vertex 17.906896591186523 1.6070840358734131 0.26571905612945557
      vertex 17.921194076538086 2.1810626983642578 0.33777248859405518
      vertex 18.148399353027344 2.1409869194030762 0.3475191593170166
    endloop
  endfacet
  facet normal 0.091216588152217962 0.25568253112296419 -0.96244790888879961
    outer loop
      vertex 21.070978164672852 0.74243748188018799 0.34162601828575134
      vertex 20.606376647949219 0.79629820585250854 0.31190168857574463
      vertex 20.622766494750977 1.557648777961731 0.51571434736251831
    endloop
  endfacet
  facet normal 0.18057818637729656 0.299358103430519 -0.93689713657112283
    outer loop
      vertex 21.070978164672852 0.74243748188018799 0.34162601828575134
      vertex 20.622766494750977 1.557648777961731 0.51571434736251831
      vertex 20.846714019775391 1.4904431104660034 0.53740453720092773
    endloop
  endfacet
  facet normal 0.056215358741450873 0.13359509185036014 -0.98944033921963381
    outer loop
      vertex 18.108573913574219 1.5817457437515259 0.27311140298843384
      vertex 18.375066757202148 2.0989084243774414 0.35808002948760986
      vertex 18.310531616210938 1.5554084777832031 0.28102961182594299
    endloop
  endfacet
  facet normal 0.052388671191959349 0.1280411186131441 -0.99038421790486708
    outer loop
      vertex 18.108573913574219 1.5817457437515259 0.27311140298843384
      vertex 17.906896591186523 1.6070840358734131 0.26571905612945557
      vertex 18.148399353027344 2.1409869194030762 0.3475191593170166
    endloop
  endfacet
  facet normal 0.069622234738692015 0.12669558867550204 -0.98949531188387063
    outer loop
      vertex 18.108573913574219 1.5817457437515259 0.27311140298843384
      vertex 18.148399353027344 2.1409869194030762 0.3475191593170166
      vertex 18.375066757202148 2.0989084243774414 0.35808002948760986
    endloop
  endfacet
  facet normal 0.063575367215544312 0.13940329900230458 -0.9881927407700799
    outer loop
      vertex 18.71534538269043 1.4996623992919922 0.29851916432380676
      vertex 18.512784957885742 1.5280535221099854 0.28949254751205444
      vertex 18.601240158081055 2.0547802448272705 0.36948809027671814
    endloop
  endfacet
  facet normal 0.082998575335959571 0.14314300549389708 -0.98621565413979062
    outer loop
      vertex 18.71534538269043 1.4996623992919922 0.29851916432380676
      vertex 18.601240158081055 2.0547802448272705 0.36948809027671814
      vertex 18.826972961425781 2.0085554122924805 0.38177621364593506
    endloop
  endfacet
  facet normal 0.072743109301114148 0.15473647534421975 -0.98527410564129492
    outer loop
      vertex 19.12144660949707 1.439697265625 0.31833899021148682
      vertex 18.918228149414062 1.4702165126800537 0.30812832713127136
      vertex 19.052312850952148 1.9601871967315674 0.39497733116149902
    endloop
  endfacet
  facet normal 0.097206721481803607 0.15760767437615272 -0.98270579232876198
    outer loop
      vertex 19.12144660949707 1.439697265625 0.31833899021148682
      vertex 19.052312850952148 1.9601871967315674 0.39497733116149902
      vertex 19.277305603027344 1.9096283912658691 0.40912434458732605
    endloop
  endfacet
  facet normal 0.068009025516326205 0.14653718015286735 -0.98686454353227504
    outer loop
      vertex 18.918228149414062 1.4702165126800537 0.30812832713127136
      vertex 18.71534538269043 1.4996623992919922 0.29851916432380676
      vertex 18.826972961425781 2.0085554122924805 0.38177621364593506
    endloop
  endfacet
  facet normal 0.089863538785116617 0.1499325208825045 -0.98460387140150596
    outer loop
      vertex 18.918228149414062 1.4702165126800537 0.30812832713127136
      vertex 18.826972961425781 2.0085554122924805 0.38177621364593506
      vertex 19.052312850952148 1.9601871967315674 0.39497733116149902
    endloop
  endfacet
  facet normal 0.083261150714110527 0.1750234407368875 -0.98103739784698485
    outer loop
      vertex 19.325017929077148 1.4080861806869507 0.32917004823684692
      vertex 19.502004623413086 1.8568322658538818 0.42425021529197693
      vertex 19.528953552246094 1.3753644227981567 0.34064039587974548
    endloop
  endfacet
  facet normal 0.12331490811228735 0.18699041761853941 -0.97459120515019149
    outer loop
      vertex 19.950708389282227 1.744340181350708 0.45757013559341431
      vertex 19.688209533691406 0.89434236288070679 0.26127094030380249
      vertex 19.733268737792969 1.3415135145187378 0.35276898741722107
    endloop
  endfacet
  facet normal 0.077160607146672985 0.22047447510326826 -0.97233597410190231
    outer loop
      vertex 20.606376647949219 0.79629820585250854 0.31190168857574463
      vertex 20.202535629272461 1.4477697910349345e-33 0.099296115338802338
      vertex 19.688209533691406 0.89434236288070679 0.26127094030380249
    endloop
  endfacet
  facet normal 0.089140956382960795 0.18754690224465603 -0.97820245826391428
    outer loop
      vertex 19.726455688476562 1.8017518520355225 0.44038781523704529
      vertex 19.733268737792969 1.3415135145187378 0.35276898741722107
      vertex 19.528953552246094 1.3753644227981567 0.34064039587974548
    endloop
  endfacet
  facet normal 0.077812011872186157 0.16416636137525778 -0.98335888494547652
    outer loop
      vertex 19.325017929077148 1.4080861806869507 0.32917004823684692
      vertex 19.12144660949707 1.439697265625 0.31833899021148682
      vertex 19.277305603027344 1.9096283912658691 0.40912434458732605
    endloop
  endfacet
  facet normal 0.10507486359006955 0.16629797741669769 -0.98046124642876309
    outer loop
      vertex 19.325017929077148 1.4080861806869507 0.32917004823684692
      vertex 19.277305603027344 1.9096283912658691 0.40912434458732605
      vertex 19.502004623413086 1.8568322658538818 0.42425021529197693
    endloop
  endfacet
  facet normal 0.060286145799653981 0.13997470860532746 -0.9883180973631297
    outer loop
      vertex 18.601240158081055 2.0547802448272705 0.36948809027671814
      vertex 18.512784957885742 1.5280535221099854 0.28949254751205444
      vertex 18.310531616210938 1.5554084777832031 0.28102961182594299
    endloop
  endfacet
  facet normal 0.10126095211039372 0.28020674279420887 -0.95458388885962075
    outer loop
      vertex 21.539285659790039 0.68521881103515625 0.37450757622718811
      vertex 21.070978164672852 0.74243748188018799 0.34162601828575134
      vertex 20.846714019775391 1.4904431104660034 0.53740453720092773
    endloop
  endfacet
  facet normal 0.20535816691987813 0.3606808843301782 -0.90980070507672617
    outer loop
      vertex 21.539285659790039 0.68521881103515625 0.37450757622718811
      vertex 20.846714019775391 1.4904431104660034 0.53740453720092773
      vertex 21.070709228515625 1.4206715822219849 0.56030404567718506
    endloop
  endfacet
  facet normal 0.17373992322952198 0.43168547211937763 -0.88513394028094394
    outer loop
      vertex 21.743457794189453 1.1954928636550903 0.63658756017684937
      vertex 22.237794876098633 0.83624160289764404 0.5584101676940918
      vertex 22.011322021484375 0.62454307079315186 0.41070985794067383
    endloop
  endfacet
  facet normal 0.13593343237229785 0.46494846182710842 -0.87484000240506365
    outer loop
      vertex 22.237794876098633 0.83624160289764404 0.5584101676940918
      vertex 22.507465362548828 0.5574944019317627 0.45216691493988037
      vertex 22.011322021484375 0.62454307079315186 0.41070985794067383
    endloop
  endfacet
  facet normal 0.13593343237229782 0.46494846182710831 -0.87484000240506365
    outer loop
      vertex 22.777135848999023 0.27874720096588135 0.34592366218566895
      vertex 22.011322021484375 0.62454307079315186 0.41070985794067383
      vertex 22.507465362548828 0.5574944019317627 0.45216691493988037
    endloop
  endfacet
  facet normal 0.3142476581953067 0.80016166386592014 -0.51087153081580872
    outer loop
      vertex 23.548236846923828 0.38251984119415283 0.5671352744102478
      vertex 23.197738647460938 0.62309080362319946 0.72833514213562012
      vertex 23.482742309570312 0.55397480726242065 0.79539263248443604
    endloop
  endfacet
  facet normal 0.24067320333276174 0.80796206628990008 -0.53784171336379449
    outer loop
      vertex 23.548236846923828 0.38251984119415283 0.5671352744102478
      vertex 23.482742309570312 0.55397480726242065 0.79539263248443604
      vertex 23.811243057250977 0.32846829295158386 0.60362732410430908
    endloop
  endfacet
  facet normal 0.3191457325677361 0.83925805575933077 -0.44021803373654672
    outer loop
      vertex 23.811243057250977 0.32846829295158386 0.60362732410430908
      vertex 23.482742309570312 0.55397480726242065 0.79539263248443604
      vertex 23.783388137817383 0.4758111834526062 0.86433660984039307
    endloop
  endfacet
  facet normal 0.24980935052773146 0.85417172743404191 -0.45605476473912387
    outer loop
      vertex 23.811243057250977 0.32846829295158386 0.60362732410430908
      vertex 23.783388137817383 0.4758111834526062 0.86433660984039307
      vertex 24.064098358154297 0.27417027950286865 0.64043384790420532
    endloop
  endfacet
  facet normal 0.11510171249556658 0.33816657704732961 -0.93402085734135532
    outer loop
      vertex 22.011322021484375 0.62454307079315186 0.41070985794067383
      vertex 21.539285659790039 0.68521881103515625 0.37450757622718811
      vertex 21.294797897338867 1.3482873439788818 0.5844457745552063
    endloop
  endfacet
  facet normal 0.24825046160533035 0.451507025205652 -0.85703740554463725
    outer loop
      vertex 22.011322021484375 0.62454307079315186 0.41070985794067383
      vertex 21.294797897338867 1.3482873439788818 0.5844457745552063
      vertex 21.519031524658203 1.2732433080673218 0.60986262559890747
    endloop
  endfacet
  facet normal 0.25771337489161694 0.63899377957795545 -0.72475565955889742
    outer loop
      vertex 22.769105911254883 0.70516473054885864 0.62172400951385498
      vertex 22.611335754394531 0.74529314041137695 0.60100299119949341
      vertex 22.30047607421875 0.99484944343566895 0.71049124002456665
    endloop
  endfacet
  facet normal 0.34386324022540038 0.73525566402631815 -0.58408662074978823
    outer loop
      vertex 22.769105911254883 0.70516473054885864 0.62172400951385498
      vertex 22.30047607421875 0.99484944343566895 0.71049124002456665
      vertex 22.535573959350586 0.91404682397842407 0.74718260765075684
    endloop
  endfacet
  facet normal 0.29576518141042579 0.76628414307592196 -0.57037844413657313
    outer loop
      vertex 22.853277206420898 0.80933213233947754 0.79992634057998657
      vertex 23.197738647460938 0.62309080362319946 0.72833514213562012
      vertex 22.95335578918457 0.6573675274848938 0.64766198396682739
    endloop
  endfacet
  facet normal 0.27459301714089568 0.7017994001317106 -0.6573250922581847
    outer loop
      vertex 22.535573959350586 0.91404682397842407 0.74718260765075684
      vertex 22.95335578918457 0.6573675274848938 0.64766198396682739
      vertex 22.769105911254883 0.70516473054885864 0.62172400951385498
    endloop
  endfacet
  facet normal 0.31030066073628826 0.83018113816711359 -0.463155241553174
    outer loop
      vertex 23.281076431274414 0.67313772439956665 0.87387549877166748
      vertex 23.482742309570312 0.55397480726242065 0.79539263248443604
      vertex 23.197738647460938 0.62309080362319946 0.72833514213562012
    endloop
  endfacet
  facet normal 0.21401240852624079 0.52179072356798295 -0.82579242536802089
    outer loop
      vertex 22.413822174072266 0.79413336515426636 0.5774226188659668
      vertex 22.237794876098633 0.83624160289764404 0.5584101676940918
      vertex 21.968124389648438 1.1149888038635254 0.66465342044830322
    endloop
  endfacet
  facet normal 0.32577341871318893 0.6413772417869108 -0.69462717581284961
    outer loop
      vertex 22.413822174072266 0.79413336515426636 0.5774226188659668
      vertex 21.968124389648438 1.1149888038635254 0.66465342044830322
      vertex 22.120491027832031 1.0593075752258301 0.68469917774200439
    endloop
  endfacet
  facet normal 0.2360796282189831 0.57735268911041315 -0.78162029241631215
    outer loop
      vertex 22.611335754394531 0.74529314041137695 0.60100299119949341
      vertex 22.413822174072266 0.79413336515426636 0.5774226188659668
      vertex 22.120491027832031 1.0593075752258301 0.68469917774200439
    endloop
  endfacet
  facet normal 0.34059328331263683 0.69976350256945197 -0.62795481989873314
    outer loop
      vertex 22.611335754394531 0.74529314041137695 0.60100299119949341
      vertex 22.120491027832031 1.0593075752258301 0.68469917774200439
      vertex 22.30047607421875 0.99484944343566895 0.71049124002456665
    endloop
  endfacet
  facet normal 0.3197098118381021 0.83545653107094964 -0.4469877189647839
    outer loop
      vertex 23.783388137817383 0.4758111834526062 0.86433660984039307
      vertex 23.482742309570312 0.55397480726242065 0.79539263248443604
      vertex 23.281076431274414 0.67313772439956665 0.87387549877166748
    endloop
  endfacet
  facet normal 0.31745627278581612 0.87777831736821166 -0.35878508947163401
    outer loop
      vertex 24.092029571533203 0.39015030860900879 0.92785346508026123
      vertex 23.783388137817383 0.4758111834526062 0.86433660984039307
      vertex 23.846469879150391 0.4978959858417511 0.97418302297592163
    endloop
  endfacet
  facet normal 0.042667208270378135 0.11993061226664244 -0.99186498959271685
    outer loop
      vertex 17.693397521972656 2.2191827297210693 0.32880711555480957
      vertex 17.50432014465332 1.654837965965271 0.25243622064590454
      vertex 17.303396224975586 1.6772907972335815 0.2465079128742218
    endloop
  endfacet
  facet normal 0.1038802719550274 0.30646435905078501 -0.94619685358287942
    outer loop
      vertex 21.602653503417969 7.4416488221628839e-34 0.15952855348587036
      vertex 21.070978164672852 0.74243748188018799 0.34162601828575134
      vertex 21.539285659790039 0.68521881103515625 0.37450757622718811
    endloop
  endfacet
  facet normal 0.075451890715311248 0.13117532901469825 -0.98848371015680903
    outer loop
      vertex 18.375066757202148 2.0989084243774414 0.35808002948760986
      vertex 18.601240158081055 2.0547802448272705 0.36948809027671814
      vertex 18.310531616210938 1.5554084777832031 0.28102961182594299
    endloop
  endfacet
  facet normal 0.1135298693992252 0.17615437442657983 -0.9777937436517864
    outer loop
      vertex 19.502004623413086 1.8568322658538818 0.42425021529197693
      vertex 19.726455688476562 1.8017518520355225 0.44038781523704529
      vertex 19.528953552246094 1.3753644227981567 0.34064039587974548
    endloop
  endfacet
  facet normal 0.12264077979088724 0.18735806276865583 -0.97460566151026407
    outer loop
      vertex 19.726455688476562 1.8017518520355225 0.44038781523704529
      vertex 19.950708389282227 1.744340181350708 0.45757013559341431
      vertex 19.733268737792969 1.3415135145187378 0.35276898741722107
    endloop
  endfacet
  facet normal 0.16021743652418796 0.25203295059091552 -0.95436353914535876
    outer loop
      vertex 20.398815155029297 1.6223355531692505 0.49520045518875122
      vertex 20.622766494750977 1.557648777961731 0.51571434736251831
      vertex 20.606376647949219 0.79629820585250854 0.31190168857574463
    endloop
  endfacet
  facet normal 0.15222677956930708 0.25040981859233086 -0.95609723895350396
    outer loop
      vertex 20.174812316894531 1.684550404548645 0.47583001852035522
      vertex 20.398815155029297 1.6223355531692505 0.49520045518875122
      vertex 20.606376647949219 0.79629820585250854 0.31190168857574463
    endloop
  endfacet
  facet normal 0.3025078805065462 0.58072944126271919 -0.75580572787067912
    outer loop
      vertex 21.743457794189453 1.1954928636550903 0.63658756017684937
      vertex 21.968124389648438 1.1149888038635254 0.66465342044830322
      vertex 22.237794876098633 0.83624160289764404 0.5584101676940918
    endloop
  endfacet
  facet normal 0.25996356007014149 0.45822602892659237 -0.84996932524051938
    outer loop
      vertex 21.519031524658203 1.2732433080673218 0.60986262559890747
      vertex 21.743457794189453 1.1954928636550903 0.63658756017684937
      vertex 22.011322021484375 0.62454307079315186 0.41070985794067383
    endloop
  endfacet
  facet normal 0.30733177567949449 0.92858924970835588 -0.2080124635298603
    outer loop
      vertex 24.725261688232422 0.21086999773979187 1.0559158325195312
      vertex 25.055301666259766 0.11489148437976837 1.1150813102722168
      vertex 24.91609001159668 0.012535831891000271 0.45247426629066467
    endloop
  endfacet
  facet normal 0.11082759654961327 0.95401720256547073 -0.27851107886795007
    outer loop
      vertex 24.725261688232422 0.21086999773979187 1.0559158325195312
      vertex 24.91609001159668 0.012535831891000271 0.45247426629066467
      vertex 24.792093276977539 0.023008067160844803 0.43900418281555176
    endloop
  endfacet
  facet normal 0.31273009504240773 0.91301875815085132 -0.26190959302676248
    outer loop
      vertex 24.410804748535156 0.30144664645195007 0.9961930513381958
      vertex 24.576946258544922 0.27603927254676819 1.1060020923614502
      vertex 24.725261688232422 0.21086999773979187 1.0559158325195312
    endloop
  endfacet
  facet normal 0.31253239338610705 0.9129456635726122 -0.26239992082375718
    outer loop
      vertex 25.055301666259766 0.11489148437976837 1.1150813102722168
      vertex 24.725261688232422 0.21086999773979187 1.0559158325195312
      vertex 24.576946258544922 0.27603927254676819 1.1060020923614502
    endloop
  endfacet
  facet normal 0.21579484146457373 0.36616385104015142 -0.90518319725275787
    outer loop
      vertex 21.294797897338867 1.3482873439788818 0.5844457745552063
      vertex 21.539285659790039 0.68521881103515625 0.37450757622718811
      vertex 21.070709228515625 1.4206715822219849 0.56030404567718506
    endloop
  endfacet
  facet normal 0.34045586544368422 0.8119529162708452 -0.47415426334080518
    outer loop
      vertex 22.853277206420898 0.80933213233947754 0.79992634057998657
      vertex 23.281076431274414 0.67313772439956665 0.87387549877166748
      vertex 23.197738647460938 0.62309080362319946 0.72833514213562012
    endloop
  endfacet
  facet normal 0.34292364281803139 0.76792179282425821 -0.5410170933547187
    outer loop
      vertex 22.535573959350586 0.91404682397842407 0.74718260765075684
      vertex 22.853277206420898 0.80933213233947754 0.79992634057998657
      vertex 22.95335578918457 0.6573675274848938 0.64766198396682739
    endloop
  endfacet
  facet normal 0.32006401221834924 0.88016754016503318 -0.35051979875968042
    outer loop
      vertex 24.092029571533203 0.39015030860900879 0.92785346508026123
      vertex 23.846469879150391 0.4978959858417511 0.97418302297592163
      vertex 24.410804748535156 0.30144664645195007 0.9961930513381958
    endloop
  endfacet
  facet normal 0.31550801959131841 0.92451449031914379 -0.21384023654003478
    outer loop
      vertex 25.055301666259766 0.11489148437976837 1.1150813102722168
      vertex 24.576946258544922 0.27603927254676819 1.1060020923614502
      vertex 25.5 0 1.2744855880737305
    endloop
  endfacet
  facet normal 0.32513407195156152 0.90227890214826056 -0.28316182298171222
    outer loop
      vertex 24.410804748535156 0.30144664645195007 0.9961930513381958
      vertex 23.846469879150391 0.4978959858417511 0.97418302297592163
      vertex 24.576946258544922 0.27603927254676819 1.1060020923614502
    endloop
  endfacet
  facet normal 0.3341596923268868 0.86834822350646779 -0.3664814630471257
    outer loop
      vertex 23.281076431274414 0.67313772439956665 0.87387549877166748
      vertex 23.846469879150391 0.4978959858417511 0.97418302297592163
      vertex 23.783388137817383 0.4758111834526062 0.86433660984039307
    endloop
  endfacet
  facet normal 0.053479208449647118 0.11220685436231068 -0.99224472591075752
    outer loop
      vertex 17.693397521972656 2.2191827297210693 0.32880711555480957
      vertex 17.303396224975586 1.6772907972335815 0.2465079128742218
      vertex 17.4649658203125 2.2553937435150146 0.32059016823768616
    endloop
  endfacet
  facet normal 0.43513186845023949 0.876078584424407 -0.20771752687708092
    outer loop
      vertex 22.539852142333984 1.0102064609527588 1.3620240688323975
      vertex 22.624959945678711 0.97192370891571045 1.3788470029830933
      vertex 22.365711212158203 1.0181705951690674 1.0308191776275635
    endloop
  endfacet
  facet normal 0.40072863721670682 0.89646140315973677 -0.18913886950946016
    outer loop
      vertex 22.539852142333984 1.0102064609527588 1.3620240688323975
      vertex 22.365711212158203 1.0181705951690674 1.0308191776275635
      vertex 22.287639617919922 1.0502982139587402 1.0176841020584106
    endloop
  endfacet
  facet normal 0.43341083536345393 0.87953745317615795 -0.19638970505082737
    outer loop
      vertex 22.624959945678711 0.97192370891571045 1.3788470029830933
      vertex 22.713186264038086 0.93240815401077271 1.3965812921524048
      vertex 22.44801139831543 0.98456835746765137 1.0449701547622681
    endloop
  endfacet
  facet normal 0.39794672595566277 0.90020891642148138 -0.17681151007904169
    outer loop
      vertex 22.624959945678711 0.97192370891571045 1.3788470029830933
      vertex 22.44801139831543 0.98456835746765137 1.0449701547622681
      vertex 22.365711212158203 1.0181705951690674 1.0308191776275635
    endloop
  endfacet
  facet normal 0.43121502746514123 0.87383986986336581 -0.22462742914749656
    outer loop
      vertex 22.341146469116211 1.0989925861358643 1.3239912986755371
      vertex 22.44007682800293 1.0549830198287964 1.3427020311355591
      vertex 22.196821212768555 1.0876349210739136 1.0027482509613037
    endloop
  endfacet
  facet normal 0.39748320941345777 0.89321932989737429 -0.21015786193255437
    outer loop
      vertex 22.341146469116211 1.0989925861358643 1.3239912986755371
      vertex 22.196821212768555 1.0876349210739136 1.0027482509613037
      vertex 22.106657028198242 1.1243463754653931 0.98824787139892578
    endloop
  endfacet
  facet normal 0.43430084079588155 0.87441342423861035 -0.21629596204113027
    outer loop
      vertex 22.44007682800293 1.0549830198287964 1.3427020311355591
      vertex 22.539852142333984 1.0102064609527588 1.3620240688323975
      vertex 22.287639617919922 1.0502982139587402 1.0176841020584106
    endloop
  endfacet
  facet normal 0.40055528286629583 0.89401026451327081 -0.20075136939212582
    outer loop
      vertex 22.44007682800293 1.0549830198287964 1.3427020311355591
      vertex 22.287639617919922 1.0502982139587402 1.0176841020584106
      vertex 22.196821212768555 1.0876349210739136 1.0027482509613037
    endloop
  endfacet
  facet normal 0.26210651901981025 0.95616386920788421 0.13057881875988162
    outer loop
      vertex 25.070198059082031 0.09435262531042099 1.4463152885437012
      vertex 25.5 0 1.2744855880737305
      vertex 24.576946258544922 0.27603927254676819 1.1060020923614502
    endloop
  endfacet
  facet normal 0.28310890712619685 0.95617376736019211 0.074706581490708052
    outer loop
      vertex 24.180995941162109 0.36939612030982971 1.351136326789856
      vertex 23.846469879150391 0.4978959858417511 0.97418302297592163
      vertex 23.281076431274414 0.67313772439956665 0.87387549877166748
    endloop
  endfacet
  facet normal 0.27617158309301687 0.95765774096037848 0.081368961346212548
    outer loop
      vertex 23.846469879150391 0.4978959858417511 0.97418302297592163
      vertex 24.180995941162109 0.36939612030982971 1.351136326789856
      vertex 24.576946258544922 0.27603927254676819 1.1060020923614502
    endloop
  endfacet
  facet normal 0.33664155960930675 0.93696990454888252 -0.0935941147373653
    outer loop
      vertex 22.535573959350586 0.91404682397842407 0.74718260765075684
      vertex 22.30047607421875 0.99484944343566895 0.71049124002456665
      vertex 23.425329208374023 0.73412305116653442 2.1462602615356445
    endloop
  endfacet
  facet normal 0.35043186434824536 0.92806791915172493 -0.12604541201805064
    outer loop
      vertex 22.44801139831543 0.98456835746765137 1.0449701547622681
      vertex 22.30047607421875 0.99484944343566895 0.71049124002456665
      vertex 22.120491027832031 1.0593075752258301 0.68469917774200439
    endloop
  endfacet
  facet normal 0.40141956638302501 0.89390078126946038 -0.1995087090096882
    outer loop
      vertex 21.968124389648438 1.1149888038635254 0.66465342044830322
      vertex 22.287639617919922 1.0502982139587402 1.0176841020584106
      vertex 22.365711212158203 1.0181705951690674 1.0308191776275635
    endloop
  endfacet
  facet normal 0.35623176758947345 0.92344755106568621 -0.14263081080491163
    outer loop
      vertex 21.968124389648438 1.1149888038635254 0.66465342044830322
      vertex 22.365711212158203 1.0181705951690674 1.0308191776275635
      vertex 22.120491027832031 1.0593075752258301 0.68469917774200439
    endloop
  endfacet
  facet normal 0.34888320870529205 0.92874648079010547 -0.12534145803960417
    outer loop
      vertex 22.44801139831543 0.98456835746765137 1.0449701547622681
      vertex 22.713186264038086 0.93240815401077271 1.3965812921524048
      vertex 22.30047607421875 0.99484944343566895 0.71049124002456665
    endloop
  endfacet
  facet normal 0.49864498496359666 0.85066138588439599 -0.16651842401336001
    outer loop
      vertex 22.853277206420898 0.80933213233947754 0.79992634057998657
      vertex 23.752725601196289 0.56278049945831299 2.2338426113128662
      vertex 24.090463638305664 0.38349261879920959 2.3293161392211914
    endloop
  endfacet
  facet normal 0.29963692388271912 0.95377173985094332 0.02317718938539106
    outer loop
      vertex 22.853277206420898 0.80933213233947754 0.79992634057998657
      vertex 24.090463638305664 0.38349261879920959 2.3293161392211914
      vertex 23.281076431274414 0.67313772439956665 0.87387549877166748
    endloop
  endfacet
  facet normal 0.46600043580588263 0.831542519843815 -0.30229229484147668
    outer loop
      vertex 21.519031524658203 1.2732433080673218 0.60986262559890747
      vertex 22.205020904541016 1.3452376127243042 1.8653947114944458
      vertex 22.498048782348633 1.2030903100967407 1.9260962009429932
    endloop
  endfacet
  facet normal 0.34212952461584961 0.91688198326516035 -0.20560840729376575
    outer loop
      vertex 21.519031524658203 1.2732433080673218 0.60986262559890747
      vertex 22.498048782348633 1.2030903100967407 1.9260962009429932
      vertex 21.743457794189453 1.1954928636550903 0.63658756017684937
    endloop
  endfacet
  facet normal 0.44328606483279409 0.82913404714301087 -0.34063792594675479
    outer loop
      vertex 21.070709228515625 1.4206715822219849 0.56030404567718506
      vertex 21.639335632324219 1.6097368001937866 1.7604774236679077
      vertex 21.918979644775391 1.480707049369812 1.8103231191635132
    endloop
  endfacet
  facet normal 0.32208837123729778 0.90965864511025174 -0.26225985298914045
    outer loop
      vertex 21.070709228515625 1.4206715822219849 0.56030404567718506
      vertex 21.918979644775391 1.480707049369812 1.8103231191635132
      vertex 21.294797897338867 1.3482873439788818 0.5844457745552063
    endloop
  endfacet
  facet normal 0.43046856491829061 0.82783105715125138 -0.35971176715952591
    outer loop
      vertex 20.846714019775391 1.4904431104660034 0.53740453720092773
      vertex 21.36552619934082 1.7325596809387207 1.7154698371887207
      vertex 21.639335632324219 1.6097368001937866 1.7604774236679077
    endloop
  endfacet
  facet normal 0.31151449019877703 0.90486446444348845 -0.29013621522242722
    outer loop
      vertex 20.846714019775391 1.4904431104660034 0.53740453720092773
      vertex 21.639335632324219 1.6097368001937866 1.7604774236679077
      vertex 21.070709228515625 1.4206715822219849 0.56030404567718506
    endloop
  endfacet
  facet normal 0.45515095586456045 0.83036726452794707 -0.32144643935802319
    outer loop
      vertex 21.294797897338867 1.3482873439788818 0.5844457745552063
      vertex 21.918979644775391 1.480707049369812 1.8103231191635132
      vertex 22.205020904541016 1.3452376127243042 1.8653947114944458
    endloop
  endfacet
  facet normal 0.33230420408552719 0.91369523062571223 -0.23395499883291795
    outer loop
      vertex 21.294797897338867 1.3482873439788818 0.5844457745552063
      vertex 22.205020904541016 1.3452376127243042 1.8653947114944458
      vertex 21.519031524658203 1.2732433080673218 0.60986262559890747
    endloop
  endfacet
  facet normal 0.40235829108479182 0.82496410658305241 -0.39691564399120421
    outer loop
      vertex 20.398815155029297 1.6223355531692505 0.49520045518875122
      vertex 20.833320617675781 1.9604912996292114 1.63849937915802
      vertex 21.097023010253906 1.8494036197662354 1.6749290227890015
    endloop
  endfacet
  facet normal 0.28952356585550754 0.89347929570621798 -0.34332324849714491
    outer loop
      vertex 20.398815155029297 1.6223355531692505 0.49520045518875122
      vertex 21.097023010253906 1.8494036197662354 1.6749290227890015
      vertex 20.622766494750977 1.557648777961731 0.51571434736251831
    endloop
  endfacet
  facet normal 0.37171110110717653 0.8217281814756574 -0.4319648748247934
    outer loop
      vertex 19.950708389282227 1.744340181350708 0.45757013559341431
      vertex 20.318439483642578 2.1662631034851074 1.5766326189041138
      vertex 20.573942184448242 2.0660402774810791 1.6058416366577148
    endloop
  endfacet
  facet normal 0.26684677754496977 0.88061562586834341 -0.39154682579529537
    outer loop
      vertex 19.950708389282227 1.744340181350708 0.45757013559341431
      vertex 20.573942184448242 2.0660402774810791 1.6058416366577148
      vertex 20.174812316894531 1.684550404548645 0.47583001852035522
    endloop
  endfacet
  facet normal 0.35576882920574532 0.81997562148006853 -0.44840664618619175
    outer loop
      vertex 19.726455688476562 1.8017518520355225 0.44038781523704529
      vertex 20.066389083862305 2.2613670825958252 1.5505653619766235
      vertex 20.318439483642578 2.1662631034851074 1.5766326189041138
    endloop
  endfacet
  facet normal 0.2554256957368421 0.873966879820255 -0.41344843322305391
    outer loop
      vertex 19.726455688476562 1.8017518520355225 0.44038781523704529
      vertex 20.318439483642578 2.1662631034851074 1.5766326189041138
      vertex 19.950708389282227 1.744340181350708 0.45757013559341431
    endloop
  endfacet
  facet normal 0.38728628582010344 0.82339305433299403 -0.41476886441951316
    outer loop
      vertex 20.174812316894531 1.684550404548645 0.47583001852035522
      vertex 20.573942184448242 2.0660402774810791 1.6058416366577148
      vertex 20.833320617675781 1.9604912996292114 1.63849937915802
    endloop
  endfacet
  facet normal 0.27823630195542093 0.88716252740379675 -0.36814020460237656
    outer loop
      vertex 20.174812316894531 1.684550404548645 0.47583001852035522
      vertex 20.833320617675781 1.9604912996292114 1.63849937915802
      vertex 20.398815155029297 1.6223355531692505 0.49520045518875122
    endloop
  endfacet
  facet normal 0.41679297805226795 0.82644216266300019 -0.37851943836377122
    outer loop
      vertex 20.622766494750977 1.557648777961731 0.51571434736251831
      vertex 21.097023010253906 1.8494036197662354 1.6749290227890015
      vertex 21.36552619934082 1.7325596809387207 1.7154698371887207
    endloop
  endfacet
  facet normal 0.30064075353285025 0.89942600562626618 -0.31725068592263128
    outer loop
      vertex 20.622766494750977 1.557648777961731 0.51571434736251831
      vertex 21.36552619934082 1.7325596809387207 1.7154698371887207
      vertex 20.846714019775391 1.4904431104660034 0.53740453720092773
    endloop
  endfacet
  facet normal 0.35152315712124715 0.91928059645186611 -0.17707245690567569
    outer loop
      vertex 22.106657028198242 1.1243463754653931 0.98824787139892578
      vertex 21.968124389648438 1.1149888038635254 0.66465342044830322
      vertex 21.743457794189453 1.1954928636550903 0.63658756017684937
    endloop
  endfacet
  facet normal 0.33960745250459223 0.8181385144344927 -0.46402171220995936
    outer loop
      vertex 19.502004623413086 1.8568322658538818 0.42425021529197693
      vertex 19.817399978637695 2.3515543937683105 1.5273491144180298
      vertex 20.066389083862305 2.2613670825958252 1.5505653619766235
    endloop
  endfacet
  facet normal 0.24403323967137885 0.86733262161616809 -0.43379937922490885
    outer loop
      vertex 19.502004623413086 1.8568322658538818 0.42425021529197693
      vertex 20.066389083862305 2.2613670825958252 1.5505653619766235
      vertex 19.726455688476562 1.8017518520355225 0.44038781523704529
    endloop
  endfacet
  facet normal 0.36343321740162177 0.92313881427110644 0.12542338727382912
    outer loop
      vertex 24.502864837646484 0.18843770027160645 2.1652278900146484
      vertex 24.653627395629883 0.11994929611682892 2.2324576377868652
      vertex 24.771181106567383 0.18627625703811646 1.4036495685577393
    endloop
  endfacet
  facet normal 0.2836749430303771 0.95397784939425656 0.097235742203274647
    outer loop
      vertex 24.502864837646484 0.18843770027160645 2.1652278900146484
      vertex 24.771181106567383 0.18627625703811646 1.4036495685577393
      vertex 24.471591949462891 0.27820196747779846 1.3757878541946411
    endloop
  endfacet
  facet normal 0.32336451542729189 0.81622672607754998 -0.47875810363814958
    outer loop
      vertex 19.277305603027344 1.9096283912658691 0.40912434458732605
      vertex 19.57110595703125 2.4370222091674805 1.5067089796066284
      vertex 19.817399978637695 2.3515543937683105 1.5273491144180298
    endloop
  endfacet
  facet normal 0.23272617604236157 0.86080903808086984 -0.45259952158943689
    outer loop
      vertex 19.277305603027344 1.9096283912658691 0.40912434458732605
      vertex 19.817399978637695 2.3515543937683105 1.5273491144180298
      vertex 19.502004623413086 1.8568322658538818 0.42425021529197693
    endloop
  endfacet
  facet normal 0.28302725154337505 0.95357803281004261 0.10288104891539807
    outer loop
      vertex 24.771181106567383 0.18627625703811646 1.4036495685577393
      vertex 24.576946258544922 0.27603927254676819 1.1060020923614502
      vertex 24.471591949462891 0.27820196747779846 1.3757878541946411
    endloop
  endfacet
  facet normal 0.28959480929259479 0.95132130440139395 0.10546384320142978
    outer loop
      vertex 24.180995941162109 0.36939612030982971 1.351136326789856
      vertex 24.471591949462891 0.27820196747779846 1.3757878541946411
      vertex 24.576946258544922 0.27603927254676819 1.1060020923614502
    endloop
  endfacet
  facet normal 0.29268684674968548 0.95318929943280084 0.075924760036054792
    outer loop
      vertex 24.471591949462891 0.27820196747779846 1.3757878541946411
      vertex 24.180995941162109 0.36939612030982971 1.351136326789856
      vertex 24.333702087402344 0.26344311237335205 2.0926361083984375
    endloop
  endfacet
  facet normal 0.37100283294561598 0.92422184743854452 0.090392890558997741
    outer loop
      vertex 24.471591949462891 0.27820196747779846 1.3757878541946411
      vertex 24.333702087402344 0.26344311237335205 2.0926361083984375
      vertex 24.502864837646484 0.18843770027160645 2.1652278900146484
    endloop
  endfacet
  facet normal 0.27829781331881132 0.9545973041895689 0.1062747097666043
    outer loop
      vertex 24.771181106567383 0.18627625703811646 1.4036495685577393
      vertex 25.070198059082031 0.09435262531042099 1.4463152885437012
      vertex 24.576946258544922 0.27603927254676819 1.1060020923614502
    endloop
  endfacet
  facet normal 0.39778792115329448 0.90067587750854894 -0.17477909903288183
    outer loop
      vertex 22.44801139831543 0.98456835746765137 1.0449701547622681
      vertex 22.120491027832031 1.0593075752258301 0.68469917774200439
      vertex 22.365711212158203 1.0181705951690674 1.0308191776275635
    endloop
  endfacet
  facet normal 0.31249668113367424 0.94979667793629874 0.015234659878371627
    outer loop
      vertex 23.281076431274414 0.67313772439956665 0.87387549877166748
      vertex 24.090463638305664 0.38349261879920959 2.3293161392211914
      vertex 24.180995941162109 0.36939612030982971 1.351136326789856
    endloop
  endfacet
  facet normal 0.40041555615787983 0.89458085100003681 -0.19847539749506912
    outer loop
      vertex 22.196821212768555 1.0876349210739136 1.0027482509613037
      vertex 22.287639617919922 1.0502982139587402 1.0176841020584106
      vertex 21.968124389648438 1.1149888038635254 0.66465342044830322
    endloop
  endfacet
  facet normal 0.31832755368401827 0.9472662108899228 -0.03680073738115313
    outer loop
      vertex 22.535573959350586 0.91404682397842407 0.74718260765075684
      vertex 23.752725601196289 0.56278049945831299 2.2338426113128662
      vertex 22.853277206420898 0.80933213233947754 0.79992634057998657
    endloop
  endfacet
  facet normal 0.34659971100350029 0.91839913227663295 0.19081843245823413
    outer loop
      vertex 24.789987564086914 0.058711331337690353 2.281566858291626
      vertex 25.149999618530273 0 1.9102209806442261
      vertex 25.5 0 1.2744855880737305
    endloop
  endfacet
  facet normal 0.26138452301920956 0.95664161098399503 0.12851054143519516
    outer loop
      vertex 24.789987564086914 0.058711331337690353 2.281566858291626
      vertex 25.5 0 1.2744855880737305
      vertex 25.070198059082031 0.09435262531042099 1.4463152885437012
    endloop
  endfacet
  facet normal 0.30717326691646823 0.81425077295985759 -0.49258528482501274
    outer loop
      vertex 19.052312850952148 1.9601871967315674 0.39497733116149902
      vertex 19.327169418334961 2.5179622173309326 1.4883866310119629
      vertex 19.57110595703125 2.4370222091674805 1.5067089796066284
    endloop
  endfacet
  facet normal 0.22155617864509172 0.85447212917340187 -0.46988321971534341
    outer loop
      vertex 19.052312850952148 1.9601871967315674 0.39497733116149902
      vertex 19.57110595703125 2.4370222091674805 1.5067089796066284
      vertex 19.277305603027344 1.9096283912658691 0.40912434458732605
    endloop
  endfacet
  facet normal 0.29116024671862861 0.81221887403754633 -0.50549600531352179
    outer loop
      vertex 18.826972961425781 2.0085554122924805 0.38177621364593506
      vertex 19.085281372070312 2.5945613384246826 1.4721393585205078
      vertex 19.327169418334961 2.5179622173309326 1.4883866310119629
    endloop
  endfacet
  facet normal 0.2105559155383539 0.84838234436739268 -0.4857093824474592
    outer loop
      vertex 18.826972961425781 2.0085554122924805 0.38177621364593506
      vertex 19.327169418334961 2.5179622173309326 1.4883866310119629
      vertex 19.052312850952148 1.9601871967315674 0.39497733116149902
    endloop
  endfacet
  facet normal 0.26008721549205449 0.80803238611691042 -0.52861924229430191
    outer loop
      vertex 18.375066757202148 2.0989084243774414 0.35808002948760986
      vertex 18.606542587280273 2.7354586124420166 1.444981575012207
      vertex 18.845157623291016 2.6670012474060059 1.4577411413192749
    endloop
  endfacet
  facet normal 0.18921183459762952 0.83707600855170161 -0.51332507980357922
    outer loop
      vertex 18.375066757202148 2.0989084243774414 0.35808002948760986
      vertex 18.845157623291016 2.6670012474060059 1.4577411413192749
      vertex 18.601240158081055 2.0547802448272705 0.36948809027671814
    endloop
  endfacet
  facet normal 0.24520816494113359 0.80589192978113799 -0.53889809181313242
    outer loop
      vertex 18.148399353027344 2.1409869194030762 0.3475191593170166
      vertex 18.369213104248047 2.8001046180725098 1.4336669445037842
      vertex 18.606542587280273 2.7354586124420166 1.444981575012207
    endloop
  endfacet
  facet normal 0.17890752572725227 0.83189351778019682 -0.52530493269475576
    outer loop
      vertex 18.148399353027344 2.1409869194030762 0.3475191593170166
      vertex 18.606542587280273 2.7354586124420166 1.444981575012207
      vertex 18.375066757202148 2.0989084243774414 0.35808002948760986
    endloop
  endfacet
  facet normal 0.27543203399458099 0.81014340459571133 -0.51749865568876352
    outer loop
      vertex 18.601240158081055 2.0547802448272705 0.36948809027671814
      vertex 18.845157623291016 2.6670012474060059 1.4577411413192749
      vertex 19.085281372070312 2.5945613384246826 1.4721393585205078
    endloop
  endfacet
  facet normal 0.19976686968684301 0.84257550148463844 -0.50015969657043524
    outer loop
      vertex 18.601240158081055 2.0547802448272705 0.36948809027671814
      vertex 19.085281372070312 2.5945613384246826 1.4721393585205078
      vertex 18.826972961425781 2.0085554122924805 0.38177621364593506
    endloop
  endfacet
  facet normal 0.21707775985300562 0.80154962708045063 -0.55713144006095283
    outer loop
      vertex 17.693397521972656 2.2191827297210693 0.32880711555480957
      vertex 17.897638320922852 2.9186229705810547 1.4146769046783447
      vertex 18.132968902587891 2.8611056804656982 1.423619270324707
    endloop
  endfacet
  facet normal 0.15912518658324165 0.82245460224937372 -0.5461205015687226
    outer loop
      vertex 17.693397521972656 2.2191827297210693 0.32880711555480957
      vertex 18.132968902587891 2.8611056804656982 1.423619270324707
      vertex 17.921194076538086 2.1810626983642578 0.33777248859405518
    endloop
  endfacet
  facet normal 0.18026190131826222 0.79984069032675531 -0.57250372665227678
    outer loop
      vertex 17.235845565795898 2.2897427082061768 0.31308865547180176
      vertex 17.195835113525391 3.0718066692352295 1.3931064605712891
      vertex 17.429172515869141 3.0238251686096191 1.3995418548583984
    endloop
  endfacet
  facet normal 0.13994417488598712 0.80870779611936439 -0.57132068789012058
    outer loop
      vertex 17.235845565795898 2.2897427082061768 0.31308865547180176
      vertex 17.429172515869141 3.0238251686096191 1.3995418548583984
      vertex 17.4649658203125 2.2553937435150146 0.32059016823768616
    endloop
  endfacet
  facet normal 0.16888996289368838 0.79735757557807918 -0.57939371510400117
    outer loop
      vertex 17.005989074707031 2.3222768306732178 0.30626970529556274
      vertex 16.963003158569336 3.1168975830078125 1.3872910737991333
      vertex 17.195835113525391 3.0718066692352295 1.3931064605712891
    endloop
  endfacet
  facet normal 0.13113104321093166 0.80525597615133571 -0.57824515767879314
    outer loop
      vertex 17.005989074707031 2.3222768306732178 0.30626970529556274
      vertex 17.195835113525391 3.0718066692352295 1.3931064605712891
      vertex 17.235845565795898 2.2897427082061768 0.31308865547180176
    endloop
  endfacet
  facet normal 0.20390709778637223 0.79935481535162689 -0.56520241917962932
    outer loop
      vertex 17.4649658203125 2.2553937435150146 0.32059016823768616
      vertex 17.663078308105469 2.9728124141693115 1.4066941738128662
      vertex 17.897638320922852 2.9186229705810547 1.4146769046783447
    endloop
  endfacet
  facet normal 0.14966587513919719 0.81816914165723953 -0.55515707818479099
    outer loop
      vertex 17.4649658203125 2.2553937435150146 0.32059016823768616
      vertex 17.897638320922852 2.9186229705810547 1.4146769046783447
      vertex 17.693397521972656 2.2191827297210693 0.32880711555480957
    endloop
  endfacet
  facet normal 0.23085578822907005 0.80372969402335437 -0.54838324553751638
    outer loop
      vertex 17.921194076538086 2.1810626983642578 0.33777248859405518
      vertex 18.132968902587891 2.8611056804656982 1.423619270324707
      vertex 18.369213104248047 2.8001046180725098 1.4336669445037842
    endloop
  endfacet
  facet normal 0.16887714821705474 0.82702283480946026 -0.53620307674779244
    outer loop
      vertex 17.921194076538086 2.1810626983642578 0.33777248859405518
      vertex 18.369213104248047 2.8001046180725098 1.4336669445037842
      vertex 18.148399353027344 2.1409869194030762 0.3475191593170166
    endloop
  endfacet
  facet normal 0.15746577510415369 0.79045451350229812 -0.59193427992868719
    outer loop
      vertex 16.543876647949219 2.382087230682373 0.29454773664474487
      vertex 16.730648040771484 3.159233570098877 1.3820146322250366
      vertex 16.963003158569336 3.1168975830078125 1.3872910737991333
    endloop
  endfacet
  facet normal 0.11867867896764518 0.80229098763286322 -0.58501670260051508
    outer loop
      vertex 16.543876647949219 2.382087230682373 0.29454773664474487
      vertex 16.963003158569336 3.1168975830078125 1.3872910737991333
      vertex 17.005989074707031 2.3222768306732178 0.30626970529556274
    endloop
  endfacet
  facet normal 0.13779606487000293 0.78595500058773871 -0.60273292722189131
    outer loop
      vertex 16.078235626220703 2.4352004528045654 0.28516089916229248
      vertex 16.267366409301758 3.2361569404602051 1.3728353977203369
      vertex 16.498760223388672 3.1989448070526123 1.3772122859954834
    endloop
  endfacet
  facet normal 0.10282910838090688 0.79610087675528163 -0.59636362103926133
    outer loop
      vertex 16.078235626220703 2.4352004528045654 0.28516089916229248
      vertex 16.498760223388672 3.1989448070526123 1.3772122859954834
      vertex 16.543876647949219 2.382087230682373 0.29454773664474487
    endloop
  endfacet
  facet normal 0.10799622446140426 0.77636748931333999 -0.62095920722651565
    outer loop
      vertex 15.134806632995605 2.5228366851806641 0.2723391056060791
      vertex 15.347824096679688 3.3623523712158203 1.3590091466903687
      vertex 15.806270599365234 3.3035588264465332 1.3652335405349731
    endloop
  endfacet
  facet normal 0.075094228588380038 0.78900896939844622 -0.60977512497765751
    outer loop
      vertex 15.134806632995605 2.5228366851806641 0.2723391056060791
      vertex 15.806270599365234 3.3035588264465332 1.3652335405349731
      vertex 15.608675956726074 2.4819917678833008 0.27784579992294312
    endloop
  endfacet
  facet normal 0.120160457900288 0.78146742780417111 -0.61226638290724877
    outer loop
      vertex 15.608675956726074 2.4819917678833008 0.27784579992294312
      vertex 15.806270599365234 3.3035588264465332 1.3652335405349731
      vertex 16.036516189575195 3.2709896564483643 1.3688507080078125
    endloop
  endfacet
  facet normal 0.088207182788452895 0.79040572683393795 -0.60619986794178593
    outer loop
      vertex 15.608675956726074 2.4819917678833008 0.27784579992294312
      vertex 16.036516189575195 3.2709896564483643 1.3688507080078125
      vertex 16.078235626220703 2.4352004528045654 0.28516089916229248
    endloop
  endfacet
  facet normal 0.069412064893793354 0.76957407536042477 -0.63477374534579434
    outer loop
      vertex 14.14213752746582 2.5899064540863037 0.26556625962257385
      vertex 13.992284774780273 3.4953377246856689 1.3468883037567139
      vertex 14.44050407409668 3.4574735164642334 1.3499957323074341
    endloop
  endfacet
  facet normal 0.05126069384017274 0.77290665207090137 -0.63244576720187995
    outer loop
      vertex 14.14213752746582 2.5899064540863037 0.26556625962257385
      vertex 14.44050407409668 3.4574735164642334 1.3499957323074341
      vertex 14.656235694885254 2.5581107139587402 0.2683773934841156
    endloop
  endfacet
  facet normal 0.049970118542409396 0.76082973528257591 -0.64702480722357381
    outer loop
      vertex 13.094820976257324 2.6377010345458984 0.26302120089530945
      vertex 13.107874870300293 3.5550827980041504 1.3427690267562866
      vertex 13.548019409179688 3.5276658535003662 1.3445223569869995
    endloop
  endfacet
  facet normal 0.032145874373209413 0.76511935034513257 -0.6430855483434722
    outer loop
      vertex 13.094820976257324 2.6377010345458984 0.26302120089530945
      vertex 13.548019409179688 3.5276658535003662 1.3445223569869995
      vertex 13.621822357177734 2.6162865161895752 0.26388618350028992
    endloop
  endfacet
  facet normal 0.041940907835425367 0.75685678291229874 -0.65223367776402486
    outer loop
      vertex 12.560665130615234 2.6546006202697754 0.2626553475856781
      vertex 12.671953201293945 3.5781562328338623 1.3415123224258423
      vertex 13.107874870300293 3.5550827980041504 1.3427690267562866
    endloop
  endfacet
  facet normal 0.02454219610097744 0.76170400090025714 -0.64746018844642672
    outer loop
      vertex 12.560665130615234 2.6546006202697754 0.2626553475856781
      vertex 13.107874870300293 3.5550827980041504 1.3427690267562866
      vertex 13.094820976257324 2.6377010345458984 0.26302120089530945
    endloop
  endfacet
  facet normal 0.059088071127473371 0.76508304478428724 -0.6412148894357016
    outer loop
      vertex 13.621822357177734 2.6162865161895752 0.26388618350028992
      vertex 13.548019409179688 3.5276658535003662 1.3445223569869995
      vertex 13.992284774780273 3.4953377246856689 1.3468883037567139
    endloop
  endfacet
  facet normal 0.041041516080043541 0.76885567100780394 -0.63810387173013694
    outer loop
      vertex 13.621822357177734 2.6162865161895752 0.26388618350028992
      vertex 13.992284774780273 3.4953377246856689 1.3468883037567139
      vertex 14.14213752746582 2.5899064540863037 0.26556625962257385
    endloop
  endfacet
  facet normal 0.081060830638668424 0.77427330683854823 -0.62763842142866666
    outer loop
      vertex 14.656235694885254 2.5581107139587402 0.2683773934841156
      vertex 14.44050407409668 3.4574735164642334 1.3499957323074341
      vertex 14.892449378967285 3.4133918285369873 1.3539849519729614
    endloop
  endfacet
  facet normal 0.062476068164686989 0.77732028214398474 -0.62599514365071363
    outer loop
      vertex 14.656235694885254 2.5581107139587402 0.2683773934841156
      vertex 14.892449378967285 3.4133918285369873 1.3539849519729614
      vertex 15.134806632995605 2.5228366851806641 0.2723391056060791
    endloop
  endfacet
  facet normal 0.028724238786194501 0.75078293384762063 -0.6599241656048922
    outer loop
      vertex 11.586918830871582 2.674968957901001 0.26278215646743774
      vertex 11.812861442565918 3.6132535934448242 1.3400849103927612
      vertex 12.240290641784668 3.597395658493042 1.3406481742858887
    endloop
  endfacet
  facet normal 0.013139006527784103 0.75575040588856357 -0.6547279515239397
    outer loop
      vertex 11.586918830871582 2.674968957901001 0.26278215646743774
      vertex 12.240290641784668 3.597395658493042 1.3406481742858887
      vertex 12.075486183166504 2.6662817001342773 0.26255899667739868
    endloop
  endfacet
  facet normal 0.018472757396537927 0.74537818662665878 -0.66638586129608313
    outer loop
      vertex 10.610607147216797 2.684473991394043 0.26487573981285095
      vertex 10.970272064208984 3.6363489627838135 1.3395546674728394
      vertex 11.389573097229004 3.6261255741119385 1.3397427797317505
    endloop
  endfacet
  facet normal 0.003577590671513376 0.75088886053996418 -0.66041889733863723
    outer loop
      vertex 10.610607147216797 2.684473991394043 0.26487573981285095
      vertex 11.389573097229004 3.6261255741119385 1.3397427797317505
      vertex 11.097709655761719 2.6809406280517578 0.26349705457687378
    endloop
  endfacet
  facet normal 0.014184882501325175 0.74275005311135744 -0.6694185146166034
    outer loop
      vertex 10.128357887268066 2.6858475208282471 0.26709038019180298
      vertex 10.55473804473877 3.6442043781280518 1.3394654989242554
      vertex 10.970272064208984 3.6363489627838135 1.3395546674728394
    endloop
  endfacet
  facet normal -0.00091158671487351199 0.74873357264053664 -0.66287042942840591
    outer loop
      vertex 10.128357887268066 2.6858475208282471 0.26709038019180298
      vertex 10.970272064208984 3.6363489627838135 1.3395546674728394
      vertex 10.610607147216797 2.684473991394043 0.26487573981285095
    endloop
  endfacet
  facet normal 0.023283358907349557 0.74803211668194991 -0.66325397670146935
    outer loop
      vertex 11.097709655761719 2.6809406280517578 0.26349705457687378
      vertex 11.389573097229004 3.6261255741119385 1.3397427797317505
      vertex 11.812861442565918 3.6132535934448242 1.3400849103927612
    endloop
  endfacet
  facet normal 0.0082330282247809645 0.75320413960814725 -0.65773531251058792
    outer loop
      vertex 11.097709655761719 2.6809406280517578 0.26349705457687378
      vertex 11.812861442565918 3.6132535934448242 1.3400849103927612
      vertex 11.586918830871582 2.674968957901001 0.26278215646743774
    endloop
  endfacet
  facet normal -0.0097173639226953209 0.74464702653469117 -0.66738772742045305
    outer loop
      vertex 9.6537103652954102 2.6853387355804443 0.2703130841255188
      vertex 9.1894111633300781 2.6832258701324463 0.27471596002578735
      vertex 10.142687797546387 3.6499147415161133 1.3394323587417603
    endloop
  endfacet
  facet normal -0.019257119808767154 0.74059984059113915 -0.67167033539754473
    outer loop
      vertex 8.7382078170776367 2.6797866821289062 0.28047114610671997
      vertex 8.3014955520629883 2.6752021312713623 0.28793686628341675
      vertex 9.3275823593139648 3.6555051803588867 1.3394241333007812
    endloop
  endfacet
  facet normal -0.026580501465725281 0.73457774931054587 -0.67800369258558124
    outer loop
      vertex 8.3014955520629883 2.6752021312713623 0.28793686628341675
      vertex 7.8752560615539551 2.6692659854888916 0.29821571707725525
      vertex 8.5207643508911133 3.6537549495697021 1.3395459651947021
    endloop
  endfacet
  facet normal -0.014222417018711435 0.73927583297708066 -0.67325252738492491
    outer loop
      vertex 9.3275823593139648 3.6555051803588867 1.3394241333007812
      vertex 9.1894111633300781 2.6832258701324463 0.27471596002578735
      vertex 8.7382078170776367 2.6797866821289062 0.28047114610671997
    endloop
  endfacet
  facet normal 0.01031050433301714 0.74008622943262958 -0.6724329457310908
    outer loop
      vertex 9.6537103652954102 2.6853387355804443 0.2703130841255188
      vertex 10.142687797546387 3.6499147415161133 1.3394323587417603
      vertex 10.55473804473877 3.6442043781280518 1.3394654989242554
    endloop
  endfacet
  facet normal -0.0053166673050511464 0.74667277700210122 -0.6651702767959029
    outer loop
      vertex 9.6537103652954102 2.6853387355804443 0.2703130841255188
      vertex 10.55473804473877 3.6442043781280518 1.3394654989242554
      vertex 10.128357887268066 2.6858475208282471 0.26709038019180298
    endloop
  endfacet
  facet normal 0.034906768317127607 0.75370313597020455 -0.65628736111122365
    outer loop
      vertex 12.075486183166504 2.6662817001342773 0.26255899667739868
      vertex 12.240290641784668 3.597395658493042 1.3406481742858887
      vertex 12.671953201293945 3.5781562328338623 1.3415123224258423
    endloop
  endfacet
  facet normal 0.018393255598154856 0.7586000131859354 -0.65129694313945607
    outer loop
      vertex 12.075486183166504 2.6662817001342773 0.26255899667739868
      vertex 12.671953201293945 3.5781562328338623 1.3415123224258423
      vertex 12.560665130615234 2.6546006202697754 0.2626553475856781
    endloop
  endfacet
  facet normal -0.012310603051932489 0.71706588351961764 -0.69689666934541161
    outer loop
      vertex 7.032712459564209 2.6521251201629639 0.33236747980117798
      vertex 7.7093567848205566 3.6443674564361572 1.3413739204406738
      vertex 8.1170377731323242 3.6500711441040039 1.3400410413742065
    endloop
  endfacet
  facet normal -0.048381163925306517 0.73523855286936113 -0.67607953182432645
    outer loop
      vertex 7.032712459564209 2.6521251201629639 0.33236747980117798
      vertex 8.1170377731323242 3.6500711441040039 1.3400410413742065
      vertex 7.4541182518005371 2.6616747379302979 0.31259635090827942
    endloop
  endfacet
  facet normal -0.025408352244705137 0.6999630069455921 -0.71372698179618654
    outer loop
      vertex 6.1676125526428223 2.6259374618530273 0.39323598146438599
      vertex 6.8647794723510742 3.6261029243469238 1.3492947816848755
      vertex 7.2936391830444336 3.6364593505859375 1.3441842794418335
    endloop
  endfacet
  facet normal -0.077430634920712435 0.72765748892047577 -0.68155636274172016
    outer loop
      vertex 6.1676125526428223 2.6259374618530273 0.39323598146438599
      vertex 7.2936391830444336 3.6364593505859375 1.3441842794418335
      vertex 6.6056671142578125 2.6403136253356934 0.35881781578063965
    endloop
  endfacet
  facet normal -0.089449886630443773 0.72009386383160157 -0.68808687318817208
    outer loop
      vertex 6.1676125526428223 2.6259374618530273 0.39323598146438599
      vertex 5.9427781105041504 2.6176927089691162 0.41383573412895203
      vertex 6.8647794723510742 3.6261029243469238 1.3492947816848755
    endloop
  endfacet
  facet normal -0.018258787754201172 0.70947793715840846 -0.70449107400675881
    outer loop
      vertex 6.6056671142578125 2.6403136253356934 0.35881781578063965
      vertex 7.2936391830444336 3.6364593505859375 1.3441842794418335
      vertex 7.7093567848205566 3.6443674564361572 1.3413739204406738
    endloop
  endfacet
  facet normal -0.062261204132954488 0.73217852550696716 -0.67826112172699227
    outer loop
      vertex 6.6056671142578125 2.6403136253356934 0.35881781578063965
      vertex 7.7093567848205566 3.6443674564361572 1.3413739204406738
      vertex 7.032712459564209 2.6521251201629639 0.33236747980117798
    endloop
  endfacet
  facet normal -0.10565811140082565 0.7112141659930068 -0.6949897650944814
    outer loop
      vertex 5.7131776809692383 2.6086928844451904 0.43691068887710571
      vertex 5.4781394004821777 2.598900318145752 0.46262198686599731
      vertex 6.416651725769043 3.6129956245422363 1.3577107191085815
    endloop
  endfacet
  facet normal -0.12180881830353091 0.6993718687175734 -0.70430220859371628
    outer loop
      vertex 5.2369918823242188 2.5882768630981445 0.49113065004348755
      vertex 4.9890642166137695 2.576784610748291 0.52259784936904907
      vertex 5.942108154296875 3.596776008605957 1.3706203699111938
    endloop
  endfacet
  facet normal -0.13058790983905144 0.68175478946103518 -0.71983137251081752
    outer loop
      vertex 4.9890642166137695 2.576784610748291 0.52259784936904907
      vertex 4.7336845397949219 2.5643858909606934 0.55718457698822021
      vertex 5.4329795837402344 3.5770230293273926 1.3893944025039673
    endloop
  endfacet
  facet normal -0.11438084762416433 0.6971652176294435 -0.70772712327878773
    outer loop
      vertex 5.942108154296875 3.596776008605957 1.3706203699111938
      vertex 5.4781394004821777 2.598900318145752 0.46262198686599731
      vertex 5.2369918823242188 2.5882768630981445 0.49113065004348755
    endloop
  endfacet
  facet normal -0.097979772472753385 0.70896574927965694 -0.69840355850648572
    outer loop
      vertex 6.416651725769043 3.6129956245422363 1.3577107191085815
      vertex 5.9427781105041504 2.6176927089691162 0.41383573412895203
      vertex 5.7131776809692383 2.6086928844451904 0.43691068887710571
    endloop
  endfacet
  facet normal -0.14635939576710116 0.66181623411810386 -0.73524023252840287
    outer loop
      vertex 4.470181941986084 2.5510425567626953 0.59505194425582886
      vertex 4.1978850364685059 2.5367166996002197 0.63636106252670288
      vertex 4.8800754547119141 3.5532572269439697 1.4155867099761963
    endloop
  endfacet
  facet normal -0.16156387018694393 0.63611729504826309 -0.75448784138029512
    outer loop
      vertex 3.9161226749420166 2.5213704109191895 0.68127298355102539
      vertex 3.624222993850708 2.5049660205841064 0.72994881868362427
      vertex 4.2731838226318359 3.5249397754669189 1.4509336948394775
    endloop
  endfacet
  facet normal -0.16749708565803323 0.63790633386035656 -0.75167827926374498
    outer loop
      vertex 3.624222993850708 2.5049660205841064 0.72994881868362427
      vertex 3.3215150833129883 2.4874653816223145 0.78254967927932739
      vertex 4.2731838226318359 3.5249397754669189 1.4509336948394775
    endloop
  endfacet
  facet normal -0.15285286254168715 0.66379127121010029 -0.73213192163577412
    outer loop
      vertex 4.8800754547119141 3.5532572269439697 1.4155867099761963
      vertex 4.1978850364685059 2.5367166996002197 0.63636106252670288
      vertex 3.9161226749420166 2.5213704109191895 0.68127298355102539
    endloop
  endfacet
  facet normal -0.094773823193378695 0.53277408442143992 -0.84093382462962374
    outer loop
      vertex 2.3418281078338623 2.4280068874359131 0.96551305055618286
      vertex 2.8514845371246338 3.4521989822387695 1.5569518804550171
      vertex 3.6010720729827881 3.4914727210998535 1.4973547458648682
    endloop
  endfacet
  facet normal -0.18407760247878086 0.60526750375696836 -0.77444605051705973
    outer loop
      vertex 2.3418281078338623 2.4280068874359131 0.96551305055618286
      vertex 3.6010720729827881 3.4914727210998535 1.4973547458648682
      vertex 3.0073275566101074 2.4688305854797363 0.83923661708831787
    endloop
  endfacet
  facet normal -0.21139708665113024 0.47073333385413407 -0.85657539081740319
    outer loop
      vertex 1.6223541498184204 2.3821916580200195 1.1100667715072632
      vertex 0.84353500604629517 2.3310818672180176 1.2741866111755371
      vertex 1.5525157451629639 3.3808193206787109 1.6761009693145752
    endloop
  endfacet
  facet normal -0.22220631243672337 0.388779806078975 -0.89413344479359913
    outer loop
      vertex 0.84353500604629517 2.3310818672180176 1.2741866111755371
      vertex 0 2.2743740081787109 1.4591611623764038
      vertex 0.54892182350158691 3.3237683773040771 1.7790344953536987
    endloop
  endfacet
  facet normal -0.10164122790382633 0.48055062495025097 -0.87105691986811384
    outer loop
      vertex 1.6223541498184204 2.3821916580200195 1.1100667715072632
      vertex 2.443528413772583 3.4301633834838867 1.5923984050750732
      vertex 2.8514845371246338 3.4521989822387695 1.5569518804550171
    endloop
  endfacet
  facet normal -0.19718146647149615 0.56199720442038126 -0.8032923574289913
    outer loop
      vertex 1.6223541498184204 2.3821916580200195 1.1100667715072632
      vertex 2.8514845371246338 3.4521989822387695 1.5569518804550171
      vertex 2.3418281078338623 2.4280068874359131 0.96551305055618286
    endloop
  endfacet
  facet normal -0.17614462052406124 0.60298790680557712 -0.77806083110940849
    outer loop
      vertex 3.6010720729827881 3.4914727210998535 1.4973547458648682
      vertex 3.3215150833129883 2.4874653816223145 0.78254967927932739
      vertex 3.0073275566101074 2.4688305854797363 0.83923661708831787
    endloop
  endfacet
  facet normal -0.13759839932246817 0.68386861534354848 -0.71651266384621037
    outer loop
      vertex 5.4329795837402344 3.5770230293273926 1.3893944025039673
      vertex 4.7336845397949219 2.5643858909606934 0.55718457698822021
      vertex 4.470181941986084 2.5510425567626953 0.59505194425582886
    endloop
  endfacet
  facet normal -0.0074444792218392045 0.72304429547122917 -0.69076155547021378
    outer loop
      vertex 7.4541182518005371 2.6616747379302979 0.31259635090827942
      vertex 8.1170377731323242 3.6500711441040039 1.3400410413742065
      vertex 8.5207643508911133 3.6537549495697021 1.3395459651947021
    endloop
  endfacet
  facet normal -0.036324992404798202 0.73732517654613849 -0.67456065624819628
    outer loop
      vertex 7.4541182518005371 2.6616747379302979 0.31259635090827942
      vertex 8.5207643508911133 3.6537549495697021 1.3395459651947021
      vertex 7.8752560615539551 2.6692659854888916 0.29821571707725525
    endloop
  endfacet
  facet normal 0.39664681318395567 0.89685922026638665 -0.19574178045113633
    outer loop
      vertex 22.106657028198242 1.1243463754653931 0.98824787139892578
      vertex 22.196821212768555 1.0876349210739136 1.0027482509613037
      vertex 21.968124389648438 1.1149888038635254 0.66465342044830322
    endloop
  endfacet
  facet normal 0.35630889137417787 0.92077062770925577 0.15882513993574057
    outer loop
      vertex 24.653627395629883 0.11994929611682892 2.2324576377868652
      vertex 24.789987564086914 0.058711331337690353 2.281566858291626
      vertex 25.070198059082031 0.09435262531042099 1.4463152885437012
    endloop
  endfacet
  facet normal 0.27677083414434828 0.95395755194406739 0.11559798638351608
    outer loop
      vertex 24.653627395629883 0.11994929611682892 2.2324576377868652
      vertex 25.070198059082031 0.09435262531042099 1.4463152885437012
      vertex 24.771181106567383 0.18627625703811646 1.4036495685577393
    endloop
  endfacet
  facet normal 0.38124685916302969 0.92222352716004397 0.064456173721474497
    outer loop
      vertex 24.502864837646484 0.18843770027160645 2.1652278900146484
      vertex 24.333702087402344 0.26344311237335205 2.0926361083984375
      vertex 24.439292907714844 0.19599044322967529 2.4331817626953125
    endloop
  endfacet
  facet normal 0.38808952693898069 0.91924365591254464 0.066163586245136727
    outer loop
      vertex 24.439292907714844 0.19599044322967529 2.4331817626953125
      vertex 24.653627395629883 0.11994929611682892 2.2324576377868652
      vertex 24.502864837646484 0.18843770027160645 2.1652278900146484
    endloop
  endfacet
  facet normal 0.46599283700723138 0.88426659214869963 0.030385356138727289
    outer loop
      vertex 24.333702087402344 0.26344311237335205 2.0926361083984375
      vertex 24.180995941162109 0.36939612030982971 1.351136326789856
      vertex 24.090463638305664 0.38349261879920959 2.3293161392211914
    endloop
  endfacet
  facet normal 0.44044592568619084 0.88772076907235364 0.13401202447550473
    outer loop
      vertex 24.653627395629883 0.11994929611682892 2.2324576377868652
      vertex 24.439292907714844 0.19599044322967529 2.4331817626953125
      vertex 24.799999237060547 0 2.5459563732147217
    endloop
  endfacet
  facet normal 0.34659971100350029 0.91839913227663306 0.19081843245823416
    outer loop
      vertex 25.149999618530273 0 1.9102209806442261
      vertex 24.789987564086914 0.058711331337690353 2.281566858291626
      vertex 24.799999237060547 0 2.5459563732147217
    endloop
  endfacet
  facet normal 0.46615128645865977 0.88417587184165569 0.030594211641818317
    outer loop
      vertex 24.439292907714844 0.19599044322967529 2.4331817626953125
      vertex 24.333702087402344 0.26344311237335205 2.0926361083984375
      vertex 24.090463638305664 0.38349261879920959 2.3293161392211914
    endloop
  endfacet
  facet normal 0.3440212700804629 0.91930598087967619 0.19111744883992637
    outer loop
      vertex 24.653627395629883 0.11994929611682892 2.2324576377868652
      vertex 24.799999237060547 0 2.5459563732147217
      vertex 24.789987564086914 0.058711331337690353 2.281566858291626
    endloop
  endfacet
  facet normal 0.49658625915379956 0.84284047539735618 -0.20741750227884315
    outer loop
      vertex 22.535573959350586 0.91404682397842407 0.74718260765075684
      vertex 23.425329208374023 0.73412305116653442 2.1462602615356445
      vertex 23.752725601196289 0.56278049945831299 2.2338426113128662
    endloop
  endfacet
  facet normal 0.43454684347034223 0.87566262376652437 -0.21067512944884606
    outer loop
      vertex 23.1075439453125 0.89778393507003784 2.0660848617553711
      vertex 22.713186264038086 0.93240815401077271 1.3965812921524048
      vertex 22.624959945678711 0.97192370891571045 1.3788470029830933
    endloop
  endfacet
  facet normal 0.43386069791054344 0.87618408611275145 -0.2099198467304568
    outer loop
      vertex 23.1075439453125 0.89778393507003784 2.0660848617553711
      vertex 22.539852142333984 1.0102064609527588 1.3620240688323975
      vertex 22.44007682800293 1.0549830198287964 1.3427020311355591
    endloop
  endfacet
  facet normal 0.43539806812839205 0.87508042780759154 -0.21133567407834111
    outer loop
      vertex 22.539852142333984 1.0102064609527588 1.3620240688323975
      vertex 23.1075439453125 0.89778393507003784 2.0660848617553711
      vertex 22.624959945678711 0.97192370891571045 1.3788470029830933
    endloop
  endfacet
  facet normal 0.48459885074908371 0.83329333781614279 -0.26605669885176547
    outer loop
      vertex 23.1075439453125 0.89778393507003784 2.0660848617553711
      vertex 22.44007682800293 1.0549830198287964 1.3427020311355591
      vertex 22.798675537109375 1.0540218353271484 1.9928475618362427
    endloop
  endfacet
  facet normal 0.47513300715074974 0.83789084269446124 -0.26867742972689546
    outer loop
      vertex 22.498048782348633 1.2030903100967407 1.9260962009429932
      vertex 22.798675537109375 1.0540218353271484 1.9928475618362427
      vertex 22.341146469116211 1.0989925861358643 1.3239912986755371
    endloop
  endfacet
  facet normal 0.4319363636920413 0.87022020158348401 -0.23695522462376145
    outer loop
      vertex 22.798675537109375 1.0540218353271484 1.9928475618362427
      vertex 22.44007682800293 1.0549830198287964 1.3427020311355591
      vertex 22.341146469116211 1.0989925861358643 1.3239912986755371
    endloop
  endfacet
  facet normal 0.44134794990520171 0.85783105397711656 -0.26332084981441328
    outer loop
      vertex 22.341146469116211 1.0989925861358643 1.3239912986755371
      vertex 21.743457794189453 1.1954928636550903 0.63658756017684937
      vertex 22.498048782348633 1.2030903100967407 1.9260962009429932
    endloop
  endfacet
  facet normal 0.49217406951327519 0.83479798743876499 -0.24673265991134896
    outer loop
      vertex 23.425329208374023 0.73412305116653442 2.1462602615356445
      vertex 22.713186264038086 0.93240815401077271 1.3965812921524048
      vertex 23.1075439453125 0.89778393507003784 2.0660848617553711
    endloop
  endfacet
  facet normal 0.43817962246111525 0.87995879857373638 -0.18349695167086796
    outer loop
      vertex 22.713186264038086 0.93240815401077271 1.3965812921524048
      vertex 23.425329208374023 0.73412305116653442 2.1462602615356445
      vertex 22.30047607421875 0.99484944343566895 0.71049124002456665
    endloop
  endfacet
  facet normal 0.19226158004256932 0.80234189566286096 -0.56505129617023409
    outer loop
      vertex 17.663078308105469 2.9728124141693115 1.4066941738128662
      vertex 17.4649658203125 2.2553937435150146 0.32059016823768616
      vertex 17.429172515869141 3.0238251686096191 1.3995418548583984
    endloop
  endfacet
  facet normal 0.14796223751199983 0.7924450706921673 -0.59172458644721559
    outer loop
      vertex 16.730648040771484 3.159233570098877 1.3820146322250366
      vertex 16.543876647949219 2.382087230682373 0.29454773664474487
      vertex 16.498760223388672 3.1989448070526123 1.3772122859954834
    endloop
  endfacet
  facet normal 0.12924091849306674 0.78761176661824905 -0.6024653434609738
    outer loop
      vertex 16.267366409301758 3.2361569404602051 1.3728353977203369
      vertex 16.078235626220703 2.4352004528045654 0.28516089916229248
      vertex 16.036516189575195 3.2709896564483643 1.3688507080078125
    endloop
  endfacet
  facet normal 0.094134403102815581 0.77882345943716969 -0.62013928530838613
    outer loop
      vertex 15.347824096679688 3.3623523712158203 1.3590091466903687
      vertex 15.134806632995605 2.5228366851806641 0.2723391056060791
      vertex 14.892449378967285 3.4133918285369873 1.3539849519729614
    endloop
  endfacet
  facet normal 0.005069067573626713 0.73809501187963011 -0.67467774380984491
    outer loop
      vertex 10.142687797546387 3.6499147415161133 1.3394323587417603
      vertex 9.1894111633300781 2.6832258701324463 0.27471596002578735
      vertex 9.3275823593139648 3.6555051803588867 1.3394241333007812
    endloop
  endfacet
  facet normal -0.0016913150639191841 0.73225328230804532 -0.68103030035560719
    outer loop
      vertex 9.3275823593139648 3.6555051803588867 1.3394241333007812
      vertex 8.3014955520629883 2.6752021312713623 0.28793686628341675
      vertex 8.5207643508911133 3.6537549495697021 1.3395459651947021
    endloop
  endfacet
  facet normal -0.04318289541717199 0.68329481506309298 -0.728864482089286
    outer loop
      vertex 6.416651725769043 3.6129956245422363 1.3577107191085815
      vertex 5.4781394004821777 2.598900318145752 0.46262198686599731
      vertex 5.942108154296875 3.596776008605957 1.3706203699111938
    endloop
  endfacet
  facet normal -0.053283639555475514 0.6673678278747609 -0.74281965245505288
    outer loop
      vertex 5.942108154296875 3.596776008605957 1.3706203699111938
      vertex 4.9890642166137695 2.576784610748291 0.52259784936904907
      vertex 5.4329795837402344 3.5770230293273926 1.3893944025039673
    endloop
  endfacet
  facet normal -0.033828995752198068 0.69615116162140389 -0.71709773338058158
    outer loop
      vertex 6.8647794723510742 3.6261029243469238 1.3492947816848755
      vertex 5.9427781105041504 2.6176927089691162 0.41383573412895203
      vertex 6.416651725769043 3.6129956245422363 1.3577107191085815
    endloop
  endfacet
  facet normal -0.07442110100533661 0.62340971348634755 -0.77834557161714735
    outer loop
      vertex 4.8800754547119141 3.5532572269439697 1.4155867099761963
      vertex 3.9161226749420166 2.5213704109191895 0.68127298355102539
      vertex 4.2731838226318359 3.5249397754669189 1.4509336948394775
    endloop
  endfacet
  facet normal -0.084830932417288007 0.5934553842976229 -0.80038392022414717
    outer loop
      vertex 4.2731838226318359 3.5249397754669189 1.4509336948394775
      vertex 3.3215150833129883 2.4874653816223145 0.78254967927932739
      vertex 3.6010720729827881 3.4914727210998535 1.4973547458648682
    endloop
  endfacet
  facet normal -0.11045251577834947 0.48423378653630517 -0.86793886981454271
    outer loop
      vertex 2.0111453533172607 3.4064030647277832 1.6320099830627441
      vertex 1.6223541498184204 2.3821916580200195 1.1100667715072632
      vertex 1.5525157451629639 3.3808193206787109 1.6761009693145752
    endloop
  endfacet
  facet normal -0.11810281999485972 0.4220686236774045 -0.89883802813205627
    outer loop
      vertex 1.0657567977905273 3.3533098697662354 1.72499680519104
      vertex 0.84353500604629517 2.3310818672180176 1.2741866111755371
      vertex 0.54892182350158691 3.3237683773040771 1.7790344953536987
    endloop
  endfacet
  facet normal -0.12088331400295683 0.346752967300131 -0.93013418605286025
    outer loop
      vertex 0.54892182350158691 3.3237683773040771 1.7790344953536987
      vertex 0 2.2743740081787109 1.4591611623764038
      vertex 1.0658141036401503e-14 3.2920851707458496 1.8385627269744873
    endloop
  endfacet
  facet normal -0.11418927259658693 0.42154840233805457 -0.89958754688473541
    outer loop
      vertex 1.5525157451629639 3.3808193206787109 1.6761009693145752
      vertex 0.84353500604629517 2.3310818672180176 1.2741866111755371
      vertex 1.0657567977905273 3.3533098697662354 1.72499680519104
    endloop
  endfacet
  facet normal -0.10616824264641789 0.483179095619095 -0.86906056509893759
    outer loop
      vertex 2.443528413772583 3.4301633834838867 1.5923984050750732
      vertex 1.6223541498184204 2.3821916580200195 1.1100667715072632
      vertex 2.0111453533172607 3.4064030647277832 1.6320099830627441
    endloop
  endfacet
  facet normal -0.06380635039405938 0.64769114985061627 -0.75922653013088059
    outer loop
      vertex 5.4329795837402344 3.5770230293273926 1.3893944025039673
      vertex 4.470181941986084 2.5510425567626953 0.59505194425582886
      vertex 4.8800754547119141 3.5532572269439697 1.4155867099761963
    endloop
  endfacet
  facet normal 0.34913179416014373 0.92071842077892829 -0.17431173209189124
    outer loop
      vertex 21.743457794189453 1.1954928636550903 0.63658756017684937
      vertex 22.341146469116211 1.0989925861358643 1.3239912986755371
      vertex 22.106657028198242 1.1243463754653931 0.98824787139892578
    endloop
  endfacet
  facet normal 0 0 1
    outer loop
      vertex 25.353847503662109 0.090788781642913818 3.8812732696533203
      vertex 25.372413635253906 0.045394390821456909 3.8812732696533203
      vertex 25.5 0 3.8812732696533203
    endloop
  endfacet
  facet normal 0 0 1
    outer loop
      vertex 25.209144592285156 0.17860691249370575 3.8812732696533203
      vertex 25.245552062988281 0.089303456246852875 3.8812732696533203
      vertex 25.372413635253906 0.045394390821456909 3.8812732696533203
    endloop
  endfacet
  facet normal -0 -0 1
    outer loop
      vertex 25.209144592285156 0.17860691249370575 3.8812732696533203
      vertex 25.372413635253906 0.045394390821456909 3.8812732696533203
      vertex 25.353847503662109 0.090788781642913818 3.8812732696533203
    endloop
  endfacet
  facet normal 0 0 1
    outer loop
      vertex 25.057367324829102 0.26849120855331421 3.8812732696533203
      vertex 25.111909866333008 0.1342456042766571 3.8812732696533203
      vertex 25.245552062988281 0.089303456246852875 3.8812732696533203
    endloop
  endfacet
  facet normal 0 0 1
    outer loop
      vertex 25.057367324829102 0.26849120855331421 3.8812732696533203
      vertex 25.245552062988281 0.089303456246852875 3.8812732696533203
      vertex 25.209144592285156 0.17860691249370575 3.8812732696533203
    endloop
  endfacet
  facet normal 0 0 1
    outer loop
      vertex 24.908447265625 0.35445693135261536 3.8812732696533203
      vertex 24.980199813842773 0.17722846567630768 3.8812732696533203
      vertex 25.111909866333008 0.1342456042766571 3.8812732696533203
    endloop
  endfacet
  facet normal 0 0 1
    outer loop
      vertex 24.908447265625 0.35445693135261536 3.8812732696533203
      vertex 25.111909866333008 0.1342456042766571 3.8812732696533203
      vertex 25.057367324829102 0.26849120855331421 3.8812732696533203
    endloop
  endfacet
  facet normal 0 0 1
    outer loop
      vertex 24.757749557495117 0.43919119238853455 3.8812732696533203
      vertex 24.846334457397461 0.21959559619426727 3.8812732696533203
      vertex 24.980199813842773 0.17722846567630768 3.8812732696533203
    endloop
  endfacet
  facet normal -0 0 1
    outer loop
      vertex 24.757749557495117 0.43919119238853455 3.8812732696533203
      vertex 24.980199813842773 0.17722846567630768 3.8812732696533203
      vertex 24.908447265625 0.35445693135261536 3.8812732696533203
    endloop
  endfacet
  facet normal -0 -0 1
    outer loop
      vertex 24.605224609375 0.52263283729553223 3.8812732696533203
      vertex 24.710245132446289 0.26131641864776611 3.8812732696533203
      vertex 24.846334457397461 0.21959559619426727 3.8812732696533203
    endloop
  endfacet
  facet normal 0 0 1
    outer loop
      vertex 24.605224609375 0.52263283729553223 3.8812732696533203
      vertex 24.846334457397461 0.21959559619426727 3.8812732696533203
      vertex 24.757749557495117 0.43919119238853455 3.8812732696533203
    endloop
  endfacet
  facet normal 0 0 1
    outer loop
      vertex 24.450820922851562 0.60471785068511963 3.8812732696533203
      vertex 24.571863174438477 0.30235892534255981 3.8812732696533203
      vertex 24.710245132446289 0.26131641864776611 3.8812732696533203
    endloop
  endfacet
  facet normal 0 0 1
    outer loop
      vertex 24.450820922851562 0.60471785068511963 3.8812732696533203
      vertex 24.710245132446289 0.26131641864776611 3.8812732696533203
      vertex 24.605224609375 0.52263283729553223 3.8812732696533203
    endloop
  endfacet
  facet normal 0 0 1
    outer loop
      vertex 24.288732528686523 0.68830227851867676 3.8812732696533203
      vertex 24.425926208496094 0.34415113925933838 3.8812732696533203
      vertex 24.571863174438477 0.30235892534255981 3.8812732696533203
    endloop
  endfacet
  facet normal 0 0 1
    outer loop
      vertex 24.288732528686523 0.68830227851867676 3.8812732696533203
      vertex 24.571863174438477 0.30235892534255981 3.8812732696533203
      vertex 24.450820922851562 0.60471785068511963 3.8812732696533203
    endloop
  endfacet
  facet normal 0 0 1
    outer loop
      vertex 24.128320693969727 0.76841199398040771 3.8812732696533203
      vertex 24.280828475952148 0.38420599699020386 3.8812732696533203
      vertex 24.425926208496094 0.34415113925933838 3.8812732696533203
    endloop
  endfacet
  facet normal -0 0 1
    outer loop
      vertex 24.128320693969727 0.76841199398040771 3.8812732696533203
      vertex 24.425926208496094 0.34415113925933838 3.8812732696533203
      vertex 24.288732528686523 0.68830227851867676 3.8812732696533203
    endloop
  endfacet
  facet normal -0 -0 1
    outer loop
      vertex 23.969532012939453 0.84515553712844849 3.8812732696533203
      vertex 24.136541366577148 0.42257776856422424 3.8812732696533203
      vertex 24.280828475952148 0.38420599699020386 3.8812732696533203
    endloop
  endfacet
  facet normal 0 0 1
    outer loop
      vertex 23.969532012939453 0.84515553712844849 3.8812732696533203
      vertex 24.280828475952148 0.38420599699020386 3.8812732696533203
      vertex 24.128320693969727 0.76841199398040771 3.8812732696533203
    endloop
  endfacet
  facet normal 0 0 1
    outer loop
      vertex 23.812309265136719 0.9186396598815918 3.8812732696533203
      vertex 23.993038177490234 0.4593198299407959 3.8812732696533203
      vertex 24.136541366577148 0.42257776856422424 3.8812732696533203
    endloop
  endfacet
  facet normal 0 0 1
    outer loop
      vertex 23.812309265136719 0.9186396598815918 3.8812732696533203
      vertex 24.136541366577148 0.42257776856422424 3.8812732696533203
      vertex 23.969532012939453 0.84515553712844849 3.8812732696533203
    endloop
  endfacet
  facet normal 0 0 1
    outer loop
      vertex 23.655427932739258 0.98949092626571655 3.8812732696533203
      vertex 23.849214553833008 0.49474546313285828 3.8812732696533203
      vertex 23.993038177490234 0.4593198299407959 3.8812732696533203
    endloop
  endfacet
  facet normal 0 0 1
    outer loop
      vertex 23.655427932739258 0.98949092626571655 3.8812732696533203
      vertex 23.993038177490234 0.4593198299407959 3.8812732696533203
      vertex 23.812309265136719 0.9186396598815918 3.8812732696533203
    endloop
  endfacet
  facet normal 0 0 1
    outer loop
      vertex 23.489828109741211 1.0616092681884766 3.8812732696533203
      vertex 23.69671630859375 0.53080463409423828 3.8812732696533203
      vertex 23.849214553833008 0.49474546313285828 3.8812732696533203
    endloop
  endfacet
  facet normal 0 0 1
    outer loop
      vertex 23.489828109741211 1.0616092681884766 3.8812732696533203
      vertex 23.849214553833008 0.49474546313285828 3.8812732696533203
      vertex 23.655427932739258 0.98949092626571655 3.8812732696533203
    endloop
  endfacet
  facet normal -0 -0 1
    outer loop
      vertex 23.320781707763672 1.1324163675308228 3.8812732696533203
      vertex 23.540328979492188 0.56620818376541138 3.8812732696533203
      vertex 23.69671630859375 0.53080463409423828 3.8812732696533203
    endloop
  endfacet
  facet normal 0 0 1
    outer loop
      vertex 23.320781707763672 1.1324163675308228 3.8812732696533203
      vertex 23.69671630859375 0.53080463409423828 3.8812732696533203
      vertex 23.489828109741211 1.0616092681884766 3.8812732696533203
    endloop
  endfacet
  facet normal 0 0 1
    outer loop
      vertex 23.14952278137207 1.2012757062911987 3.8812732696533203
      vertex 23.38116455078125 0.60063785314559937 3.8812732696533203
      vertex 23.540328979492188 0.56620818376541138 3.8812732696533203
    endloop
  endfacet
  facet normal 0 0 1
    outer loop
      vertex 23.14952278137207 1.2012757062911987 3.8812732696533203
      vertex 23.540328979492188 0.56620818376541138 3.8812732696533203
      vertex 23.320781707763672 1.1324163675308228 3.8812732696533203
    endloop
  endfacet
  facet normal -0 -0 1
    outer loop
      vertex 22.976030349731445 1.2681102752685547 3.8812732696533203
      vertex 23.219184875488281 0.63405513763427734 3.8812732696533203
      vertex 23.38116455078125 0.60063785314559937 3.8812732696533203
    endloop
  endfacet
  facet normal 0 0 1
    outer loop
      vertex 22.976030349731445 1.2681102752685547 3.8812732696533203
      vertex 23.38116455078125 0.60063785314559937 3.8812732696533203
      vertex 23.14952278137207 1.2012757062911987 3.8812732696533203
    endloop
  endfacet
  facet normal -0 -0 1
    outer loop
      vertex 22.800291061401367 1.3328449726104736 3.8812732696533203
      vertex 23.054359436035156 0.66642248630523682 3.8812732696533203
      vertex 23.219184875488281 0.63405513763427734 3.8812732696533203
    endloop
  endfacet
  facet normal 0 0 1
    outer loop
      vertex 22.800291061401367 1.3328449726104736 3.8812732696533203
      vertex 23.219184875488281 0.63405513763427734 3.8812732696533203
      vertex 22.976030349731445 1.2681102752685547 3.8812732696533203
    endloop
  endfacet
  facet normal -0 -0 1
    outer loop
      vertex 22.622304916381836 1.3954079151153564 3.8812732696533203
      vertex 22.886669158935547 0.69770395755767822 3.8812732696533203
      vertex 23.054359436035156 0.66642248630523682 3.8812732696533203
    endloop
  endfacet
  facet normal 0 0 1
    outer loop
      vertex 22.622304916381836 1.3954079151153564 3.8812732696533203
      vertex 23.054359436035156 0.66642248630523682 3.8812732696533203
      vertex 22.800291061401367 1.3328449726104736 3.8812732696533203
    endloop
  endfacet
  facet normal -0 -0 1
    outer loop
      vertex 22.442073822021484 1.4557313919067383 3.8812732696533203
      vertex 22.716104507446289 0.72786569595336914 3.8812732696533203
      vertex 22.886669158935547 0.69770395755767822 3.8812732696533203
    endloop
  endfacet
  facet normal 0 0 1
    outer loop
      vertex 22.442073822021484 1.4557313919067383 3.8812732696533203
      vertex 22.886669158935547 0.69770395755767822 3.8812732696533203
      vertex 22.622304916381836 1.3954079151153564 3.8812732696533203
    endloop
  endfacet
  facet normal -0 -0 1
    outer loop
      vertex 22.259616851806641 1.5137534141540527 3.8812732696533203
      vertex 22.542667388916016 0.75687670707702637 3.8812732696533203
      vertex 22.716104507446289 0.72786569595336914 3.8812732696533203
    endloop
  endfacet
  facet normal 0 0 1
    outer loop
      vertex 22.259616851806641 1.5137534141540527 3.8812732696533203
      vertex 22.716104507446289 0.72786569595336914 3.8812732696533203
      vertex 22.442073822021484 1.4557313919067383 3.8812732696533203
    endloop
  endfacet
  facet normal 0 0 1
    outer loop
      vertex 22.074960708618164 1.5694191455841064 3.8812732696533203
      vertex 22.366373062133789 0.78470957279205322 3.8812732696533203
      vertex 22.542667388916016 0.75687670707702637 3.8812732696533203
    endloop
  endfacet
  facet normal -0 0 1
    outer loop
      vertex 22.074960708618164 1.5694191455841064 3.8812732696533203
      vertex 22.542667388916016 0.75687670707702637 3.8812732696533203
      vertex 22.259616851806641 1.5137534141540527 3.8812732696533203
    endloop
  endfacet
  facet normal 0 0 1
    outer loop
      vertex 21.888141632080078 1.6226825714111328 3.8812732696533203
      vertex 22.187252044677734 0.81134128570556641 3.8812732696533203
      vertex 22.366373062133789 0.78470957279205322 3.8812732696533203
    endloop
  endfacet
  facet normal 0 0 1
    outer loop
      vertex 21.888141632080078 1.6226825714111328 3.8812732696533203
      vertex 22.366373062133789 0.78470957279205322 3.8812732696533203
      vertex 22.074960708618164 1.5694191455841064 3.8812732696533203
    endloop
  endfacet
  facet normal -0 -0 1
    outer loop
      vertex 21.699209213256836 1.6735074520111084 3.8812732696533203
      vertex 22.005344390869141 0.8367537260055542 3.8812732696533203
      vertex 22.187252044677734 0.81134128570556641 3.8812732696533203
    endloop
  endfacet
  facet normal 0 0 1
    outer loop
      vertex 21.699209213256836 1.6735074520111084 3.8812732696533203
      vertex 22.187252044677734 0.81134128570556641 3.8812732696533203
      vertex 21.888141632080078 1.6226825714111328 3.8812732696533203
    endloop
  endfacet
  facet normal 0 0 1
    outer loop
      vertex 21.508224487304688 1.7218693494796753 3.8812732696533203
      vertex 21.820709228515625 0.86093467473983765 3.8812732696533203
      vertex 22.005344390869141 0.8367537260055542 3.8812732696533203
    endloop
  endfacet
  facet normal -0 0 1
    outer loop
      vertex 21.508224487304688 1.7218693494796753 3.8812732696533203
      vertex 22.005344390869141 0.8367537260055542 3.8812732696533203
      vertex 21.699209213256836 1.6735074520111084 3.8812732696533203
    endloop
  endfacet
  facet normal 0 0 1
    outer loop
      vertex 21.315256118774414 1.767756462097168 3.8812732696533203
      vertex 21.633413314819336 0.88387823104858398 3.8812732696533203
      vertex 21.820709228515625 0.86093467473983765 3.8812732696533203
    endloop
  endfacet
  facet normal 0 0 1
    outer loop
      vertex 21.315256118774414 1.767756462097168 3.8812732696533203
      vertex 21.820709228515625 0.86093467473983765 3.8812732696533203
      vertex 21.508224487304688 1.7218693494796753 3.8812732696533203
    endloop
  endfacet
  facet normal 0 0 1
    outer loop
      vertex 21.112972259521484 1.8127652406692505 3.8812732696533203
      vertex 21.436307907104492 0.90638262033462524 3.8812732696533203
      vertex 21.633413314819336 0.88387823104858398 3.8812732696533203
    endloop
  endfacet
  facet normal -0 0 1
    outer loop
      vertex 21.112972259521484 1.8127652406692505 3.8812732696533203
      vertex 21.633413314819336 0.88387823104858398 3.8812732696533203
      vertex 21.315256118774414 1.767756462097168 3.8812732696533203
    endloop
  endfacet
  facet normal -0 -0 1
    outer loop
      vertex 20.912263870239258 1.854422926902771 3.8812732696533203
      vertex 21.239988327026367 0.9272114634513855 3.8812732696533203
      vertex 21.436307907104492 0.90638262033462524 3.8812732696533203
    endloop
  endfacet
  facet normal 0 0 1
    outer loop
      vertex 20.912263870239258 1.854422926902771 3.8812732696533203
      vertex 21.436307907104492 0.90638262033462524 3.8812732696533203
      vertex 21.112972259521484 1.8127652406692505 3.8812732696533203
    endloop
  endfacet
  facet normal 0 0 1
    outer loop
      vertex 25.245552062988281 0.089303456246852875 3.8812732696533203
      vertex 25.5 0 3.8812732696533203
      vertex 25.372413635253906 0.045394390821456909 3.8812732696533203
    endloop
  endfacet
  facet normal 0 0 1
    outer loop
      vertex 25.5 0 3.8812732696533203
      vertex 25.245552062988281 0.089303456246852875 3.8812732696533203
      vertex 25.111909866333008 0.1342456042766571 3.8812732696533203
    endloop
  endfacet
  facet normal 0 0 1
    outer loop
      vertex 24.912500381469727 1.3183898417423734e-16 3.8812732696533203
      vertex 25.5 0 3.8812732696533203
      vertex 25.111909866333008 0.1342456042766571 3.8812732696533203
    endloop
  endfacet
  facet normal 0 -0 1
    outer loop
      vertex 24.980199813842773 0.17722846567630768 3.8812732696533203
      vertex 24.912500381469727 1.3183898417423734e-16 3.8812732696533203
      vertex 25.111909866333008 0.1342456042766571 3.8812732696533203
    endloop
  endfacet
  facet normal -0 -0 1
    outer loop
      vertex 24.325000762939453 2.6367796834847468e-16 3.8812732696533203
      vertex 24.912500381469727 1.3183898417423734e-16 3.8812732696533203
      vertex 24.571863174438477 0.30235892534255981 3.8812732696533203
    endloop
  endfacet
  facet normal -0 0 1
    outer loop
      vertex 24.325000762939453 2.6367796834847468e-16 3.8812732696533203
      vertex 24.571863174438477 0.30235892534255981 3.8812732696533203
      vertex 24.425926208496094 0.34415113925933838 3.8812732696533203
    endloop
  endfacet
  facet normal 0 0 1
    outer loop
      vertex 24.980199813842773 0.17722846567630768 3.8812732696533203
      vertex 24.846334457397461 0.21959559619426727 3.8812732696533203
      vertex 24.912500381469727 1.3183898417423734e-16 3.8812732696533203
    endloop
  endfacet
  facet normal 0 0 1
    outer loop
      vertex 24.846334457397461 0.21959559619426727 3.8812732696533203
      vertex 24.710245132446289 0.26131641864776611 3.8812732696533203
      vertex 24.912500381469727 1.3183898417423734e-16 3.8812732696533203
    endloop
  endfacet
  facet normal 0 0 1
    outer loop
      vertex 24.912500381469727 1.3183898417423734e-16 3.8812732696533203
      vertex 24.710245132446289 0.26131641864776611 3.8812732696533203
      vertex 24.571863174438477 0.30235892534255981 3.8812732696533203
    endloop
  endfacet
  facet normal 0 0 1
    outer loop
      vertex 24.280828475952148 0.38420599699020386 3.8812732696533203
      vertex 24.325000762939453 2.6367796834847468e-16 3.8812732696533203
      vertex 24.425926208496094 0.34415113925933838 3.8812732696533203
    endloop
  endfacet
  facet normal 0 -0 1
    outer loop
      vertex 25.353847503662109 0.090788781642913818 3.8812732696533203
      vertex 25.5 0 3.8812732696533203
      vertex 25.323932647705078 0.14546649158000946 3.8812732696533203
    endloop
  endfacet
  facet normal -0 -0 1
    outer loop
      vertex 25.209144592285156 0.17860691249370575 3.8812732696533203
      vertex 25.353847503662109 0.090788781642913818 3.8812732696533203
      vertex 25.323932647705078 0.14546649158000946 3.8812732696533203
    endloop
  endfacet
  facet normal 0 0 1
    outer loop
      vertex 25.209144592285156 0.17860691249370575 3.8812732696533203
      vertex 25.323932647705078 0.14546649158000946 3.8812732696533203
      vertex 25.150346755981445 0.28584563732147217 3.8812732696533203
    endloop
  endfacet
  facet normal 0 0 1
    outer loop
      vertex 24.908447265625 0.35445693135261536 3.8812732696533203
      vertex 25.057367324829102 0.26849120855331421 3.8812732696533203
      vertex 24.979177474975586 0.42126810550689697 3.8812732696533203
    endloop
  endfacet
  facet normal -0 0 1
    outer loop
      vertex 24.908447265625 0.35445693135261536 3.8812732696533203
      vertex 24.979177474975586 0.42126810550689697 3.8812732696533203
      vertex 24.810356140136719 0.55186271667480469 3.8812732696533203
    endloop
  endfacet
  facet normal 0 0 1
    outer loop
      vertex 24.757749557495117 0.43919119238853455 3.8812732696533203
      vertex 24.908447265625 0.35445693135261536 3.8812732696533203
      vertex 24.810356140136719 0.55186271667480469 3.8812732696533203
    endloop
  endfacet
  facet normal -0 0 1
    outer loop
      vertex 24.757749557495117 0.43919119238853455 3.8812732696533203
      vertex 24.810356140136719 0.55186271667480469 3.8812732696533203
      vertex 24.643817901611328 0.67775660753250122 3.8812732696533203
    endloop
  endfacet
  facet normal 0 0 1
    outer loop
      vertex 25.057367324829102 0.26849120855331421 3.8812732696533203
      vertex 25.209144592285156 0.17860691249370575 3.8812732696533203
      vertex 25.150346755981445 0.28584563732147217 3.8812732696533203
    endloop
  endfacet
  facet normal 0 0 1
    outer loop
      vertex 25.057367324829102 0.26849120855331421 3.8812732696533203
      vertex 25.150346755981445 0.28584563732147217 3.8812732696533203
      vertex 24.979177474975586 0.42126810550689697 3.8812732696533203
    endloop
  endfacet
  facet normal -0 0 1
    outer loop
      vertex 24.325000762939453 2.6367796834847468e-16 3.8812732696533203
      vertex 24.280828475952148 0.38420599699020386 3.8812732696533203
      vertex 24.136541366577148 0.42257776856422424 3.8812732696533203
    endloop
  endfacet
  facet normal -0 0 1
    outer loop
      vertex 24.325000762939453 2.6367796834847468e-16 3.8812732696533203
      vertex 24.136541366577148 0.42257776856422424 3.8812732696533203
      vertex 23.993038177490234 0.4593198299407959 3.8812732696533203
    endloop
  endfacet
  facet normal 0 0 1
    outer loop
      vertex 24.450820922851562 0.60471785068511963 3.8812732696533203
      vertex 24.605224609375 0.52263283729553223 3.8812732696533203
      vertex 24.479499816894531 0.79907500743865967 3.8812732696533203
    endloop
  endfacet
  facet normal -0 0 1
    outer loop
      vertex 24.450820922851562 0.60471785068511963 3.8812732696533203
      vertex 24.479499816894531 0.79907500743865967 3.8812732696533203
      vertex 24.31733512878418 0.91594159603118896 3.8812732696533203
    endloop
  endfacet
  facet normal -0 0 1
    outer loop
      vertex 24.325000762939453 2.6367796834847468e-16 3.8812732696533203
      vertex 23.993038177490234 0.4593198299407959 3.8812732696533203
      vertex 23.849214553833008 0.49474546313285828 3.8812732696533203
    endloop
  endfacet
  facet normal 0 0 1
    outer loop
      vertex 24.605224609375 0.52263283729553223 3.8812732696533203
      vertex 24.757749557495117 0.43919119238853455 3.8812732696533203
      vertex 24.643817901611328 0.67775660753250122 3.8812732696533203
    endloop
  endfacet
  facet normal -0 0 1
    outer loop
      vertex 24.605224609375 0.52263283729553223 3.8812732696533203
      vertex 24.643817901611328 0.67775660753250122 3.8812732696533203
      vertex 24.479499816894531 0.79907500743865967 3.8812732696533203
    endloop
  endfacet
  facet normal 0 0 1
    outer loop
      vertex 23.737499237060547 3.9551695252271202e-16 3.8812732696533203
      vertex 24.325000762939453 2.6367796834847468e-16 3.8812732696533203
      vertex 23.849214553833008 0.49474546313285828 3.8812732696533203
    endloop
  endfacet
  facet normal -0 0 1
    outer loop
      vertex 23.737499237060547 3.9551695252271202e-16 3.8812732696533203
      vertex 23.849214553833008 0.49474546313285828 3.8812732696533203
      vertex 23.69671630859375 0.53080463409423828 3.8812732696533203
    endloop
  endfacet
  facet normal 0 0 1
    outer loop
      vertex 23.540328979492188 0.56620818376541138 3.8812732696533203
      vertex 23.737499237060547 3.9551695252271202e-16 3.8812732696533203
      vertex 23.69671630859375 0.53080463409423828 3.8812732696533203
    endloop
  endfacet
  facet normal 0 0 1
    outer loop
      vertex 23.38116455078125 0.60063785314559937 3.8812732696533203
      vertex 23.737499237060547 3.9551695252271202e-16 3.8812732696533203
      vertex 23.540328979492188 0.56620818376541138 3.8812732696533203
    endloop
  endfacet
  facet normal 0 0 1
    outer loop
      vertex 23.737499237060547 3.9551695252271202e-16 3.8812732696533203
      vertex 23.38116455078125 0.60063785314559937 3.8812732696533203
      vertex 23.219184875488281 0.63405513763427734 3.8812732696533203
    endloop
  endfacet
  facet normal 0 0 1
    outer loop
      vertex 23.149999618530273 5.2735593669694936e-16 3.8812732696533203
      vertex 23.737499237060547 3.9551695252271202e-16 3.8812732696533203
      vertex 23.219184875488281 0.63405513763427734 3.8812732696533203
    endloop
  endfacet
  facet normal -0 0 1
    outer loop
      vertex 23.149999618530273 5.2735593669694936e-16 3.8812732696533203
      vertex 23.219184875488281 0.63405513763427734 3.8812732696533203
      vertex 23.054359436035156 0.66642248630523682 3.8812732696533203
    endloop
  endfacet
  facet normal 0 0 1
    outer loop
      vertex 22.5625 6.591949208711867e-16 3.8812732696533203
      vertex 23.149999618530273 5.2735593669694936e-16 3.8812732696533203
      vertex 22.716104507446289 0.72786569595336914 3.8812732696533203
    endloop
  endfacet
  facet normal -0 0 1
    outer loop
      vertex 22.5625 6.591949208711867e-16 3.8812732696533203
      vertex 22.716104507446289 0.72786569595336914 3.8812732696533203
      vertex 22.542667388916016 0.75687670707702637 3.8812732696533203
    endloop
  endfacet
  facet normal 0 0 1
    outer loop
      vertex 21.975000381469727 7.9103390504542404e-16 3.8812732696533203
      vertex 22.5625 6.591949208711867e-16 3.8812732696533203
      vertex 22.005344390869141 0.8367537260055542 3.8812732696533203
    endloop
  endfacet
  facet normal -0 0 1
    outer loop
      vertex 21.975000381469727 7.9103390504542404e-16 3.8812732696533203
      vertex 22.005344390869141 0.8367537260055542 3.8812732696533203
      vertex 21.820709228515625 0.86093467473983765 3.8812732696533203
    endloop
  endfacet
  facet normal -0 -0 1
    outer loop
      vertex 20.799999237060547 1.0547118733938987e-15 3.8812732696533203
      vertex 21.387500762939453 9.2287288921966137e-16 3.8812732696533203
      vertex 20.799999237060547 0.67896968126296997 3.8812732696533203
    endloop
  endfacet
  facet normal 0 0 1
    outer loop
      vertex 21.387500762939453 9.2287288921966137e-16 3.8812732696533203
      vertex 20.952964782714844 0.95499926805496216 3.8812732696533203
      vertex 20.799999237060547 0.67896968126296997 3.8812732696533203
    endloop
  endfacet
  facet normal 0 0 1
    outer loop
      vertex 21.387500762939453 9.2287288921966137e-16 3.8812732696533203
      vertex 21.975000381469727 7.9103390504542404e-16 3.8812732696533203
      vertex 21.436307907104492 0.90638262033462524 3.8812732696533203
    endloop
  endfacet
  facet normal -0 0 1
    outer loop
      vertex 21.387500762939453 9.2287288921966137e-16 3.8812732696533203
      vertex 21.436307907104492 0.90638262033462524 3.8812732696533203
      vertex 21.239988327026367 0.9272114634513855 3.8812732696533203
    endloop
  endfacet
  facet normal 0 0 1
    outer loop
      vertex 23.149999618530273 5.2735593669694936e-16 3.8812732696533203
      vertex 23.054359436035156 0.66642248630523682 3.8812732696533203
      vertex 22.886669158935547 0.69770395755767822 3.8812732696533203
    endloop
  endfacet
  facet normal -0 0 1
    outer loop
      vertex 23.149999618530273 5.2735593669694936e-16 3.8812732696533203
      vertex 22.886669158935547 0.69770395755767822 3.8812732696533203
      vertex 22.716104507446289 0.72786569595336914 3.8812732696533203
    endloop
  endfacet
  facet normal -0 0 1
    outer loop
      vertex 22.5625 6.591949208711867e-16 3.8812732696533203
      vertex 22.366373062133789 0.78470957279205322 3.8812732696533203
      vertex 22.187252044677734 0.81134128570556641 3.8812732696533203
    endloop
  endfacet
  facet normal -0 0 1
    outer loop
      vertex 22.5625 6.591949208711867e-16 3.8812732696533203
      vertex 22.187252044677734 0.81134128570556641 3.8812732696533203
      vertex 22.005344390869141 0.8367537260055542 3.8812732696533203
    endloop
  endfacet
  facet normal -0 0 1
    outer loop
      vertex 22.5625 6.591949208711867e-16 3.8812732696533203
      vertex 22.542667388916016 0.75687670707702637 3.8812732696533203
      vertex 22.366373062133789 0.78470957279205322 3.8812732696533203
    endloop
  endfacet
  facet normal -0 0 1
    outer loop
      vertex 21.975000381469727 7.9103390504542404e-16 3.8812732696533203
      vertex 21.820709228515625 0.86093467473983765 3.8812732696533203
      vertex 21.633413314819336 0.88387823104858398 3.8812732696533203
    endloop
  endfacet
  facet normal 0 0 1
    outer loop
      vertex 21.975000381469727 7.9103390504542404e-16 3.8812732696533203
      vertex 21.633413314819336 0.88387823104858398 3.8812732696533203
      vertex 21.436307907104492 0.90638262033462524 3.8812732696533203
    endloop
  endfacet
  facet normal 0 0 1
    outer loop
      vertex 20.799999237060547 1.3579393625259399 3.8812732696533203
      vertex 20.952964782714844 0.95499926805496216 3.8812732696533203
      vertex 20.799999237060547 2.0369091033935547 3.8812732696533203
    endloop
  endfacet
  facet normal 0 0 1
    outer loop
      vertex 20.952964782714844 0.95499926805496216 3.8812732696533203
      vertex 21.239988327026367 0.9272114634513855 3.8812732696533203
      vertex 20.799999237060547 2.0369091033935547 3.8812732696533203
    endloop
  endfacet
  facet normal -0 0 1
    outer loop
      vertex 20.799999237060547 0.67896968126296997 3.8812732696533203
      vertex 20.952964782714844 0.95499926805496216 3.8812732696533203
      vertex 20.799999237060547 1.3579393625259399 3.8812732696533203
    endloop
  endfacet
  facet normal 0 0 1
    outer loop
      vertex 21.387500762939453 9.2287288921966137e-16 3.8812732696533203
      vertex 21.239988327026367 0.9272114634513855 3.8812732696533203
      vertex 20.952964782714844 0.95499926805496216 3.8812732696533203
    endloop
  endfacet
  facet normal 0 0 1
    outer loop
      vertex 24.128320693969727 0.76841199398040771 3.8812732696533203
      vertex 24.288732528686523 0.68830227851867676 3.8812732696533203
      vertex 24.157266616821289 1.0284780263900757 3.8812732696533203
    endloop
  endfacet
  facet normal 0 0 1
    outer loop
      vertex 24.128320693969727 0.76841199398040771 3.8812732696533203
      vertex 24.157266616821289 1.0284780263900757 3.8812732696533203
      vertex 23.999229431152344 1.1368042230606079 3.8812732696533203
    endloop
  endfacet
  facet normal -0 -0 1
    outer loop
      vertex 23.969532012939453 0.84515553712844849 3.8812732696533203
      vertex 24.128320693969727 0.76841199398040771 3.8812732696533203
      vertex 23.999229431152344 1.1368042230606079 3.8812732696533203
    endloop
  endfacet
  facet normal -0 0 1
    outer loop
      vertex 23.969532012939453 0.84515553712844849 3.8812732696533203
      vertex 23.999229431152344 1.1368042230606079 3.8812732696533203
      vertex 23.843162536621094 1.2410386800765991 3.8812732696533203
    endloop
  endfacet
  facet normal 0 0 1
    outer loop
      vertex 23.812309265136719 0.9186396598815918 3.8812732696533203
      vertex 23.969532012939453 0.84515553712844849 3.8812732696533203
      vertex 23.843162536621094 1.2410386800765991 3.8812732696533203
    endloop
  endfacet
  facet normal -0 0 1
    outer loop
      vertex 23.812309265136719 0.9186396598815918 3.8812732696533203
      vertex 23.843162536621094 1.2410386800765991 3.8812732696533203
      vertex 23.689010620117188 1.3412977457046509 3.8812732696533203
    endloop
  endfacet
  facet normal 0 0 1
    outer loop
      vertex 23.489828109741211 1.0616092681884766 3.8812732696533203
      vertex 23.655427932739258 0.98949092626571655 3.8812732696533203
      vertex 23.386213302612305 1.5303465127944946 3.8812732696533203
    endloop
  endfacet
  facet normal -0 0 1
    outer loop
      vertex 23.489828109741211 1.0616092681884766 3.8812732696533203
      vertex 23.386213302612305 1.5303465127944946 3.8812732696533203
      vertex 23.237455368041992 1.6193604469299316 3.8812732696533203
    endloop
  endfacet
  facet normal 0 0 1
    outer loop
      vertex 23.320781707763672 1.1324163675308228 3.8812732696533203
      vertex 23.489828109741211 1.0616092681884766 3.8812732696533203
      vertex 23.237455368041992 1.6193604469299316 3.8812732696533203
    endloop
  endfacet
  facet normal -0 0 1
    outer loop
      vertex 23.320781707763672 1.1324163675308228 3.8812732696533203
      vertex 23.237455368041992 1.6193604469299316 3.8812732696533203
      vertex 23.090383529663086 1.7048470973968506 3.8812732696533203
    endloop
  endfacet
  facet normal 0 0 1
    outer loop
      vertex 23.655427932739258 0.98949092626571655 3.8812732696533203
      vertex 23.812309265136719 0.9186396598815918 3.8812732696533203
      vertex 23.689010620117188 1.3412977457046509 3.8812732696533203
    endloop
  endfacet
  facet normal 0 0 1
    outer loop
      vertex 23.655427932739258 0.98949092626571655 3.8812732696533203
      vertex 23.689010620117188 1.3412977457046509 3.8812732696533203
      vertex 23.536712646484375 1.4376959800720215 3.8812732696533203
    endloop
  endfacet
  facet normal -0 -0 1
    outer loop
      vertex 24.288732528686523 0.68830227851867676 3.8812732696533203
      vertex 24.450820922851562 0.60471785068511963 3.8812732696533203
      vertex 24.31733512878418 0.91594159603118896 3.8812732696533203
    endloop
  endfacet
  facet normal -0 0 1
    outer loop
      vertex 24.288732528686523 0.68830227851867676 3.8812732696533203
      vertex 24.31733512878418 0.91594159603118896 3.8812732696533203
      vertex 24.157266616821289 1.0284780263900757 3.8812732696533203
    endloop
  endfacet
  facet normal -0 0 1
    outer loop
      vertex 23.655427932739258 0.98949092626571655 3.8812732696533203
      vertex 23.536712646484375 1.4376959800720215 3.8812732696533203
      vertex 23.386213302612305 1.5303465127944946 3.8812732696533203
    endloop
  endfacet
  facet normal -0 0 1
    outer loop
      vertex 23.090383529663086 1.7048470973968506 3.8812732696533203
      vertex 22.944944381713867 1.7869141101837158 3.8812732696533203
      vertex 23.14952278137207 1.2012757062911987 3.8812732696533203
    endloop
  endfacet
  facet normal -0 -0 1
    outer loop
      vertex 23.090383529663086 1.7048470973968506 3.8812732696533203
      vertex 23.14952278137207 1.2012757062911987 3.8812732696533203
      vertex 23.320781707763672 1.1324163675308228 3.8812732696533203
    endloop
  endfacet
  facet normal 0 0 1
    outer loop
      vertex 22.976030349731445 1.2681102752685547 3.8812732696533203
      vertex 23.14952278137207 1.2012757062911987 3.8812732696533203
      vertex 22.944944381713867 1.7869141101837158 3.8812732696533203
    endloop
  endfacet
  facet normal -0 0 1
    outer loop
      vertex 22.976030349731445 1.2681102752685547 3.8812732696533203
      vertex 22.944944381713867 1.7869141101837158 3.8812732696533203
      vertex 22.801084518432617 1.865667462348938 3.8812732696533203
    endloop
  endfacet
  facet normal 0 0 1
    outer loop
      vertex 22.800291061401367 1.3328449726104736 3.8812732696533203
      vertex 22.976030349731445 1.2681102752685547 3.8812732696533203
      vertex 22.658754348754883 1.9412111043930054 3.8812732696533203
    endloop
  endfacet
  facet normal -0 0 1
    outer loop
      vertex 22.800291061401367 1.3328449726104736 3.8812732696533203
      vertex 22.658754348754883 1.9412111043930054 3.8812732696533203
      vertex 22.517900466918945 2.0136473178863525 3.8812732696533203
    endloop
  endfacet
  facet normal 0 0 1
    outer loop
      vertex 22.442073822021484 1.4557313919067383 3.8812732696533203
      vertex 22.622304916381836 1.3954079151153564 3.8812732696533203
      vertex 22.378475189208984 2.0830767154693604 3.8812732696533203
    endloop
  endfacet
  facet normal -0 0 1
    outer loop
      vertex 22.442073822021484 1.4557313919067383 3.8812732696533203
      vertex 22.378475189208984 2.0830767154693604 3.8812732696533203
      vertex 22.10371208190918 2.2133083343505859 3.8812732696533203
    endloop
  endfacet
  facet normal 0 0 1
    outer loop
      vertex 22.10371208190918 2.2133083343505859 3.8812732696533203
      vertex 22.259616851806641 1.5137534141540527 3.8812732696533203
      vertex 22.442073822021484 1.4557313919067383 3.8812732696533203
    endloop
  endfacet
  facet normal 0 0 1
    outer loop
      vertex 22.622304916381836 1.3954079151153564 3.8812732696533203
      vertex 22.800291061401367 1.3328449726104736 3.8812732696533203
      vertex 22.517900466918945 2.0136473178863525 3.8812732696533203
    endloop
  endfacet
  facet normal -0 0 1
    outer loop
      vertex 22.622304916381836 1.3954079151153564 3.8812732696533203
      vertex 22.517900466918945 2.0136473178863525 3.8812732696533203
      vertex 22.378475189208984 2.0830767154693604 3.8812732696533203
    endloop
  endfacet
  facet normal 0 0 1
    outer loop
      vertex 21.888141632080078 1.6226825714111328 3.8812732696533203
      vertex 22.074960708618164 1.5694191455841064 3.8812732696533203
      vertex 21.834085464477539 2.3326749801635742 3.8812732696533203
    endloop
  endfacet
  facet normal -0 0 1
    outer loop
      vertex 21.888141632080078 1.6226825714111328 3.8812732696533203
      vertex 21.834085464477539 2.3326749801635742 3.8812732696533203
      vertex 21.569238662719727 2.4419171810150146 3.8812732696533203
    endloop
  endfacet
  facet normal 0 0 1
    outer loop
      vertex 21.699209213256836 1.6735074520111084 3.8812732696533203
      vertex 21.888141632080078 1.6226825714111328 3.8812732696533203
      vertex 21.569238662719727 2.4419171810150146 3.8812732696533203
    endloop
  endfacet
  facet normal -0 0 1
    outer loop
      vertex 21.699209213256836 1.6735074520111084 3.8812732696533203
      vertex 21.569238662719727 2.4419171810150146 3.8812732696533203
      vertex 21.308822631835938 2.5417473316192627 3.8812732696533203
    endloop
  endfacet
  facet normal 0 0 1
    outer loop
      vertex 21.052515029907227 2.6328492164611816 3.8812732696533203
      vertex 21.315256118774414 1.767756462097168 3.8812732696533203
      vertex 21.508224487304688 1.7218693494796753 3.8812732696533203
    endloop
  endfacet
  facet normal -0 -0 1
    outer loop
      vertex 21.112972259521484 1.8127652406692505 3.8812732696533203
      vertex 21.315256118774414 1.767756462097168 3.8812732696533203
      vertex 21.052515029907227 2.6328492164611816 3.8812732696533203
    endloop
  endfacet
  facet normal 0 0 1
    outer loop
      vertex 21.112972259521484 1.8127652406692505 3.8812732696533203
      vertex 21.052515029907227 2.6328492164611816 3.8812732696533203
      vertex 20.799999237060547 2.7158787250518799 3.8812732696533203
    endloop
  endfacet
  facet normal 0 0 1
    outer loop
      vertex 21.508224487304688 1.7218693494796753 3.8812732696533203
      vertex 21.699209213256836 1.6735074520111084 3.8812732696533203
      vertex 21.308822631835938 2.5417473316192627 3.8812732696533203
    endloop
  endfacet
  facet normal 0 0 1
    outer loop
      vertex 22.074960708618164 1.5694191455841064 3.8812732696533203
      vertex 22.259616851806641 1.5137534141540527 3.8812732696533203
      vertex 21.834085464477539 2.3326749801635742 3.8812732696533203
    endloop
  endfacet
  facet normal -0 0 1
    outer loop
      vertex 22.10371208190918 2.2133083343505859 3.8812732696533203
      vertex 21.834085464477539 2.3326749801635742 3.8812732696533203
      vertex 22.259616851806641 1.5137534141540527 3.8812732696533203
    endloop
  endfacet
  facet normal 0 0 1
    outer loop
      vertex 20.799999237060547 2.7158787250518799 3.8812732696533203
      vertex 20.799999237060547 2.0369091033935547 3.8812732696533203
      vertex 20.912263870239258 1.854422926902771 3.8812732696533203
    endloop
  endfacet
  facet normal 0 0 1
    outer loop
      vertex 21.052515029907227 2.6328492164611816 3.8812732696533203
      vertex 21.508224487304688 1.7218693494796753 3.8812732696533203
      vertex 21.308822631835938 2.5417473316192627 3.8812732696533203
    endloop
  endfacet
  facet normal -0 0 1
    outer loop
      vertex 21.239988327026367 0.9272114634513855 3.8812732696533203
      vertex 20.912263870239258 1.854422926902771 3.8812732696533203
      vertex 20.799999237060547 2.0369091033935547 3.8812732696533203
    endloop
  endfacet
  facet normal -0 -0 1
    outer loop
      vertex 21.112972259521484 1.8127652406692505 3.8812732696533203
      vertex 20.799999237060547 2.7158787250518799 3.8812732696533203
      vertex 20.912263870239258 1.854422926902771 3.8812732696533203
    endloop
  endfacet
  facet normal -0 0 1
    outer loop
      vertex 22.801084518432617 1.865667462348938 3.8812732696533203
      vertex 22.658754348754883 1.9412111043930054 3.8812732696533203
      vertex 22.976030349731445 1.2681102752685547 3.8812732696533203
    endloop
  endfacet
  facet normal 0.16228926983271577 -0.51956717748386638 -0.83887552174241697
    outer loop
      vertex 22.918994903564453 -0.49686208367347717 0.49103522300720215
      vertex 22.705879211425781 -0.52942222356796265 0.46997225284576416
      vertex 22.997936248779297 -0.26471111178398132 0.36252188682556152
    endloop
  endfacet
  facet normal 0.10549660158891139 -0.50883546426933601 -0.85437517365323756
    outer loop
      vertex 22.918994903564453 -0.49686208367347717 0.49103522300720215
      vertex 22.997936248779297 -0.26471111178398132 0.36252188682556152
      vertex 23.226652145385742 -0.24843104183673859 0.38106745481491089
    endloop
  endfacet
  facet normal 0.14478234416795932 -0.47160469749461786 -0.86984313650119738
    outer loop
      vertex 22.705879211425781 -0.52942222356796265 0.46997225284576416
      vertex 22.507465362548828 -0.5574944019317627 0.45216691493988037
      vertex 22.777135848999023 -0.27874720096588135 0.34592366218566895
    endloop
  endfacet
  facet normal 0.095678261401658249 -0.46320326469645318 -0.88107230456399177
    outer loop
      vertex 22.705879211425781 -0.52942222356796265 0.46997225284576416
      vertex 22.777135848999023 -0.27874720096588135 0.34592366218566895
      vertex 22.997936248779297 -0.26471111178398132 0.36252188682556152
    endloop
  endfacet
  facet normal 0.20093894658120331 -0.62761967930656526 -0.75214166078868439
    outer loop
      vertex 23.258634567260742 -0.43824502825737 0.52977496385574341
      vertex 23.079902648925781 -0.47010982036590576 0.50861507654190063
      vertex 23.39069938659668 -0.23505491018295288 0.39550617337226868
    endloop
  endfacet
  facet normal 0.12992238986325186 -0.6040326785044402 -0.78629809608759249
    outer loop
      vertex 23.258634567260742 -0.43824502825737 0.52977496385574341
      vertex 23.39069938659668 -0.23505491018295288 0.39550617337226868
      vertex 23.563915252685547 -0.219122514128685 0.41188791394233704
    endloop
  endfacet
  facet normal 0.1830257327546658 -0.57851025358350106 -0.79487575610806693
    outer loop
      vertex 23.079902648925781 -0.47010982036590576 0.50861507654190063
      vertex 22.918994903564453 -0.49686208367347717 0.49103522300720215
      vertex 23.226652145385742 -0.24843104183673859 0.38106745481491089
    endloop
  endfacet
  facet normal 0.11768011209796732 -0.5526290816013335 -0.82507726267609416
    outer loop
      vertex 23.079902648925781 -0.47010982036590576 0.50861507654190063
      vertex 23.226652145385742 -0.24843104183673859 0.38106745481491089
      vertex 23.39069938659668 -0.23505491018295288 0.39550617337226868
    endloop
  endfacet
  facet normal -0.16794117137601791 -0.072756095355696493 -0.98310849530733058
    outer loop
      vertex 3.9385318756103516 -1.8970423936843872 0.63112145662307739
      vertex 3.7598807811737061 -1.8894391059875488 0.66107714176177979
      vertex 3.6418335437774658 -1.259626030921936 0.63463270664215088
    endloop
  endfacet
  facet normal -0.17311197237067313 -0.075168893084478938 -0.98202947131661456
    outer loop
      vertex 3.9385318756103516 -1.8970423936843872 0.63112145662307739
      vertex 3.6418335437774658 -1.259626030921936 0.63463270664215088
      vertex 3.8148608207702637 -1.2646949291229248 0.60451948642730713
    endloop
  endfacet
  facet normal -0.17218952357115763 -0.07213767467737224 -0.982418914651219
    outer loop
      vertex 3.7598807811737061 -1.8894391059875488 0.66107714176177979
      vertex 3.5770597457885742 -1.8815019130706787 0.69253754615783691
      vertex 3.464747428894043 -1.254334568977356 0.66617059707641602
    endloop
  endfacet
  facet normal -0.1770028004583814 -0.074382613733333144 -0.98139555501545261
    outer loop
      vertex 3.7598807811737061 -1.8894391059875488 0.66107714176177979
      vertex 3.464747428894043 -1.254334568977356 0.66617059707641602
      vertex 3.6418335437774658 -1.259626030921936 0.63463270664215088
    endloop
  endfacet
  facet normal -0.15866587300555246 -0.073989369563509974 -0.98455609994300497
    outer loop
      vertex 4.3003349304199219 -1.911934494972229 0.5730205774307251
      vertex 4.1215300559997559 -1.9046632051467896 0.60128939151763916
      vertex 3.9920728206634521 -1.2697755098342896 0.57444024085998535
    endloop
  endfacet
  facet normal -0.16458418725974758 -0.076833029143532086 -0.98336602083694014
    outer loop
      vertex 4.3003349304199219 -1.911934494972229 0.5730205774307251
      vertex 3.9920728206634521 -1.2697755098342896 0.57444024085998535
      vertex 4.1651935577392578 -1.274622917175293 0.54584407806396484
    endloop
  endfacet
  facet normal -0.16343594570622408 -0.073351970366854813 -0.98382324636817364
    outer loop
      vertex 4.1215300559997559 -1.9046632051467896 0.60128939151763916
      vertex 3.9385318756103516 -1.8970423936843872 0.63112145662307739
      vertex 3.8148608207702637 -1.2646949291229248 0.60451948642730713
    endloop
  endfacet
  facet normal -0.16897614896258023 -0.076012551651305382 -0.98268466614333294
    outer loop
      vertex 4.1215300559997559 -1.9046632051467896 0.60128939151763916
      vertex 3.8148608207702637 -1.2646949291229248 0.60451948642730713
      vertex 3.9920728206634521 -1.2697755098342896 0.57444024085998535
    endloop
  endfacet
  facet normal -0.14829347843044785 -0.075229140978320411 -0.98607789783701283
    outer loop
      vertex 4.6624279022216797 -1.926081657409668 0.51863014698028564
      vertex 4.4834604263305664 -1.9191900491714478 0.54501879215240479
      vertex 4.3424601554870605 -1.279460072517395 0.51741760969161987
    endloop
  endfacet
  facet normal -0.15499154375998622 -0.078541127153874082 -0.98478876552705208
    outer loop
      vertex 4.6624279022216797 -1.926081657409668 0.51863014698028564
      vertex 4.3424601554870605 -1.279460072517395 0.51741760969161987
      vertex 4.5156574249267578 -1.2840543985366821 0.49052527546882629
    endloop
  endfacet
  facet normal -0.15361955839041885 -0.074590915912546921 -0.98531072588461155
    outer loop
      vertex 4.4834604263305664 -1.9191900491714478 0.54501879215240479
      vertex 4.3003349304199219 -1.911934494972229 0.5730205774307251
      vertex 4.1651935577392578 -1.274622917175293 0.54584407806396484
    endloop
  endfacet
  facet normal -0.15992519086866833 -0.077706031680265353 -0.98406590529604543
    outer loop
      vertex 4.4834604263305664 -1.9191900491714478 0.54501879215240479
      vertex 4.1651935577392578 -1.274622917175293 0.54584407806396484
      vertex 4.3424601554870605 -1.279460072517395 0.51741760969161987
    endloop
  endfacet
  facet normal -0.13678931022437557 -0.076437295890058973 -0.98764671031971507
    outer loop
      vertex 5.0247540473937988 -1.9393792152404785 0.46835902333259583
      vertex 4.8456130027770996 -1.9329185485839844 0.49267008900642395
      vertex 4.6928834915161133 -1.2886123657226562 0.46395814418792725
    endloop
  endfacet
  facet normal -0.14428039787397864 -0.08024825501877017 -0.98627753921285699
    outer loop
      vertex 5.0247540473937988 -1.9393792152404785 0.46835902333259583
      vertex 4.6928834915161133 -1.2886123657226562 0.46395814418792725
      vertex 4.8661370277404785 -1.2929195165634155 0.43896371126174927
    endloop
  endfacet
  facet normal -0.14268251368293156 -0.075817908387132246 -0.98686034729181427
    outer loop
      vertex 4.8456130027770996 -1.9329185485839844 0.49267008900642395
      vertex 4.6624279022216797 -1.926081657409668 0.51863014698028564
      vertex 4.5156574249267578 -1.2840543985366821 0.49052527546882629
    endloop
  endfacet
  facet normal -0.14977798374229384 -0.079421628857452908 -0.98552461179603323
    outer loop
      vertex 4.8456130027770996 -1.9329185485839844 0.49267008900642395
      vertex 4.5156574249267578 -1.2840543985366821 0.49052527546882629
      vertex 4.6928834915161133 -1.2886123657226562 0.46395814418792725
    endloop
  endfacet
  facet normal -0.12418648174555585 -0.077576119023320803 -0.98922174637890992
    outer loop
      vertex 5.3872413635253906 -1.9517184495925903 0.42260658740997314
      vertex 5.207911491394043 -1.9457410573959351 0.44465082883834839
      vertex 5.0432038307189941 -1.2971607446670532 0.41446560621261597
    endloop
  endfacet
  facet normal -0.13245423531025502 -0.08190398507592031 -0.98779937880981639
    outer loop
      vertex 5.3872413635253906 -1.9517184495925903 0.42260658740997314
      vertex 5.0432038307189941 -1.2971607446670532 0.41446560621261597
      vertex 5.2164907455444336 -1.3011455535888672 0.39155992865562439
    endloop
  endfacet
  facet normal -0.13061940616462589 -0.076994614203196476 -0.98843836434898735
    outer loop
      vertex 5.207911491394043 -1.9457410573959351 0.44465082883834839
      vertex 5.0247540473937988 -1.9393792152404785 0.46835902333259583
      vertex 4.8661370277404785 -1.2929195165634155 0.43896371126174927
    endloop
  endfacet
  facet normal -0.13850416559357898 -0.081110328931290096 -0.98703480721496561
    outer loop
      vertex 5.207911491394043 -1.9457410573959351 0.44465082883834839
      vertex 4.8661370277404785 -1.2929195165634155 0.43896371126174927
      vertex 5.0432038307189941 -1.2971607446670532 0.41446560621261597
    endloop
  endfacet
  facet normal -0.11062358597612987 -0.078616710185413205 -0.9907481189007652
    outer loop
      vertex 5.7497997283935547 -1.9629924297332764 0.38172727823257446
      vertex 5.5702633857727051 -1.9575490951538086 0.4013417661190033
      vertex 5.3932533264160156 -1.3050327301025391 0.36932837963104248
    endloop
  endfacet
  facet normal -0.11960970318445929 -0.083459100914065831 -0.98930687725232214
    outer loop
      vertex 5.7497997283935547 -1.9629924297332764 0.38172727823257446
      vertex 5.3932533264160156 -1.3050327301025391 0.36932837963104248
      vertex 5.5665469169616699 -1.3086615800857544 0.34868288040161133
    endloop
  endfacet
  facet normal -0.11751262722769079 -0.078087235177826689 -0.98999654855172525
    outer loop
      vertex 5.5702633857727051 -1.9575490951538086 0.4013417661190033
      vertex 5.3872413635253906 -1.9517184495925903 0.42260658740997314
      vertex 5.2164907455444336 -1.3011455535888672 0.39155992865562439
    endloop
  endfacet
  facet normal -0.12615049095432551 -0.082721198731763729 -0.98855614757704224
    outer loop
      vertex 5.5702633857727051 -1.9575490951538086 0.4013417661190033
      vertex 5.2164907455444336 -1.3011455535888672 0.39155992865562439
      vertex 5.3932533264160156 -1.3050327301025391 0.36932837963104248
    endloop
  endfacet
  facet normal -0.095943709263949684 -0.079526467658006375 -0.99220479014894647
    outer loop
      vertex 6.1266989707946777 -1.9734829664230347 0.34467414021492004
      vertex 5.9398655891418457 -1.9684447050094604 0.36233663558959961
      vertex 5.749882698059082 -1.3122963905334473 0.32811638712882996
    endloop
  endfacet
  facet normal -0.10555106697694665 -0.084966041815958238 -0.9907773433007826
    outer loop
      vertex 6.1266989707946777 -1.9734829664230347 0.34467414021492004
      vertex 5.749882698059082 -1.3122963905334473 0.32811638712882996
      vertex 5.9299635887145996 -1.3156553506851196 0.30921977758407593
    endloop
  endfacet
  facet normal -0.10341995463080124 -0.079035362415693491 -0.99149267494620608
    outer loop
      vertex 5.9398655891418457 -1.9684447050094604 0.36233663558959961
      vertex 5.7497997283935547 -1.9629924297332764 0.38172727823257446
      vertex 5.5665469169616699 -1.3086615800857544 0.34868288040161133
    endloop
  endfacet
  facet normal -0.11273345281189542 -0.08427516744920889 -0.99004488017893211
    outer loop
      vertex 5.9398655891418457 -1.9684447050094604 0.36233663558959961
      vertex 5.5665469169616699 -1.3086615800857544 0.34868288040161133
      vertex 5.749882698059082 -1.3122963905334473 0.32811638712882996
    endloop
  endfacet
  facet normal 0.033862074392835888 -0.11038028386574472 -0.99331241452602992
    outer loop
      vertex 16.902198791503906 -1.7194409370422363 0.23598296940326691
      vertex 16.702598571777344 -1.7391078472137451 0.23136404156684875
      vertex 16.374067306518555 -1.1594052314758301 0.15574584901332855
    endloop
  endfacet
  facet normal 0.02462656530003858 -0.11898622645742515 -0.99259045441458149
    outer loop
      vertex 16.902198791503906 -1.7194409370422363 0.23598296940326691
      vertex 16.374067306518555 -1.1594052314758301 0.15574584901332855
      vertex 16.588127136230469 -1.1462939977645874 0.15948505699634552
    endloop
  endfacet
  facet normal 0.031297698287143343 -0.1085032239060274 -0.99360329331374764
    outer loop
      vertex 16.702598571777344 -1.7391078472137451 0.23136404156684875
      vertex 16.503177642822266 -1.7579119205474854 0.22713588178157806
      vertex 16.160867691040039 -1.1719412803649902 0.15236437320709229
    endloop
  endfacet
  facet normal 0.022610313214213959 -0.11670434065377727 -0.99290929626473035
    outer loop
      vertex 16.702598571777344 -1.7391078472137451 0.23136404156684875
      vertex 16.160867691040039 -1.1719412803649902 0.15236437320709229
      vertex 16.374067306518555 -1.1594052314758301 0.15574584901332855
    endloop
  endfacet
  facet normal 0.039415991826823447 -0.11488879948175115 -0.99259606252591492
    outer loop
      vertex 17.303396224975586 -1.6772907972335815 0.2465079128742218
      vertex 17.102693557739258 -1.6988189220428467 0.24102979898452759
      vertex 16.803808212280273 -1.1325459480285645 0.16361735761165619
    endloop
  endfacet
  facet normal 0.029001796466584535 -0.12432132513501515 -0.9918180800521762
    outer loop
      vertex 17.303396224975586 -1.6772907972335815 0.2465079128742218
      vertex 16.803808212280273 -1.1325459480285645 0.16361735761165619
      vertex 17.020364761352539 -1.1181938648223877 0.16815070807933807
    endloop
  endfacet
  facet normal 0.036565954849854844 -0.11249559360165858 -0.99297919029863324
    outer loop
      vertex 17.102693557739258 -1.6988189220428467 0.24102979898452759
      vertex 16.902198791503906 -1.7194409370422363 0.23598296940326691
      vertex 16.588127136230469 -1.1462939977645874 0.15948505699634552
    endloop
  endfacet
  facet normal 0.026756420935621292 -0.12152038309740047 -0.99222824512839636
    outer loop
      vertex 17.102693557739258 -1.6988189220428467 0.24102979898452759
      vertex 16.588127136230469 -1.1462939977645874 0.15948505699634552
      vertex 16.803808212280273 -1.1325459480285645 0.16361735761165619
    endloop
  endfacet
  facet normal 0.045563154587227921 -0.12060093874342771 -0.99165488579357308
    outer loop
      vertex 17.705482482910156 -1.6314419507980347 0.2588336169719696
      vertex 17.50432014465332 -1.654837965965271 0.25243622064590454
      vertex 17.237796783447266 -1.1032253503799438 0.17310555279254913
    endloop
  endfacet
  facet normal 0.033841593845275734 -0.13084460186403896 -0.99082512921758936
    outer loop
      vertex 17.705482482910156 -1.6314419507980347 0.2588336169719696
      vertex 17.237796783447266 -1.1032253503799438 0.17310555279254913
      vertex 17.456110000610352 -1.0876280069351196 0.17850230634212494
    endloop
  endfacet
  facet normal 0.042413119541014004 -0.11757965985660036 -0.99215732163745385
    outer loop
      vertex 17.50432014465332 -1.654837965965271 0.25243622064590454
      vertex 17.303396224975586 -1.6772907972335815 0.2465079128742218
      vertex 17.020364761352539 -1.1181938648223877 0.16815070807933807
    endloop
  endfacet
  facet normal 0.031362766331393004 -0.12741874723184352 -0.99135303486795756
    outer loop
      vertex 17.50432014465332 -1.654837965965271 0.25243622064590454
      vertex 17.020364761352539 -1.1181938648223877 0.16815070807933807
      vertex 17.237796783447266 -1.1032253503799438 0.17310555279254913
    endloop
  endfacet
  facet normal 0.052357509459183209 -0.12778287917946082 -0.99041921780215836
    outer loop
      vertex 18.108573913574219 -1.5817457437515259 0.27311140298843384
      vertex 17.906896591186523 -1.6070840358734131 0.26571905612945557
      vertex 17.675304412841797 -1.0713894367218018 0.18436139822006226
    endloop
  endfacet
  facet normal 0.039170939945789941 -0.13882512287043416 -0.98954192570288413
    outer loop
      vertex 18.108573913574219 -1.5817457437515259 0.27311140298843384
      vertex 17.675304412841797 -1.0713894367218018 0.18436139822006226
      vertex 17.895381927490234 -1.0544971227645874 0.19070328772068024
    endloop
  endfacet
  facet normal 0.048875000706443017 -0.1239883915300409 -0.99107926679541536
    outer loop
      vertex 17.906896591186523 -1.6070840358734131 0.26571905612945557
      vertex 17.705482482910156 -1.6314419507980347 0.2588336169719696
      vertex 17.456110000610352 -1.0876280069351196 0.17850230634212494
    endloop
  endfacet
  facet normal 0.036442887326743077 -0.13463362431297562 -0.99022507702423035
    outer loop
      vertex 17.906896591186523 -1.6070840358734131 0.26571905612945557
      vertex 17.456110000610352 -1.0876280069351196 0.17850230634212494
      vertex 17.675304412841797 -1.0713894367218018 0.18436139822006226
    endloop
  endfacet
  facet normal 0.059874464117483879 -0.13678499530669119 -0.98878962049851271
    outer loop
      vertex 18.512784957885742 -1.5280535221099854 0.28949254751205444
      vertex 18.310531616210938 -1.5554084777832031 0.28102961182594299
      vertex 18.116350173950195 -1.0369390249252319 0.19754840433597565
    endloop
  endfacet
  facet normal 0.045026003193505901 -0.14859908576124126 -0.9878719404595625
    outer loop
      vertex 18.512784957885742 -1.5280535221099854 0.28949254751205444
      vertex 18.116350173950195 -1.0369390249252319 0.19754840433597565
      vertex 18.338207244873047 -1.0187023878097534 0.20491716265678406
    endloop
  endfacet
  facet normal 0.056020036822011114 -0.13203088909065167 -0.9896613561215738
    outer loop
      vertex 18.310531616210938 -1.5554084777832031 0.28102961182594299
      vertex 18.108573913574219 -1.5817457437515259 0.27311140298843384
      vertex 17.895381927490234 -1.0544971227645874 0.19070328772068024
    endloop
  endfacet
  facet normal 0.042029356374535497 -0.14346414858093973 -0.98876264658141699
    outer loop
      vertex 18.310531616210938 -1.5554084777832031 0.28102961182594299
      vertex 17.895381927490234 -1.0544971227645874 0.19070328772068024
      vertex 18.116350173950195 -1.0369390249252319 0.19754840433597565
    endloop
  endfacet
  facet normal 0.068217912229206853 -0.14805506033718807 -0.98662354297859711
    outer loop
      vertex 18.918228149414062 -1.4702165126800537 0.30812832713127136
      vertex 18.71534538269043 -1.4996623992919922 0.29851916432380676
      vertex 18.560956954956055 -0.99977493286132812 0.21283002197742462
    endloop
  endfacet
  facet normal 0.051458018198289976 -0.1605917473048894 -0.98567863072132555
    outer loop
      vertex 18.918228149414062 -1.4702165126800537 0.30812832713127136
      vertex 18.560956954956055 -0.99977493286132812 0.21283002197742462
      vertex 18.784605026245117 -0.98014438152313232 0.2213074117898941
    endloop
  endfacet
  facet normal 0.063935642823977068 -0.14210342935430012 -0.98778481914961214
    outer loop
      vertex 18.71534538269043 -1.4996623992919922 0.29851916432380676
      vertex 18.512784957885742 -1.5280535221099854 0.28949254751205444
      vertex 18.338207244873047 -1.0187023878097534 0.20491716265678406
    endloop
  endfacet
  facet normal 0.048166501593303081 -0.15428691129234612 -0.98685132473343196
    outer loop
      vertex 18.71534538269043 -1.4996623992919922 0.29851916432380676
      vertex 18.338207244873047 -1.0187023878097534 0.20491716265678406
      vertex 18.560956954956055 -0.99977493286132812 0.21283002197742462
    endloop
  endfacet
  facet normal 0.077522576730746945 -0.16218179206182989 -0.98371099232479808
    outer loop
      vertex 19.325017929077148 -1.4080861806869507 0.32917004823684692
      vertex 19.12144660949707 -1.439697265625 0.31833899021148682
      vertex 19.009151458740234 -0.95979821681976318 0.23036976158618927
    endloop
  endfacet
  facet normal 0.058534877803992184 -0.17535196119665242 -0.98276414148307178
    outer loop
      vertex 19.325017929077148 -1.4080861806869507 0.32917004823684692
      vertex 19.009151458740234 -0.95979821681976318 0.23036976158618927
      vertex 19.234598159790039 -0.9387241005897522 0.24003750085830688
    endloop
  endfacet
  facet normal 0.072740456854400407 -0.1547177649431806 -0.98527723973894765
    outer loop
      vertex 19.12144660949707 -1.439697265625 0.31833899021148682
      vertex 18.918228149414062 -1.4702165126800537 0.30812832713127136
      vertex 18.784605026245117 -0.98014438152313232 0.2213074117898941
    endloop
  endfacet
  facet normal 0.054910890667195331 -0.16758580178714286 -0.98432707629400074
    outer loop
      vertex 19.12144660949707 -1.439697265625 0.31833899021148682
      vertex 18.784605026245117 -0.98014438152313232 0.2213074117898941
      vertex 19.009151458740234 -0.95979821681976318 0.23036976158618927
    endloop
  endfacet
  facet normal 0.087972509184588474 -0.17994539329428547 -0.97973490958520626
    outer loop
      vertex 19.733268737792969 -1.3415135145187378 0.35276898741722107
      vertex 19.528953552246094 -1.3753644227981567 0.34064039587974548
      vertex 19.46095085144043 -0.91690963506698608 0.25033107399940491
    endloop
  endfacet
  facet normal 0.06634436257355697 -0.19359937419992684 -0.97883487262362334
    outer loop
      vertex 19.733268737792969 -1.3415135145187378 0.35276898741722107
      vertex 19.46095085144043 -0.91690963506698608 0.25033107399940491
      vertex 19.688209533691406 -0.89434236288070679 0.26127094030380249
    endloop
  endfacet
  facet normal 0.082590879353674207 -0.17055011498627931 -0.98188156359397727
    outer loop
      vertex 19.528953552246094 -1.3753644227981567 0.34064039587974548
      vertex 19.325017929077148 -1.4080861806869507 0.32917004823684692
      vertex 19.234598159790039 -0.9387241005897522 0.24003750085830688
    endloop
  endfacet
  facet normal 0.062340980765175816 -0.18398664119728475 -0.98094980400537202
    outer loop
      vertex 19.528953552246094 -1.3753644227981567 0.34064039587974548
      vertex 19.234598159790039 -0.9387241005897522 0.24003750085830688
      vertex 19.46095085144043 -0.91690963506698608 0.25033107399940491
    endloop
  endfacet
  facet normal 0.2361312991451455 -0.57768928184183321 -0.78135593887107113
    outer loop
      vertex 22.611335754394531 -0.74529314041137695 0.60100299119949341
      vertex 22.413822174072266 -0.79413336515426636 0.5774226188659668
      vertex 22.705879211425781 -0.52942222356796265 0.46997225284576416
    endloop
  endfacet
  facet normal 0.16609933148112196 -0.56381391228495115 -0.8090271221630716
    outer loop
      vertex 22.611335754394531 -0.74529314041137695 0.60100299119949341
      vertex 22.705879211425781 -0.52942222356796265 0.46997225284576416
      vertex 22.918994903564453 -0.49686208367347717 0.49103522300720215
    endloop
  endfacet
  facet normal 0.21401240852624073 -0.52179072356798295 -0.82579242536802089
    outer loop
      vertex 22.413822174072266 -0.79413336515426636 0.5774226188659668
      vertex 22.237794876098633 -0.83624160289764404 0.5584101676940918
      vertex 22.507465362548828 -0.5574944019317627 0.45216691493988037
    endloop
  endfacet
  facet normal 0.14800141532977049 -0.50778193851214826 -0.84867725548716666
    outer loop
      vertex 22.413822174072266 -0.79413336515426636 0.5774226188659668
      vertex 22.507465362548828 -0.5574944019317627 0.45216691493988037
      vertex 22.705879211425781 -0.52942222356796265 0.46997225284576416
    endloop
  endfacet
  facet normal 0.27286203139173082 -0.68556842675674368 -0.67493869651921812
    outer loop
      vertex 22.95335578918457 -0.6573675274848938 0.64766198396682739
      vertex 22.769105911254883 -0.70516473054885864 0.62172400951385498
      vertex 23.079902648925781 -0.47010982036590576 0.50861507654190063
    endloop
  endfacet
  facet normal 0.20387075801151266 -0.6687112599472993 -0.71502584907645572
    outer loop
      vertex 22.95335578918457 -0.6573675274848938 0.64766198396682739
      vertex 23.079902648925781 -0.47010982036590576 0.50861507654190063
      vertex 23.258634567260742 -0.43824502825737 0.52977496385574341
    endloop
  endfacet
  facet normal 0.25781650458036642 -0.63977362967071616 -0.72403062970009724
    outer loop
      vertex 22.769105911254883 -0.70516473054885864 0.62172400951385498
      vertex 22.611335754394531 -0.74529314041137695 0.60100299119949341
      vertex 22.918994903564453 -0.49686208367347717 0.49103522300720215
    endloop
  endfacet
  facet normal 0.18594679708391054 -0.61471459658774952 -0.76651794068775403
    outer loop
      vertex 22.769105911254883 -0.70516473054885864 0.62172400951385498
      vertex 22.918994903564453 -0.49686208367347717 0.49103522300720215
      vertex 23.079902648925781 -0.47010982036590576 0.50861507654190063
    endloop
  endfacet
  facet normal 0.2244536321526181 -0.74663303814894633 -0.62622653517554761
    outer loop
      vertex 23.258634567260742 -0.43824502825737 0.52977496385574341
      vertex 23.548236846923828 -0.38251984119415283 0.5671352744102478
      vertex 23.197738647460938 -0.62309080362319946 0.72833514213562012
    endloop
  endfacet
  facet normal 0.30165123553678447 -0.7422131740203376 -0.59843640966253664
    outer loop
      vertex 23.258634567260742 -0.43824502825737 0.52977496385574341
      vertex 23.197738647460938 -0.62309080362319946 0.72833514213562012
      vertex 22.95335578918457 -0.6573675274848938 0.64766198396682739
    endloop
  endfacet
  facet normal -0.21881878953812395 -0.065986066661719564 -0.9735318055161758
    outer loop
      vertex 0.73957282304763794 8.4339957577916597e-35 1.1388946771621704
      vertex 0.69212800264358521 -1.1620151996612549 1.2283202409744263
      vertex 5.5511151231257827e-16 -1.1371870040893555 1.382205605506897
    endloop
  endfacet
  facet normal -0.21897440042651958 -0.065878930875634678 -0.97350407211502177
    outer loop
      vertex 0.73957282304763794 8.4339957577916597e-35 1.1388946771621704
      vertex 5.5511151231257827e-16 -1.1371870040893555 1.382205605506897
      vertex 1.1102230246251565e-15 0 1.3052499294281006
    endloop
  endfacet
  facet normal -0.2115464936097903 -0.067120743686140502 -0.97506045289942
    outer loop
      vertex 1.4233260154724121 3.2489238110650174e-34 0.98852258920669556
      vertex 1.3817224502563477 -1.186220645904541 1.0792052745819092
      vertex 1.0353854894638062 -1.1741385459899902 1.1535139083862305
    endloop
  endfacet
  facet normal -0.21431857698154713 -0.066129267690969107 -0.97452268701927136
    outer loop
      vertex 1.4233260154724121 3.2489238110650174e-34 0.98852258920669556
      vertex 1.0353854894638062 -1.1741385459899902 1.1535139083862305
      vertex 0.73957282304763794 8.4339957577916597e-35 1.1388946771621704
    endloop
  endfacet
  facet normal 0.22121242012746131 -0.68280326996046914 -0.69630794890812686
    outer loop
      vertex 23.548236846923828 -0.38251984119415283 0.5671352744102478
      vertex 23.258634567260742 -0.43824502825737 0.52977496385574341
      vertex 23.563915252685547 -0.219122514128685 0.41188791394233704
    endloop
  endfacet
  facet normal 0.14612442414485344 -0.68873540776097775 -0.71013462861957
    outer loop
      vertex 23.548236846923828 -0.38251984119415283 0.5671352744102478
      vertex 23.563915252685547 -0.219122514128685 0.41188791394233704
      vertex 23.898733139038086 -0.14194890856742859 0.40593534708023071
    endloop
  endfacet
  facet normal -0.1944037111931543 -0.07117590847391006 -0.97833592754597443
    outer loop
      vertex 2.6406605243682861 1.1998301144556821e-33 0.73221021890640259
      vertex 2.783576488494873 -1.2331223487854004 0.79352372884750366
      vertex 2.4228341579437256 -1.2214162349700928 0.86435467004776001
    endloop
  endfacet
  facet normal -0.20210260463136762 -0.069645901392601586 -0.97688483744012999
    outer loop
      vertex 2.6406605243682861 1.1998301144556821e-33 0.73221021890640259
      vertex 2.4228341579437256 -1.2214162349700928 0.86435467004776001
      vertex 2.0555813312530518 7.029561828737861e-34 0.85325419902801514
    endloop
  endfacet
  facet normal -0.17312450981223065 -0.075981536617707388 -0.9819647194250346
    outer loop
      vertex 3.686577320098877 2.4752041080509277e-33 0.52927803993225098
      vertex 3.8148608207702637 -1.2646949291229248 0.60451948642730713
      vertex 3.6418335437774658 -1.259626030921936 0.63463270664215088
    endloop
  endfacet
  facet normal -0.18525053578310113 -0.075369474518503607 -0.97979675509917807
    outer loop
      vertex 3.686577320098877 2.4752041080509277e-33 0.52927803993225098
      vertex 3.6418335437774658 -1.259626030921936 0.63463270664215088
      vertex 3.1828851699829102 1.7968130938799388e-33 0.62451130151748657
    endloop
  endfacet
  facet normal -0.1886145274489465 -0.073149556773329585 -0.9793230837568756
    outer loop
      vertex 3.1828851699829102 1.7968130938799388e-33 0.62451130151748657
      vertex 3.1286468505859375 -1.2440273761749268 0.72787880897521973
      vertex 2.783576488494873 -1.2331223487854004 0.79352372884750366
    endloop
  endfacet
  facet normal -0.19432440692896302 -0.071167530976950638 -0.97835229207394991
    outer loop
      vertex 3.1828851699829102 1.7968130938799388e-33 0.62451130151748657
      vertex 2.783576488494873 -1.2331223487854004 0.79352372884750366
      vertex 2.6406605243682861 1.1998301144556821e-33 0.73221021890640259
    endloop
  endfacet
  facet normal -0.20402641354811557 -0.068889830723056225 -0.97653848556912604
    outer loop
      vertex 2.0555813312530518 7.029561828737861e-34 0.85325419902801514
      vertex 2.0754439830780029 -1.2098850011825562 0.93445557355880737
      vertex 1.7284071445465088 -1.1981439590454102 1.0061330795288086
    endloop
  endfacet
  facet normal -0.20873430090122524 -0.06748972848641463 -0.97564088074255406
    outer loop
      vertex 2.0555813312530518 7.029561828737861e-34 0.85325419902801514
      vertex 1.7284071445465088 -1.1981439590454102 1.0061330795288086
      vertex 1.4233260154724121 3.2489238110650174e-34 0.98852258920669556
    endloop
  endfacet
  facet normal -0.21798142628926823 -0.066432061759087474 -0.97368931336609277
    outer loop
      vertex 0.69212800264358521 -1.1620151996612549 1.2283202409744263
      vertex 0.84353500604629517 -2.3310818672180176 1.2741866111755371
      vertex 0 -2.2743740081787109 1.4591611623764038
    endloop
  endfacet
  facet normal -0.21881671105107231 -0.065881217747674706 -0.97353937368391785
    outer loop
      vertex 0.69212800264358521 -1.1620151996612549 1.2283202409744263
      vertex 0 -2.2743740081787109 1.4591611623764038
      vertex 5.5511151231257827e-16 -1.1371870040893555 1.382205605506897
    endloop
  endfacet
  facet normal -0.21155808389469166 -0.067725753301911995 -0.97501610216370027
    outer loop
      vertex 1.6223541498184204 -2.3821916580200195 1.1100667715072632
      vertex 1.0353854894638062 -1.1741385459899902 1.1535139083862305
      vertex 1.3817224502563477 -1.186220645904541 1.0792052745819092
    endloop
  endfacet
  facet normal -0.21469403873499654 -0.066036010467511105 -0.97444636335366897
    outer loop
      vertex 1.0353854894638062 -1.1741385459899902 1.1535139083862305
      vertex 0.84353500604629517 -2.3310818672180176 1.2741866111755371
      vertex 0.69212800264358521 -1.1620151996612549 1.2283202409744263
    endloop
  endfacet
  facet normal -0.21469771462590492 -0.066223668733938507 -0.97443281812233273
    outer loop
      vertex 0.73957282304763794 8.4339957577916597e-35 1.1388946771621704
      vertex 1.0353854894638062 -1.1741385459899902 1.1535139083862305
      vertex 0.69212800264358521 -1.1620151996612549 1.2283202409744263
    endloop
  endfacet
  facet normal -0.20403794897396987 -0.069516719423110745 -0.97649164927261123
    outer loop
      vertex 2.3418281078338623 -2.4280068874359131 0.96551305055618286
      vertex 1.7284071445465088 -1.1981439590454102 1.0061330795288086
      vertex 2.0754439830780029 -1.2098850011825562 0.93445557355880737
    endloop
  endfacet
  facet normal -0.19440749885277708 -0.071392815017099889 -0.97831937032532557
    outer loop
      vertex 3.0073275566101074 -2.4688305854797363 0.83923661708831787
      vertex 2.4228341579437256 -1.2214162349700928 0.86435467004776001
      vertex 2.783576488494873 -1.2331223487854004 0.79352372884750366
    endloop
  endfacet
  facet normal -0.19952652965437373 -0.06855563079147424 -0.9774913244887985
    outer loop
      vertex 2.4228341579437256 -1.2214162349700928 0.86435467004776001
      vertex 2.3418281078338623 -2.4280068874359131 0.96551305055618286
      vertex 2.0754439830780029 -1.2098850011825562 0.93445557355880737
    endloop
  endfacet
  facet normal -0.19953242205601279 -0.068878399106293717 -0.97746743100985989
    outer loop
      vertex 2.0555813312530518 7.029561828737861e-34 0.85325419902801514
      vertex 2.4228341579437256 -1.2214162349700928 0.86435467004776001
      vertex 2.0754439830780029 -1.2098850011825562 0.93445557355880737
    endloop
  endfacet
  facet normal -0.20798560282087056 -0.067028032091858342 -0.97583258396772743
    outer loop
      vertex 1.7284071445465088 -1.1981439590454102 1.0061330795288086
      vertex 1.6223541498184204 -2.3821916580200195 1.1100667715072632
      vertex 1.3817224502563477 -1.186220645904541 1.0792052745819092
    endloop
  endfacet
  facet normal -0.20799083438729127 -0.067302944187111108 -0.97581254681143803
    outer loop
      vertex 1.4233260154724121 3.2489238110650174e-34 0.98852258920669556
      vertex 1.7284071445465088 -1.1981439590454102 1.0061330795288086
      vertex 1.3817224502563477 -1.186220645904541 1.0792052745819092
    endloop
  endfacet
  facet normal -0.15993659734198601 -0.078509925713295903 -0.9840002420706816
    outer loop
      vertex 4.1560583114624023 3.2163016846955392e-33 0.44563120603561401
      vertex 4.3424601554870605 -1.279460072517395 0.51741760969161987
      vertex 4.1651935577392578 -1.274622917175293 0.54584407806396484
    endloop
  endfacet
  facet normal -0.17486627896967299 -0.078417559203969492 -0.98146445217735334
    outer loop
      vertex 4.1560583114624023 3.2163016846955392e-33 0.44563120603561401
      vertex 4.1651935577392578 -1.274622917175293 0.54584407806396484
      vertex 3.686577320098877 2.4752041080509277e-33 0.52927803993225098
    endloop
  endfacet
  facet normal -0.14980007069353654 -0.081093770988253003 -0.98538507149596921
    outer loop
      vertex 4.5956506729125977 4.0014051780601292e-33 0.37269133329391479
      vertex 4.6928834915161133 -1.2886123657226562 0.46395814418792725
      vertex 4.5156574249267578 -1.2840543985366821 0.49052527546882629
    endloop
  endfacet
  facet normal -0.16316255387695863 -0.080074052736586659 -0.98334435834588829
    outer loop
      vertex 4.5956506729125977 4.0014051780601292e-33 0.37269133329391479
      vertex 4.5156574249267578 -1.2840543985366821 0.49052527546882629
      vertex 4.1560583114624023 3.2163016846955392e-33 0.44563120603561401
    endloop
  endfacet
  facet normal -0.1324704585926598 -0.083286550215974184 -0.98768159249495624
    outer loop
      vertex 5.0096750259399414 4.8118126566941075e-33 0.30957910418510437
      vertex 5.2164907455444336 -1.3011455535888672 0.39155992865562439
      vertex 5.0432038307189941 -1.2971607446670532 0.41446560621261597
    endloop
  endfacet
  facet normal -0.15016851983344529 -0.083537271232047183 -0.98512483471189338
    outer loop
      vertex 5.0096750259399414 4.8118126566941075e-33 0.30957910418510437
      vertex 5.0432038307189941 -1.2971607446670532 0.41446560621261597
      vertex 4.5956506729125977 4.0014051780601292e-33 0.37269133329391479
    endloop
  endfacet
  facet normal -0.12124471655199437 -0.089043140928722286 -0.98862077550584293
    outer loop
      vertex 5.4024538993835449 5.6288238421858146e-33 0.25541520118713379
      vertex 5.7783088684082031 6.4337369867556526e-33 0.20932024717330933
      vertex 5.9299635887145996 -1.3156553506851196 0.30921977758407593
    endloop
  endfacet
  facet normal -0.067580869308525304 -0.089511551356154836 -0.99369034828628511
    outer loop
      vertex 6.4965333938598633 7.9324658354311757e-33 0.1378198117017746
      vertex 6.9647116661071777 -1.3307199478149414 0.22585016489028931
      vertex 6.6258158683776855 -1.3265833854675293 0.24852584302425385
    endloop
  endfacet
  facet normal -0.091055113823819409 -0.091626603472328635 -0.99162166766496984
    outer loop
      vertex 6.4965333938598633 7.9324658354311757e-33 0.1378198117017746
      vertex 6.6258158683776855 -1.3265833854675293 0.24852584302425385
      vertex 6.1415615081787109 7.2078514446499774e-33 0.17041490972042084
    endloop
  endfacet
  facet normal -0.10599185889009866 -0.096961721742457846 -0.98962828898822397
    outer loop
      vertex 6.6258158683776855 -1.3265833854675293 0.24852584302425385
      vertex 5.7783088684082031 6.4337369867556526e-33 0.20932024717330933
      vertex 6.1415615081787109 7.2078514446499774e-33 0.17041490972042084
    endloop
  endfacet
  facet normal -0.11273768908378493 -0.08469361532480689 -0.99000868934735164
    outer loop
      vertex 5.4024538993835449 5.6288238421858146e-33 0.25541520118713379
      vertex 5.749882698059082 -1.3122963905334473 0.32811638712882996
      vertex 5.5665469169616699 -1.3086615800857544 0.34868288040161133
    endloop
  endfacet
  facet normal -0.1360837860895025 -0.087394795374902245 -0.98683501807795893
    outer loop
      vertex 5.4024538993835449 5.6288238421858146e-33 0.25541520118713379
      vertex 5.5665469169616699 -1.3086615800857544 0.34868288040161133
      vertex 5.0096750259399414 4.8118126566941075e-33 0.30957910418510437
    endloop
  endfacet
  facet normal -0.045082155978490128 -0.092415631611171375 -0.99469942708651415
    outer loop
      vertex 7.1989235877990723 9.1583896285877086e-33 0.088042974472045898
      vertex 7.6405901908874512 -1.3368432521820068 0.19222915172576904
      vertex 7.3018932342529297 -1.3341062068939209 0.20732541382312775
    endloop
  endfacet
  facet normal -0.063938636128979223 -0.093767259350957061 -0.99353890305502202
    outer loop
      vertex 7.1989235877990723 9.1583896285877086e-33 0.088042974472045898
      vertex 7.3018932342529297 -1.3341062068939209 0.20732541382312775
      vertex 6.8475470542907715 8.5888787786616341e-33 0.11065561324357986
    endloop
  endfacet
  facet normal -0.024829046439865041 -0.094084720549546363 -0.99525453217355442
    outer loop
      vertex 7.9193973541259766 9.966410486347533e-33 0.053064148873090744
      vertex 8.6640205383300781 -1.3419620990753174 0.16134785115718842
      vertex 8.3408660888671875 -1.3407927751541138 0.16929918527603149
    endloop
  endfacet
  facet normal -0.043748950138163059 -0.099926127231348624 -0.99403259426356472
    outer loop
      vertex 7.9193973541259766 9.966410486347533e-33 0.053064148873090744
      vertex 8.3408660888671875 -1.3407927751541138 0.16929918527603149
      vertex 7.5549845695495605 9.6222962700878166e-33 0.069102533161640167
    endloop
  endfacet
  facet normal -0.036491636170116644 -0.093970106409390131 -0.99490601545625212
    outer loop
      vertex 7.5549845695495605 9.6222962700878166e-33 0.069102533161640167
      vertex 7.984032154083252 -1.3390321731567383 0.17983897030353546
      vertex 7.6405901908874512 -1.3368432521820068 0.19222915172576904
    endloop
  endfacet
  facet normal -0.052879317621622131 -0.094943170484155071 -0.99407724656904228
    outer loop
      vertex 7.5549845695495605 9.6222962700878166e-33 0.069102533161640167
      vertex 7.6405901908874512 -1.3368432521820068 0.19222915172576904
      vertex 7.1989235877990723 9.1583896285877086e-33 0.088042974472045898
    endloop
  endfacet
  facet normal -0.016799512222032971 -0.097405603418233108 -0.99510297196412356
    outer loop
      vertex 8.6768131256103516 1.0315196557967799e-32 0.028469249606132507
      vertex 9.3470172882080078 -1.3429408073425293 0.14860843122005463
      vertex 9.0062141418457031 -1.3427193164825439 0.15434025228023529
    endloop
  endfacet
  facet normal -0.028843370398765937 -0.10030731771854347 -0.99453833611186193
    outer loop
      vertex 8.6768131256103516 1.0315196557967799e-32 0.028469249606132507
      vertex 9.0062141418457031 -1.3427193164825439 0.15434025228023529
      vertex 8.2932090759277344 1.0194587898837555e-32 0.039594445377588272
    endloop
  endfacet
  facet normal -0.0080860181261947755 -0.099690031990541689 -0.99498568524003783
    outer loop
      vertex 9.8903017044067383 1.011529272335093e-32 0.0069190091453492641
      vertex 10.376811027526855 -1.3399721384048462 0.13722032308578491
      vertex 10.029012680053711 -1.341626763343811 0.14021258056163788
    endloop
  endfacet
  facet normal -0.015225709038828642 -0.10041267520479154 -0.99482936850621873
    outer loop
      vertex 9.8903017044067383 1.011529272335093e-32 0.0069190091453492641
      vertex 10.029012680053711 -1.341626763343811 0.14021258056163788
      vertex 9.0706014633178711 1.033660524883215e-32 0.019464394077658653
    endloop
  endfacet
  facet normal -0.013509836277540972 -0.098469636663251175 -0.99504834806111864
    outer loop
      vertex 9.0706014633178711 1.033660524883215e-32 0.019464394077658653
      vertex 9.6855640411376953 -1.3425946235656738 0.14397770166397095
      vertex 9.3470172882080078 -1.3429408073425293 0.14860843122005463
    endloop
  endfacet
  facet normal -0.022745903273572704 -0.10033656266109647 -0.99469351967207731
    outer loop
      vertex 9.0706014633178711 1.033660524883215e-32 0.019464394077658653
      vertex 9.3470172882080078 -1.3429408073425293 0.14860843122005463
      vertex 8.6768131256103516 1.0315196557967799e-32 0.028469249606132507
    endloop
  endfacet
  facet normal -0.020591944156697094 -0.095979684572744695 -0.99517027286046078
    outer loop
      vertex 8.2932090759277344 1.0194587898837555e-32 0.039594445377588272
      vertex 9.0062141418457031 -1.3427193164825439 0.15434025228023529
      vertex 8.6640205383300781 -1.3419620990753174 0.16134785115718842
    endloop
  endfacet
  facet normal -0.035829104861967491 -0.10011384755858879 -0.99433067576727496
    outer loop
      vertex 8.2932090759277344 1.0194587898837555e-32 0.039594445377588272
      vertex 8.6640205383300781 -1.3419620990753174 0.16134785115718842
      vertex 7.9193973541259766 9.966410486347533e-33 0.053064148873090744
    endloop
  endfacet
  facet normal -0.055540588562551695 -0.09096266236149135 -0.99430429802864406
    outer loop
      vertex 6.8475470542907715 8.5888787786616341e-33 0.11065561324357986
      vertex 7.3018932342529297 -1.3341062068939209 0.20732541382312775
      vertex 6.9647116661071777 -1.3307199478149414 0.22585016489028931
    endloop
  endfacet
  facet normal -0.076824936833400095 -0.092700026416039402 -0.99272586053905632
    outer loop
      vertex 6.8475470542907715 8.5888787786616341e-33 0.11065561324357986
      vertex 6.9647116661071777 -1.3307199478149414 0.22585016489028931
      vertex 6.4965333938598633 7.9324658354311757e-33 0.1378198117017746
    endloop
  endfacet
  facet normal -0.1822740512208165 -0.073523372412014787 -0.98049501985513177
    outer loop
      vertex 3.1828851699829102 1.7968130938799388e-33 0.62451130151748657
      vertex 3.464747428894043 -1.254334568977356 0.66617059707641602
      vertex 3.1286468505859375 -1.2440273761749268 0.72787880897521973
    endloop
  endfacet
  facet normal -0.18227958417483991 -0.073862591469004743 -0.98046849555430904
    outer loop
      vertex 3.5770597457885742 -1.8815019130706787 0.69253754615783691
      vertex 3.1286468505859375 -1.2440273761749268 0.72787880897521973
      vertex 3.464747428894043 -1.254334568977356 0.66617059707641602
    endloop
  endfacet
  facet normal -0.17697044301579526 -0.072366703478905628 -0.98155209873260896
    outer loop
      vertex 3.1828851699829102 1.7968130938799388e-33 0.62451130151748657
      vertex 3.6418335437774658 -1.259626030921936 0.63463270664215088
      vertex 3.464747428894043 -1.254334568977356 0.66617059707641602
    endloop
  endfacet
  facet normal -0.16896997949226308 -0.075604890978517386 -0.98271717522922664
    outer loop
      vertex 3.686577320098877 2.4752041080509277e-33 0.52927803993225098
      vertex 3.9920728206634521 -1.2697755098342896 0.57444024085998535
      vertex 3.8148608207702637 -1.2646949291229248 0.60451948642730713
    endloop
  endfacet
  facet normal -0.16455054277752257 -0.074571088476874117 -0.98354576489098722
    outer loop
      vertex 3.686577320098877 2.4752041080509277e-33 0.52927803993225098
      vertex 4.1651935577392578 -1.274622917175293 0.54584407806396484
      vertex 3.9920728206634521 -1.2697755098342896 0.57444024085998535
    endloop
  endfacet
  facet normal -0.13848501062746771 -0.079571794803168144 -0.98716271774379349
    outer loop
      vertex 4.5956506729125977 4.0014051780601292e-33 0.37269133329391479
      vertex 5.0432038307189941 -1.2971607446670532 0.41446560621261597
      vertex 4.8661370277404785 -1.2929195165634155 0.43896371126174927
    endloop
  endfacet
  facet normal -0.1442866752021138 -0.080738068519949663 -0.9862366448529416
    outer loop
      vertex 4.5956506729125977 4.0014051780601292e-33 0.37269133329391479
      vertex 4.8661370277404785 -1.2929195165634155 0.43896371126174927
      vertex 4.6928834915161133 -1.2886123657226562 0.46395814418792725
    endloop
  endfacet
  facet normal -0.126146162334656 -0.08233846077177466 -0.98858865237568538
    outer loop
      vertex 5.0096750259399414 4.8118126566941075e-33 0.30957910418510437
      vertex 5.3932533264160156 -1.3050327301025391 0.36932837963104248
      vertex 5.2164907455444336 -1.3011455535888672 0.39155992865562439
    endloop
  endfacet
  facet normal -0.11957688094841966 -0.08045207031084084 -0.9895599193203749
    outer loop
      vertex 5.0096750259399414 4.8118126566941075e-33 0.30957910418510437
      vertex 5.5665469169616699 -1.3086615800857544 0.34868288040161133
      vertex 5.3932533264160156 -1.3050327301025391 0.36932837963104248
    endloop
  endfacet
  facet normal -0.15498176400437161 -0.077835537423266918 -0.98484632402224259
    outer loop
      vertex 4.1560583114624023 3.2163016846955392e-33 0.44563120603561401
      vertex 4.5156574249267578 -1.2840543985366821 0.49052527546882629
      vertex 4.3424601554870605 -1.279460072517395 0.51741760969161987
    endloop
  endfacet
  facet normal -0.087906804097786978 -0.085491313663362045 -0.99245333849074546
    outer loop
      vertex 5.7783088684082031 6.4337369867556526e-33 0.20932024717330933
      vertex 6.6258158683776855 -1.3265833854675293 0.24852584302425385
      vertex 5.9299635887145996 -1.3156553506851196 0.30921977758407593
    endloop
  endfacet
  facet normal -0.063882095158943178 -0.082515161176498236 -0.99454025865930651
    outer loop
      vertex 6.6258158683776855 -1.3265833854675293 0.24852584302425385
      vertex 7.032712459564209 -2.6521251201629639 0.33236747980117798
      vertex 6.6056671142578125 -2.6403136253356934 0.35881781578063965
    endloop
  endfacet
  facet normal -0.087877864179197671 -0.081996898965651738 -0.99275071873422449
    outer loop
      vertex 6.6258158683776855 -1.3265833854675293 0.24852584302425385
      vertex 6.6056671142578125 -2.6403136253356934 0.35881781578063965
      vertex 5.9299635887145996 -1.3156553506851196 0.30921977758407593
    endloop
  endfacet
  facet normal -0.048575575141926244 -0.082737010223915816 -0.99538685978811237
    outer loop
      vertex 6.9647116661071777 -1.3307199478149414 0.22585016489028931
      vertex 7.4541182518005371 -2.6616747379302979 0.31259635090827942
      vertex 7.032712459564209 -2.6521251201629639 0.33236747980117798
    endloop
  endfacet
  facet normal -0.067543446257185377 -0.083617941499473533 -0.99420617717206605
    outer loop
      vertex 6.9647116661071777 -1.3307199478149414 0.22585016489028931
      vertex 7.032712459564209 -2.6521251201629639 0.33236747980117798
      vertex 6.6258158683776855 -1.3265833854675293 0.24852584302425385
    endloop
  endfacet
  facet normal -0.025188289817788683 -0.083676114797924847 -0.99617461213804259
    outer loop
      vertex 7.6405901908874512 -1.3368432521820068 0.19222915172576904
      vertex 8.3014955520629883 -2.6752021312713623 0.28793686628341675
      vertex 7.8752560615539551 -2.6692659854888916 0.29821571707725525
    endloop
  endfacet
  facet normal -0.045060604590964753 -0.087096922329662763 -0.99518021887223895
    outer loop
      vertex 7.6405901908874512 -1.3368432521820068 0.19222915172576904
      vertex 7.8752560615539551 -2.6692659854888916 0.29821571707725525
      vertex 7.3018932342529297 -1.3341062068939209 0.20732541382312775
    endloop
  endfacet
  facet normal -0.029852113886627774 -0.091877162026134093 -0.99532278100851446
    outer loop
      vertex 7.5549845695495605 9.6222962700878166e-33 0.069102533161640167
      vertex 8.3408660888671875 -1.3407927751541138 0.16929918527603149
      vertex 7.984032154083252 -1.3390321731567383 0.17983897030353546
    endloop
  endfacet
  facet normal -0.029851278404351301 -0.091499308158731141 -0.99535761301358383
    outer loop
      vertex 8.7382078170776367 -2.6797866821289062 0.28047114610671997
      vertex 7.984032154083252 -1.3390321731567383 0.17983897030353546
      vertex 8.3408660888671875 -1.3407927751541138 0.16929918527603149
    endloop
  endfacet
  facet normal -0.017921663973124263 -0.084854529464693657 -0.9962321630974178
    outer loop
      vertex 7.984032154083252 -1.3390321731567383 0.17983897030353546
      vertex 8.7382078170776367 -2.6797866821289062 0.28047114610671997
      vertex 8.3014955520629883 -2.6752021312713623 0.28793686628341675
    endloop
  endfacet
  facet normal -0.036477064452723723 -0.089191480054358965 -0.9953463234747113
    outer loop
      vertex 7.984032154083252 -1.3390321731567383 0.17983897030353546
      vertex 8.3014955520629883 -2.6752021312713623 0.28793686628341675
      vertex 7.6405901908874512 -1.3368432521820068 0.19222915172576904
    endloop
  endfacet
  facet normal -0.03550444684164384 -0.083043087935649657 -0.99591328929810974
    outer loop
      vertex 7.3018932342529297 -1.3341062068939209 0.20732541382312775
      vertex 7.8752560615539551 -2.6692659854888916 0.29821571707725525
      vertex 7.4541182518005371 -2.6616747379302979 0.31259635090827942
    endloop
  endfacet
  facet normal -0.055511110469811234 -0.085249817452874646 -0.99481203512958172
    outer loop
      vertex 7.3018932342529297 -1.3341062068939209 0.20732541382312775
      vertex 7.4541182518005371 -2.6616747379302979 0.31259635090827942
      vertex 6.9647116661071777 -1.3307199478149414 0.22585016489028931
    endloop
  endfacet
  facet normal -0.0098562980913726034 -0.090770574094111475 -0.99582305469724852
    outer loop
      vertex 9.0062141418457031 -1.3427193164825439 0.15434025228023529
      vertex 9.6537103652954102 -2.6853387355804443 0.2703130841255188
      vertex 9.1894111633300781 -2.6832258701324463 0.27471596002578735
    endloop
  endfacet
  facet normal -0.0205909010389373 -0.092210968219785416 -0.99552657028045943
    outer loop
      vertex 9.0062141418457031 -1.3427193164825439 0.15434025228023529
      vertex 9.1894111633300781 -2.6832258701324463 0.27471596002578735
      vertex 8.6640205383300781 -1.3419620990753174 0.16134785115718842
    endloop
  endfacet
  facet normal -0.0043085454734447005 -0.09267761293147149 -0.99568684660249862
    outer loop
      vertex 9.6855640411376953 -1.3425946235656738 0.14397770166397095
      vertex 10.610607147216797 -2.684473991394043 0.26487573981285095
      vertex 10.128357887268066 -2.6858475208282471 0.26709038019180298
    endloop
  endfacet
  facet normal -0.013516411212225583 -0.095679338469141353 -0.9953204362505822
    outer loop
      vertex 9.6855640411376953 -1.3425946235656738 0.14397770166397095
      vertex 10.128357887268066 -2.6858475208282471 0.26709038019180298
      vertex 9.3470172882080078 -1.3429408073425293 0.14860843122005463
    endloop
  endfacet
  facet normal -0.0068592701838900956 -0.091843909178965885 -0.99574979124239349
    outer loop
      vertex 9.3470172882080078 -1.3429408073425293 0.14860843122005463
      vertex 10.128357887268066 -2.6858475208282471 0.26709038019180298
      vertex 9.6537103652954102 -2.6853387355804443 0.2703130841255188
    endloop
  endfacet
  facet normal -0.016802724932672493 -0.094085962806949641 -0.99542227222296287
    outer loop
      vertex 9.3470172882080078 -1.3429408073425293 0.14860843122005463
      vertex 9.6537103652954102 -2.6853387355804443 0.2703130841255188
      vertex 9.0062141418457031 -1.3427193164825439 0.15434025228023529
    endloop
  endfacet
  facet normal -0.008095147528953836 -0.098063246864653036 -0.99514725955551242
    outer loop
      vertex 11.097709655761719 -2.6809406280517578 0.26349705457687378
      vertex 10.029012680053711 -1.341626763343811 0.14021258056163788
      vertex 10.376811027526855 -1.3399721384048462 0.13722032308578491
    endloop
  endfacet
  facet normal -0.0039499607536797338 -0.097704561864408471 -0.99520762477029312
    outer loop
      vertex 9.8903017044067383 1.011529272335093e-32 0.0069190091453492641
      vertex 11.083253860473633 -1.3343425989151001 0.13318336009979248
      vertex 10.728408813476562 -1.3375657796859741 0.13490816950798035
    endloop
  endfacet
  facet normal 0.0012480019955279737 -0.0957571638470643 -0.99540394215764771
    outer loop
      vertex 11.083253860473633 -1.3343425989151001 0.13318336009979248
      vertex 12.075486183166504 -2.6662817001342773 0.26255899667739868
      vertex 11.586918830871582 -2.674968957901001 0.26278215646743774
    endloop
  endfacet
  facet normal -0.0039500884716387177 -0.097691202710908379 -0.99520893570845848
    outer loop
      vertex 11.083253860473633 -1.3343425989151001 0.13318336009979248
      vertex 11.586918830871582 -2.674968957901001 0.26278215646743774
      vertex 10.728408813476562 -1.3375657796859741 0.13490816950798035
    endloop
  endfacet
  facet normal -0.00029058148676971258 -0.095364401736089163 -0.99544238730522072
    outer loop
      vertex 10.728408813476562 -1.3375657796859741 0.13490816950798035
      vertex 11.586918830871582 -2.674968957901001 0.26278215646743774
      vertex 11.097709655761719 -2.6809406280517578 0.26349705457687378
    endloop
  endfacet
  facet normal -0.0058819879023598864 -0.096885785612922423 -0.99527812533205151
    outer loop
      vertex 10.728408813476562 -1.3375657796859741 0.13490816950798035
      vertex 11.097709655761719 -2.6809406280517578 0.26349705457687378
      vertex 10.376811027526855 -1.3399721384048462 0.13722032308578491
    endloop
  endfacet
  facet normal -0.0058669482115820404 -0.098893586202922698 -0.99508071910102225
    outer loop
      vertex 9.8903017044067383 1.011529272335093e-32 0.0069190091453492641
      vertex 10.728408813476562 -1.3375657796859741 0.13490816950798035
      vertex 10.376811027526855 -1.3399721384048462 0.13722032308578491
    endloop
  endfacet
  facet normal -0.010637023609951437 -0.096998865018004532 -0.9952276492913269
    outer loop
      vertex 10.029012680053711 -1.341626763343811 0.14021258056163788
      vertex 10.610607147216797 -2.684473991394043 0.26487573981285095
      vertex 9.6855640411376953 -1.3425946235656738 0.14397770166397095
    endloop
  endfacet
  facet normal -0.01063636398583895 -0.097168564214231312 -0.99521110217365716
    outer loop
      vertex 9.0706014633178711 1.033660524883215e-32 0.019464394077658653
      vertex 10.029012680053711 -1.341626763343811 0.14021258056163788
      vertex 9.6855640411376953 -1.3425946235656738 0.14397770166397095
    endloop
  endfacet
  facet normal -0.024828742405112361 -0.093849867555525837 -0.99527671323626909
    outer loop
      vertex 8.6640205383300781 -1.3419620990753174 0.16134785115718842
      vertex 9.1894111633300781 -2.6832258701324463 0.27471596002578735
      vertex 8.3408660888671875 -1.3407927751541138 0.16929918527603149
    endloop
  endfacet
  facet normal -0.10553051378241357 -0.082838211207395679 -0.99095970726603144
    outer loop
      vertex 5.4024538993835449 5.6288238421858146e-33 0.25541520118713379
      vertex 5.9299635887145996 -1.3156553506851196 0.30921977758407593
      vertex 5.749882698059082 -1.3122963905334473 0.32811638712882996
    endloop
  endfacet
  facet normal -0.18119609700537376 -0.071231260613401542 -0.98086394670282628
    outer loop
      vertex 3.1286468505859375 -1.2440273761749268 0.72787880897521973
      vertex 3.3215150833129883 -2.4874653816223145 0.78254967927932739
      vertex 3.0073275566101074 -2.4688305854797363 0.83923661708831787
    endloop
  endfacet
  facet normal -0.18856734175765127 -0.070380304288367834 -0.97953507869332068
    outer loop
      vertex 3.1286468505859375 -1.2440273761749268 0.72787880897521973
      vertex 3.0073275566101074 -2.4688305854797363 0.83923661708831787
      vertex 2.783576488494873 -1.2331223487854004 0.79352372884750366
    endloop
  endfacet
  facet normal -0.0022783683222356321 -0.099750626900402151 -0.99500985998670632
    outer loop
      vertex 10.755453109741211 9.5975961950411633e-33 0.00016491956193931401
      vertex 11.4407958984375 -1.3302376270294189 0.13195313513278961
      vertex 11.083253860473633 -1.3343425989151001 0.13318336009979248
    endloop
  endfacet
  facet normal -0.0077666065148099738 -0.10108272810342075 -0.99484770789423527
    outer loop
      vertex 10.755453109741211 9.5975961950411633e-33 0.00016491956193931401
      vertex 11.083253860473633 -1.3343425989151001 0.13318336009979248
      vertex 9.8903017044067383 1.011529272335093e-32 0.0069190091453492641
    endloop
  endfacet
  facet normal 0.0043235306141797521 -0.10205028603146821 -0.99476984584572303
    outer loop
      vertex 12.863649368286133 7.7163849944950843e-33 -0.003146470757201314
      vertex 13.308396339416504 -1.2926983833312988 0.13140034675598145
      vertex 12.92507266998291 -1.3028059005737305 0.1307712197303772
    endloop
  endfacet
  facet normal -0.00037898705537791266 -0.10227062764583476 -0.99475654061169105
    outer loop
      vertex 12.863649368286133 7.7163849944950843e-33 -0.003146470757201314
      vertex 12.92507266998291 -1.3028059005737305 0.1307712197303772
      vertex 11.777191162109375 8.7531666038165263e-33 -0.0027325467672199011
    endloop
  endfacet
  facet normal 0.0088463239287072601 -0.10606690795565439 -0.99431964357025304
    outer loop
      vertex 13.948142051696777 6.642232215709094e-33 -0.0026721993926912546
      vertex 14.495253562927246 -1.2526247501373291 0.13581642508506775
      vertex 14.090237617492676 -1.2678436040878296 0.13383649289608002
    endloop
  endfacet
  facet normal 0.00043481010786634985 -0.10700306852622105 -0.99425859526892846
    outer loop
      vertex 13.948142051696777 6.642232215709094e-33 -0.0026721993926912546
      vertex 14.090237617492676 -1.2678436040878296 0.13383649289608002
      vertex 12.863649368286133 7.7163849944950843e-33 -0.003146470757201314
    endloop
  endfacet
  facet normal 0.02298853007099004 -0.12335597558773669 -0.99209618020228918
    outer loop
      vertex 16.290861129760742 4.4006034269413627e-33 0.0096588525921106339
      vertex 16.374067306518555 -1.1594052314758301 0.15574584901332855
      vertex 16.160867691040039 -1.1719412803649902 0.15236437320709229
    endloop
  endfacet
  facet normal 0.0074563910795604716 -0.12168723071948023 -0.99254048789552796
    outer loop
      vertex 16.290861129760742 4.4006034269413627e-33 0.0096588525921106339
      vertex 16.160867691040039 -1.1719412803649902 0.15236437320709229
      vertex 15.091361999511719 5.5226844164882394e-33 0.00064769916934892535
    endloop
  endfacet
  facet normal 0.039278795924476792 -0.14031056981693824 -0.98932811553516942
    outer loop
      vertex 17.544187545776367 3.3188499751513524e-33 0.027206888422369957
      vertex 17.895381927490234 -1.0544971227645874 0.19070328772068024
      vertex 17.675304412841797 -1.0713894367218018 0.18436139822006226
    endloop
  endfacet
  facet normal 0.015656722245808472 -0.14323614549498118 -0.98956468897806682
    outer loop
      vertex 17.544187545776367 3.3188499751513524e-33 0.027206888422369957
      vertex 17.675304412841797 -1.0713894367218018 0.18436139822006226
      vertex 16.91094970703125 3.8520071929103091e-33 0.017187908291816711
    endloop
  endfacet
  facet normal 0.031578117162048003 -0.13069019159491879 -0.99092022703009919
    outer loop
      vertex 16.91094970703125 3.8520071929103091e-33 0.017187908291816711
      vertex 17.237796783447266 -1.1032253503799438 0.17310555279254913
      vertex 17.020364761352539 -1.1181938648223877 0.16815070807933807
    endloop
  endfacet
  facet normal 0.012033756924218125 -0.13262594337543027 -0.99109310755249735
    outer loop
      vertex 16.91094970703125 3.8520071929103091e-33 0.017187908291816711
      vertex 17.020364761352539 -1.1181938648223877 0.16815070807933807
      vertex 16.290861129760742 4.4006034269413627e-33 0.0096588525921106339
    endloop
  endfacet
  facet normal 0.0137040452073822 -0.11291127634041816 -0.99351056502693114
    outer loop
      vertex 15.091361999511719 5.5226844164882394e-33 0.00064769916934892535
      vertex 15.32135009765625 -1.216350793838501 0.14205685257911682
      vertex 14.906634330749512 -1.2354564666748047 0.13850778341293335
    endloop
  endfacet
  facet normal 0.0028859265370786932 -0.11132379681857836 -0.99377999763021918
    outer loop
      vertex 15.091361999511719 5.5226844164882394e-33 0.00064769916934892535
      vertex 14.906634330749512 -1.2354564666748047 0.13850778341293335
      vertex 13.948142051696777 6.642232215709094e-33 -0.0026721993926912546
    endloop
  endfacet
  facet normal 0.055065070824898109 -0.16943201523301721 -0.98400235273556513
    outer loop
      vertex 18.848896026611328 2.3202851565430815e-33 0.056137431412935257
      vertex 19.009151458740234 -0.95979821681976318 0.23036976158618927
      vertex 18.784605026245117 -0.98014438152313232 0.2213074117898941
    endloop
  endfacet
  facet normal 0.024040797791530465 -0.16765817088707458 -0.98555201677859072
    outer loop
      vertex 18.848896026611328 2.3202851565430815e-33 0.056137431412935257
      vertex 18.784605026245117 -0.98014438152313232 0.2213074117898941
      vertex 18.190273284912109 2.8064903748653113e-33 0.040071494877338409
    endloop
  endfacet
  facet normal 0.03377550778232806 -0.19688412873283098 -0.97984481165496806
    outer loop
      vertex 19.519752502441406 1.8655925540434971e-33 0.075760401785373688
      vertex 20.202535629272461 1.4477697910349345e-33 0.099296115338802338
      vertex 19.688209533691406 -0.89434236288070679 0.26127094030380249
    endloop
  endfacet
  facet normal 0.062915030176196485 -0.19055227571294811 -0.97965888410126967
    outer loop
      vertex 19.519752502441406 1.8655925540434971e-33 0.075760401785373688
      vertex 19.46095085144043 -0.91690963506698608 0.25033107399940491
      vertex 19.234598159790039 -0.9387241005897522 0.24003750085830688
    endloop
  endfacet
  facet normal 0.028756384986821711 -0.18077874799589927 -0.98310330820088532
    outer loop
      vertex 19.519752502441406 1.8655925540434971e-33 0.075760401785373688
      vertex 19.234598159790039 -0.9387241005897522 0.24003750085830688
      vertex 18.848896026611328 2.3202851565430815e-33 0.056137431412935257
    endloop
  endfacet
  facet normal 0.095614930960214312 -0.30117480745043285 -0.9487631529178755
    outer loop
      vertex 21.602653503417969 7.4416488221628839e-34 0.15952855348587036
      vertex 21.070978164672852 -0.74243748188018799 0.34162601828575134
      vertex 20.606376647949219 -0.79629820585250854 0.31190168857574463
    endloop
  endfacet
  facet normal 0.044546835249068675 -0.24123880264490488 -0.96944283976299739
    outer loop
      vertex 21.602653503417969 7.4416488221628839e-34 0.15952855348587036
      vertex 20.606376647949219 -0.79629820585250854 0.31190168857574463
      vertex 20.896938323974609 1.0721747340342433e-33 0.12710025906562805
    endloop
  endfacet
  facet normal 0.083653184269958811 -0.35939391276745486 -0.92942894307590562
    outer loop
      vertex 22.011322021484375 -0.62454307079315186 0.41070985794067383
      vertex 22.319379806518555 4.690979184269269e-34 0.19693669676780701
      vertex 22.777135848999023 -0.27874720096588135 0.34592366218566895
    endloop
  endfacet
  facet normal 0.11856068082408718 -0.37340551138058264 -0.92006069855914097
    outer loop
      vertex 22.319379806518555 4.690979184269269e-34 0.19693669676780701
      vertex 22.011322021484375 -0.62454307079315186 0.41070985794067383
      vertex 21.539285659790039 -0.68521881103515625 0.37450757622718811
    endloop
  endfacet
  facet normal 0.049669235192593815 -0.30316009467591287 -0.95164432645367802
    outer loop
      vertex 22.319379806518555 4.690979184269269e-34 0.19693669676780701
      vertex 21.539285659790039 -0.68521881103515625 0.37450757622718811
      vertex 21.602653503417969 7.4416488221628839e-34 0.15952855348587036
    endloop
  endfacet
  facet normal 0.038845650762329299 -0.23932540133824495 -0.97016203166849357
    outer loop
      vertex 20.202535629272461 1.4477697910349345e-33 0.099296115338802338
      vertex 20.896938323974609 1.0721747340342433e-33 0.12710025906562805
      vertex 20.606376647949219 -0.79629820585250854 0.31190168857574463
    endloop
  endfacet
  facet normal 0.045376618863814472 -0.15315204337254074 -0.98716027780259841
    outer loop
      vertex 18.190273284912109 2.8064903748653113e-33 0.040071494877338409
      vertex 18.338207244873047 -1.0187023878097534 0.20491716265678406
      vertex 18.116350173950195 -1.0369390249252319 0.19754840433597565
    endloop
  endfacet
  facet normal 0.019677911838046024 -0.15148749953661439 -0.98826328337636771
    outer loop
      vertex 18.190273284912109 2.8064903748653113e-33 0.040071494877338409
      vertex 18.116350173950195 -1.0369390249252319 0.19754840433597565
      vertex 17.544187545776367 3.3188499751513524e-33 0.027206888422369957
    endloop
  endfacet
  facet normal 0.13049366151955555 -0.6411493392005746 -0.75623999441042933
    outer loop
      vertex 24.018571853637695 6.5109788353425554e-35 0.304566890001297
      vertex 23.563915252685547 -0.219122514128685 0.41188791394233704
      vertex 23.39069938659668 -0.23505491018295288 0.39550617337226868
    endloop
  endfacet
  facet normal 0.059880182509327647 -0.49525637368159892 -0.86668073018292158
    outer loop
      vertex 24.018571853637695 6.5109788353425554e-35 0.304566890001297
      vertex 23.39069938659668 -0.23505491018295288 0.39550617337226868
      vertex 23.530487060546875 1.4421674125095644e-34 0.27084442973136902
    endloop
  endfacet
  facet normal 0.053354897361105089 -0.68971364333167029 -0.72211380344772502
    outer loop
      vertex 24.018571853637695 6.5109788353425554e-35 0.304566890001297
      vertex 24.510969161987305 1.6530811177748894e-35 0.34094870090484619
      vertex 24.139743804931641 -0.10296182334423065 0.41186201572418213
    endloop
  endfacet
  facet normal 0.022858923786763921 -0.9567445003764693 -0.29003005120623448
    outer loop
      vertex 24.792093276977539 -0.023008067160844803 0.43900418281555176
      vertex 24.510969161987305 1.6530811177748894e-35 0.34094870090484619
      vertex 25.007596969604492 0 0.38009077310562134
    endloop
  endfacet
  facet normal 0.090275084299635336 -0.99422301305460203 -0.058060394997988103
    outer loop
      vertex 25.007596969604492 0 0.38009077310562134
      vertex 24.91609001159668 -0.012535831891000271 0.45247426629066467
      vertex 24.792093276977539 -0.023008067160844803 0.43900418281555176
    endloop
  endfacet
  facet normal 0.31491904944304977 -0.90524950507933999 -0.28521803212892455
    outer loop
      vertex 24.725261688232422 -0.21086999773979187 1.0559158325195312
      vertex 24.410804748535156 -0.30144664645195007 0.9961930513381958
      vertex 24.663982391357422 -0.034674189984798431 0.42902985215187073
    endloop
  endfacet
  facet normal 0.10859781564123665 -0.9541878765365559 -0.27880461027144177
    outer loop
      vertex 24.725261688232422 -0.21086999773979187 1.0559158325195312
      vertex 24.663982391357422 -0.034674189984798431 0.42902985215187073
      vertex 24.792093276977539 -0.023008067160844803 0.43900418281555176
    endloop
  endfacet
  facet normal 0.11782067820303903 -0.83710042270654772 -0.53421079181564191
    outer loop
      vertex 24.663982391357422 -0.034674189984798431 0.42902985215187073
      vertex 24.510969161987305 1.6530811177748894e-35 0.34094870090484619
      vertex 24.792093276977539 -0.023008067160844803 0.43900418281555176
    endloop
  endfacet
  facet normal 0.094871846154159251 -0.99411832782993015 -0.052231054746432214
    outer loop
      vertex 24.91609001159668 -0.012535831891000271 0.45247426629066467
      vertex 25.007596969604492 0 0.38009077310562134
      vertex 25.5 0 1.2744855880737305
    endloop
  endfacet
  facet normal 0.31419305492139793 -0.92605381236792006 -0.2090623372059173
    outer loop
      vertex 24.91609001159668 -0.012535831891000271 0.45247426629066467
      vertex 25.5 0 1.2744855880737305
      vertex 25.055301666259766 -0.11489148437976837 1.1150813102722168
    endloop
  endfacet
  facet normal 0.096345095788576807 -0.49324477014674312 -0.86453873206489529
    outer loop
      vertex 23.530487060546875 1.4421674125095644e-34 0.27084442973136902
      vertex 22.997936248779297 -0.26471111178398132 0.36252188682556152
      vertex 22.777135848999023 -0.27874720096588135 0.34592366218566895
    endloop
  endfacet
  facet normal 0.058796777267151046 -0.40469914680842856 -0.91255769108343354
    outer loop
      vertex 23.530487060546875 1.4421674125095644e-34 0.27084442973136902
      vertex 22.777135848999023 -0.27874720096588135 0.34592366218566895
      vertex 23.046804428100586 2.5233150255314204e-34 0.23968039453029633
    endloop
  endfacet
  facet normal 0.10548293009205487 -0.50823319943601031 -0.85473526103129194
    outer loop
      vertex 23.530487060546875 1.4421674125095644e-34 0.27084442973136902
      vertex 23.226652145385742 -0.24843104183673859 0.38106745481491089
      vertex 22.997936248779297 -0.26471111178398132 0.36252188682556152
    endloop
  endfacet
  facet normal 0.12264019786273886 -0.64324860816134333 -0.75577153291631904
    outer loop
      vertex 24.139743804931641 -0.10296182334423065 0.41186201572418213
      vertex 23.898733139038086 -0.14194890856742859 0.40593534708023071
      vertex 24.018571853637695 6.5109788353425554e-35 0.304566890001297
    endloop
  endfacet
  facet normal 0.13637989286762892 -0.64938917830611298 -0.74812714154769544
    outer loop
      vertex 23.898733139038086 -0.14194890856742859 0.40593534708023071
      vertex 23.563915252685547 -0.219122514128685 0.41188791394233704
      vertex 24.018571853637695 6.5109788353425554e-35 0.304566890001297
    endloop
  endfacet
  facet normal 0.23989998542659755 -0.75687826724213447 -0.60793361937703549
    outer loop
      vertex 23.811243057250977 -0.32846829295158386 0.60362732410430908
      vertex 23.548236846923828 -0.38251984119415283 0.5671352744102478
      vertex 23.898733139038086 -0.14194890856742859 0.40593534708023071
    endloop
  endfacet
  facet normal 0.13724571032161056 -0.75007975247643999 -0.64694975069413174
    outer loop
      vertex 23.811243057250977 -0.32846829295158386 0.60362732410430908
      vertex 23.898733139038086 -0.14194890856742859 0.40593534708023071
      vertex 24.139743804931641 -0.10296182334423065 0.41186201572418213
    endloop
  endfacet
  facet normal 0.31924541103036136 -0.86764925958330541 -0.38113925261064052
    outer loop
      vertex 24.092029571533203 -0.39015030860900879 0.92785346508026123
      vertex 23.783388137817383 -0.4758111834526062 0.86433660984039307
      vertex 24.064098358154297 -0.27417027950286865 0.64043384790420532
    endloop
  endfacet
  facet normal 0.25443675210441269 -0.88799434788267906 -0.38305088083304661
    outer loop
      vertex 24.092029571533203 -0.39015030860900879 0.92785346508026123
      vertex 24.064098358154297 -0.27417027950286865 0.64043384790420532
      vertex 24.512161254882812 -0.052722744643688202 0.42469099164009094
    endloop
  endfacet
  facet normal 0.11500602383743054 -0.83989653046418078 -0.53042193826739092
    outer loop
      vertex 24.512161254882812 -0.052722744643688202 0.42469099164009094
      vertex 24.510969161987305 1.6530811177748894e-35 0.34094870090484619
      vertex 24.663982391357422 -0.034674189984798431 0.42902985215187073
    endloop
  endfacet
  facet normal 0.12379244692629658 -0.80954631939172494 -0.57385554527538685
    outer loop
      vertex 24.064098358154297 -0.27417027950286865 0.64043384790420532
      vertex 24.344808578491211 -0.07252936065196991 0.41653105616569519
      vertex 24.512161254882812 -0.052722744643688202 0.42469099164009094
    endloop
  endfacet
  facet normal 0.13751840973147694 -0.84815999619495852 -0.51157922928857591
    outer loop
      vertex 24.139743804931641 -0.10296182334423065 0.41186201572418213
      vertex 24.510969161987305 1.6530811177748894e-35 0.34094870090484619
      vertex 24.344808578491211 -0.07252936065196991 0.41653105616569519
    endloop
  endfacet
  facet normal 0.1251098972120126 -0.83879749279210158 -0.52987383376166408
    outer loop
      vertex 24.510969161987305 1.6530811177748894e-35 0.34094870090484619
      vertex 24.512161254882812 -0.052722744643688202 0.42469099164009094
      vertex 24.344808578491211 -0.07252936065196991 0.41653105616569519
    endloop
  endfacet
  facet normal 0.25105849201052438 -0.81277306135239036 -0.52570864966182995
    outer loop
      vertex 24.064098358154297 -0.27417027950286865 0.64043384790420532
      vertex 23.811243057250977 -0.32846829295158386 0.60362732410430908
      vertex 24.139743804931641 -0.10296182334423065 0.41186201572418213
    endloop
  endfacet
  facet normal 0.13366085973508998 -0.81390743608530558 -0.56541087720340211
    outer loop
      vertex 24.064098358154297 -0.27417027950286865 0.64043384790420532
      vertex 24.139743804931641 -0.10296182334423065 0.41186201572418213
      vertex 24.344808578491211 -0.07252936065196991 0.41653105616569519
    endloop
  endfacet
  facet normal 0.31809622005846117 -0.88864732741342689 -0.33033425838912456
    outer loop
      vertex 24.410804748535156 -0.30144664645195007 0.9961930513381958
      vertex 24.092029571533203 -0.39015030860900879 0.92785346508026123
      vertex 24.512161254882812 -0.052722744643688202 0.42469099164009094
    endloop
  endfacet
  facet normal 0.11993109544781852 -0.91791534127091845 -0.3782168142800898
    outer loop
      vertex 24.410804748535156 -0.30144664645195007 0.9961930513381958
      vertex 24.512161254882812 -0.052722744643688202 0.42469099164009094
      vertex 24.663982391357422 -0.034674189984798431 0.42902985215187073
    endloop
  endfacet
  facet normal 0.053746164099294329 -0.40061727951002568 -0.9146677785964682
    outer loop
      vertex 22.777135848999023 -0.27874720096588135 0.34592366218566895
      vertex 22.319379806518555 4.690979184269269e-34 0.19693669676780701
      vertex 23.046804428100586 2.5233150255314204e-34 0.23968039453029633
    endloop
  endfacet
  facet normal 0.11683653997456753 -0.5186671390329578 -0.84695550167298517
    outer loop
      vertex 23.39069938659668 -0.23505491018295288 0.39550617337226868
      vertex 23.226652145385742 -0.24843104183673859 0.38106745481491089
      vertex 23.530487060546875 1.4421674125095644e-34 0.27084442973136902
    endloop
  endfacet
  facet normal 0.0016578560882389982 -0.10011792792091892 -0.99497419666140707
    outer loop
      vertex 11.777191162109375 8.7531666038165263e-33 -0.0027325467672199011
      vertex 12.544355392456055 -1.3115594387054443 0.13051961362361908
      vertex 12.169179916381836 -1.3189874887466431 0.13064192235469818
    endloop
  endfacet
  facet normal -0.0028211829868013539 -0.10143529167537332 -0.99483813885942629
    outer loop
      vertex 11.777191162109375 8.7531666038165263e-33 -0.0027325467672199011
      vertex 12.169179916381836 -1.3189874887466431 0.13064192235469818
      vertex 10.755453109741211 9.5975961950411633e-33 0.00016491956193931401
    endloop
  endfacet
  facet normal 0.00034504291759630975 -0.098075356203020894 -0.99517893137417035
    outer loop
      vertex 11.801735877990723 -1.3251663446426392 0.13112345337867737
      vertex 10.755453109741211 9.5975961950411633e-33 0.00016491956193931401
      vertex 12.169179916381836 -1.3189874887466431 0.13064192235469818
    endloop
  endfacet
  facet normal -0.00089691200187608797 -0.098964530312271662 -0.9950905573308052
    outer loop
      vertex 12.560665130615234 -2.6546006202697754 0.2626553475856781
      vertex 11.4407958984375 -1.3302376270294189 0.13195313513278961
      vertex 11.801735877990723 -1.3251663446426392 0.13112345337867737
    endloop
  endfacet
  facet normal 0.0037590820943001107 -0.097269829481218525 -0.99525094803999214
    outer loop
      vertex 12.169179916381836 -1.3189874887466431 0.13064192235469818
      vertex 13.094820976257324 -2.6377010345458984 0.26302120089530945
      vertex 12.560665130615234 -2.6546006202697754 0.2626553475856781
    endloop
  endfacet
  facet normal 0.00034818327479511181 -0.098260682090686335 -0.99516064890221634
    outer loop
      vertex 12.169179916381836 -1.3189874887466431 0.13064192235469818
      vertex 12.560665130615234 -2.6546006202697754 0.2626553475856781
      vertex 11.801735877990723 -1.3251663446426392 0.13112345337867737
    endloop
  endfacet
  facet normal 0.0029403723998099704 -0.099284278694112146 -0.99505476543471738
    outer loop
      vertex 13.621822357177734 -2.6162865161895752 0.26388618350028992
      vertex 12.544355392456055 -1.3115594387054443 0.13051961362361908
      vertex 12.92507266998291 -1.3028059005737305 0.1307712197303772
    endloop
  endfacet
  facet normal 0.006978993105740133 -0.10073986999338587 -0.99488832149590822
    outer loop
      vertex 13.694518089294434 -1.281151294708252 0.13240808248519897
      vertex 12.863649368286133 7.7163849944950843e-33 -0.003146470757201314
      vertex 14.090237617492676 -1.2678436040878296 0.13383649289608002
    endloop
  endfacet
  facet normal 0.011461651304193429 -0.09733422005173531 -0.99518575158424627
    outer loop
      vertex 13.694518089294434 -1.281151294708252 0.13240808248519897
      vertex 14.656235694885254 -2.5581107139587402 0.2683773934841156
      vertex 14.14213752746582 -2.5899064540863037 0.26556625962257385
    endloop
  endfacet
  facet normal 0.0055675889899152193 -0.099335116661051839 -0.99503845983498285
    outer loop
      vertex 13.694518089294434 -1.281151294708252 0.13240808248519897
      vertex 14.14213752746582 -2.5899064540863037 0.26556625962257385
      vertex 13.308396339416504 -1.2926983833312988 0.13140034675598145
    endloop
  endfacet
  facet normal 0.0042739682813255214 -0.10015867494225535 -0.99496229729017449
    outer loop
      vertex 13.308396339416504 -1.2926983833312988 0.13140034675598145
      vertex 14.14213752746582 -2.5899064540863037 0.26556625962257385
      vertex 12.92507266998291 -1.3028059005737305 0.1307712197303772
    endloop
  endfacet
  facet normal 0.0056348186564922397 -0.10160322319218865 -0.99480904391529656
    outer loop
      vertex 13.308396339416504 -1.2926983833312988 0.13140034675598145
      vertex 12.863649368286133 7.7163849944950843e-33 -0.003146470757201314
      vertex 13.694518089294434 -1.281151294708252 0.13240808248519897
    endloop
  endfacet
  facet normal 0.0055801801952303333 -0.097124904921353797 -0.99525655709118888
    outer loop
      vertex 12.544355392456055 -1.3115594387054443 0.13051961362361908
      vertex 13.621822357177734 -2.6162865161895752 0.26388618350028992
      vertex 13.094820976257324 -2.6377010345458984 0.26302120089530945
    endloop
  endfacet
  facet normal 0.0016307227453393491 -0.098749730763104768 -0.99511096437409552
    outer loop
      vertex 12.544355392456055 -1.3115594387054443 0.13051961362361908
      vertex 13.094820976257324 -2.6377010345458984 0.26302120089530945
      vertex 12.169179916381836 -1.3189874887466431 0.13064192235469818
    endloop
  endfacet
  facet normal 0.002942425419817147 -0.099373827722926106 -0.99504582029992095
    outer loop
      vertex 12.544355392456055 -1.3115594387054443 0.13051961362361908
      vertex 11.777191162109375 8.7531666038165263e-33 -0.0027325467672199011
      vertex 12.92507266998291 -1.3028059005737305 0.1307712197303772
    endloop
  endfacet
  facet normal 0.01089509644059797 -0.10518022592540933 -0.99439349200798255
    outer loop
      vertex 14.495253562927246 -1.2526247501373291 0.13581642508506775
      vertex 13.948142051696777 6.642232215709094e-33 -0.0026721993926912546
      vertex 14.906634330749512 -1.2354564666748047 0.13850778341293335
    endloop
  endfacet
  facet normal 0.0087149368321001557 -0.10252181468807345 -0.99469257933749411
    outer loop
      vertex 15.134806632995605 -2.5228366851806641 0.2723391056060791
      vertex 14.090237617492676 -1.2678436040878296 0.13383649289608002
      vertex 14.495253562927246 -1.2526247501373291 0.13581642508506775
    endloop
  endfacet
  facet normal 0.016532970476086459 -0.11237840128375096 -0.99352793408748474
    outer loop
      vertex 15.32135009765625 -1.216350793838501 0.14205685257911682
      vertex 15.091361999511719 5.5226844164882394e-33 0.00064769916934892535
      vertex 15.739419937133789 -1.1952111721038818 0.14662270247936249
    endloop
  endfacet
  facet normal 0.025549197881468155 -0.10090569415638838 -0.99456788575462807
    outer loop
      vertex 15.32135009765625 -1.216350793838501 0.14205685257911682
      vertex 16.078235626220703 -2.4352004528045654 0.28516089916229248
      vertex 15.608675956726074 -2.4819917678833008 0.27784579992294312
    endloop
  endfacet
  facet normal 0.013287617917351509 -0.10368434087795926 -0.99452149130463019
    outer loop
      vertex 15.32135009765625 -1.216350793838501 0.14205685257911682
      vertex 15.608675956726074 -2.4819917678833008 0.27784579992294312
      vertex 14.906634330749512 -1.2354564666748047 0.13850778341293335
    endloop
  endfacet
  facet normal 0.010888643546368279 -0.10502298745497898 -0.99441018173978468
    outer loop
      vertex 14.906634330749512 -1.2354564666748047 0.13850778341293335
      vertex 15.608675956726074 -2.4819917678833008 0.27784579992294312
      vertex 14.495253562927246 -1.2526247501373291 0.13581642508506775
    endloop
  endfacet
  facet normal 0.019886229329113436 -0.11511212578096131 -0.99315343043321258
    outer loop
      vertex 16.503177642822266 -1.7579119205474854 0.22713588178157806
      vertex 15.739419937133789 -1.1952111721038818 0.14662270247936249
      vertex 16.160867691040039 -1.1719412803649902 0.15236437320709229
    endloop
  endfacet
  facet normal 0.026829528956750295 -0.122711987645691 -0.99207960591073674
    outer loop
      vertex 16.588127136230469 -1.1462939977645874 0.15948505699634552
      vertex 16.290861129760742 4.4006034269413627e-33 0.0096588525921106339
      vertex 16.803808212280273 -1.1325459480285645 0.16361735761165619
    endloop
  endfacet
  facet normal 0.024876568693713932 -0.12321691664316176 -0.99206791490450841
    outer loop
      vertex 16.374067306518555 -1.1594052314758301 0.15574584901332855
      vertex 16.290861129760742 4.4006034269413627e-33 0.0096588525921106339
      vertex 16.588127136230469 -1.1462939977645874 0.15948505699634552
    endloop
  endfacet
  facet normal 0.031724462477361839 -0.10241291116804728 -0.99423596500358424
    outer loop
      vertex 15.739419937133789 -1.1952111721038818 0.14662270247936249
      vertex 16.543876647949219 -2.382087230682373 0.29454773664474487
      vertex 16.078235626220703 -2.4352004528045654 0.28516089916229248
    endloop
  endfacet
  facet normal 0.016249442740424339 -0.10663345789601773 -0.99416561058395303
    outer loop
      vertex 15.739419937133789 -1.1952111721038818 0.14662270247936249
      vertex 16.078235626220703 -2.4352004528045654 0.28516089916229248
      vertex 15.32135009765625 -1.216350793838501 0.14205685257911682
    endloop
  endfacet
  facet normal 0.019649752995810149 -0.11070446397624112 -0.99365910093096654
    outer loop
      vertex 15.739419937133789 -1.1952111721038818 0.14662270247936249
      vertex 15.091361999511719 5.5226844164882394e-33 0.00064769916934892535
      vertex 16.160867691040039 -1.1719412803649902 0.15236437320709229
    endloop
  endfacet
  facet normal 0.015389130529831301 -0.097018660134509369 -0.99516358165240382
    outer loop
      vertex 14.090237617492676 -1.2678436040878296 0.13383649289608002
      vertex 15.134806632995605 -2.5228366851806641 0.2723391056060791
      vertex 14.656235694885254 -2.5581107139587402 0.2683773934841156
    endloop
  endfacet
  facet normal 0.0069770249413896581 -0.10068069996470375 -0.99489432492983132
    outer loop
      vertex 14.090237617492676 -1.2678436040878296 0.13383649289608002
      vertex 14.656235694885254 -2.5581107139587402 0.2683773934841156
      vertex 13.694518089294434 -1.281151294708252 0.13240808248519897
    endloop
  endfacet
  facet normal 0.036040179723142357 -0.12891807833479699 -0.9910001183269288
    outer loop
      vertex 17.456110000610352 -1.0876280069351196 0.17850230634212494
      vertex 16.91094970703125 3.8520071929103091e-33 0.017187908291816711
      vertex 17.675304412841797 -1.0713894367218018 0.18436139822006226
    endloop
  endfacet
  facet normal 0.03378661892955457 -0.13003772660293936 -0.9909332238053421
    outer loop
      vertex 17.237796783447266 -1.1032253503799438 0.17310555279254913
      vertex 16.91094970703125 3.8520071929103091e-33 0.017187908291816711
      vertex 17.456110000610352 -1.0876280069351196 0.17850230634212494
    endloop
  endfacet
  facet normal 0.041732009250680331 -0.13949583141988678 -0.98934288920493874
    outer loop
      vertex 17.895381927490234 -1.0544971227645874 0.19070328772068024
      vertex 17.544187545776367 3.3188499751513524e-33 0.027206888422369957
      vertex 18.116350173950195 -1.0369390249252319 0.19754840433597565
    endloop
  endfacet
  facet normal 0.028841855743272117 -0.12180804253114196 -0.99213454134608969
    outer loop
      vertex 17.020364761352539 -1.1181938648223877 0.16815070807933807
      vertex 16.803808212280273 -1.1325459480285645 0.16361735761165619
      vertex 16.290861129760742 4.4006034269413627e-33 0.0096588525921106339
    endloop
  endfacet
  facet normal 0.048044936033022602 -0.15275410137287776 -0.98709567349641802
    outer loop
      vertex 18.338207244873047 -1.0187023878097534 0.20491716265678406
      vertex 18.190273284912109 2.8064903748653113e-33 0.040071494877338409
      vertex 18.560956954956055 -0.99977493286132812 0.21283002197742462
    endloop
  endfacet
  facet normal 0.050737167434409161 -0.15175915172877308 -0.9871144309082388
    outer loop
      vertex 18.560956954956055 -0.99977493286132812 0.21283002197742462
      vertex 18.190273284912109 2.8064903748653113e-33 0.040071494877338409
      vertex 18.784605026245117 -0.98014438152313232 0.2213074117898941
    endloop
  endfacet
  facet normal 0.066085581508264171 -0.19071001111751792 -0.9794194135181673
    outer loop
      vertex 19.46095085144043 -0.91690963506698608 0.25033107399940491
      vertex 19.519752502441406 1.8655925540434971e-33 0.075760401785373688
      vertex 19.688209533691406 -0.89434236288070679 0.26127094030380249
    endloop
  endfacet
  facet normal 0.057984166627513378 -0.16892985279261438 -0.98392100356480783
    outer loop
      vertex 19.009151458740234 -0.95979821681976318 0.23036976158618927
      vertex 18.848896026611328 2.3202851565430815e-33 0.056137431412935257
      vertex 19.234598159790039 -0.9387241005897522 0.24003750085830688
    endloop
  endfacet
  facet normal 0.14392517483341064 -0.24678706268336614 -0.95832233081635343
    outer loop
      vertex 20.606376647949219 -0.79629820585250854 0.31190168857574463
      vertex 20.174812316894531 -1.684550404548645 0.47583001852035522
      vertex 19.950708389282227 -1.744340181350708 0.45757013559341431
    endloop
  endfacet
  facet normal 0.075435449326299517 -0.2022023137933622 -0.97643418481818312
    outer loop
      vertex 20.606376647949219 -0.79629820585250854 0.31190168857574463
      vertex 19.950708389282227 -1.744340181350708 0.45757013559341431
      vertex 19.688209533691406 -0.89434236288070679 0.26127094030380249
    endloop
  endfacet
  facet normal -0.00089575588463590091 -0.099045497233056029 -0.99508250265957932
    outer loop
      vertex 11.4407958984375 -1.3302376270294189 0.13195313513278961
      vertex 10.755453109741211 9.5975961950411633e-33 0.00016491956193931401
      vertex 11.801735877990723 -1.3251663446426392 0.13112345337867737
    endloop
  endfacet
  facet normal -0.0022946762597650474 -0.098371348503268397 -0.99514713095828755
    outer loop
      vertex 11.4407958984375 -1.3302376270294189 0.13195313513278961
      vertex 12.075486183166504 -2.6662817001342773 0.26255899667739868
      vertex 11.083253860473633 -1.3343425989151001 0.13318336009979248
    endloop
  endfacet
  facet normal -0.20994148432291204 -0.06692572936156381 -0.97542068868243448
    outer loop
      vertex 1.0353854894638062 -1.1741385459899902 1.1535139083862305
      vertex 1.6223541498184204 -2.3821916580200195 1.1100667715072632
      vertex 0.84353500604629517 -2.3310818672180176 1.2741866111755371
    endloop
  endfacet
  facet normal -0.16803386378214313 -0.072963630466908277 -0.98307727532047684
    outer loop
      vertex 3.7598807811737061 -1.8894391059875488 0.66107714176177979
      vertex 3.9161226749420166 -2.5213704109191895 0.68127298355102539
      vertex 3.624222993850708 -2.5049660205841064 0.72994881868362427
    endloop
  endfacet
  facet normal -0.17218470772568636 -0.071976566009083129 -0.98243157541426773
    outer loop
      vertex 3.7598807811737061 -1.8894391059875488 0.66107714176177979
      vertex 3.624222993850708 -2.5049660205841064 0.72994881868362427
      vertex 3.5770597457885742 -1.8815019130706787 0.69253754615783691
    endloop
  endfacet
  facet normal -0.1679466347585534 -0.072942589793731527 -0.98309374246175552
    outer loop
      vertex 3.7598807811737061 -1.8894391059875488 0.66107714176177979
      vertex 3.9385318756103516 -1.8970423936843872 0.63112145662307739
      vertex 3.9161226749420166 -2.5213704109191895 0.68127298355102539
    endloop
  endfacet
  facet normal -0.15341290796263898 -0.07473686303643523 -0.98533186337087464
    outer loop
      vertex 4.3003349304199219 -1.911934494972229 0.5730205774307251
      vertex 4.470181941986084 -2.5510425567626953 0.59505194425582886
      vertex 4.1978850364685059 -2.5367166996002197 0.63636106252670288
    endloop
  endfacet
  facet normal -0.15866053382295353 -0.073799260008445833 -0.98457122862148561
    outer loop
      vertex 4.3003349304199219 -1.911934494972229 0.5730205774307251
      vertex 4.1978850364685059 -2.5367166996002197 0.63636106252670288
      vertex 4.1215300559997559 -1.9046632051467896 0.60128939151763916
    endloop
  endfacet
  facet normal -0.16346405497532132 -0.074333695174496478 -0.98374488791186621
    outer loop
      vertex 4.1978850364685059 -2.5367166996002197 0.63636106252670288
      vertex 3.9385318756103516 -1.8970423936843872 0.63112145662307739
      vertex 4.1215300559997559 -1.9046632051467896 0.60128939151763916
    endloop
  endfacet
  facet normal -0.20067488994420099 -0.067812355393248896 -0.97730807476552806
    outer loop
      vertex 1.7284071445465088 -1.1981439590454102 1.0061330795288086
      vertex 2.3418281078338623 -2.4280068874359131 0.96551305055618286
      vertex 1.6223541498184204 -2.3821916580200195 1.1100667715072632
    endloop
  endfacet
  facet normal -0.19007612328051932 -0.069343191942091265 -0.97931740977577408
    outer loop
      vertex 2.3418281078338623 -2.4280068874359131 0.96551305055618286
      vertex 2.4228341579437256 -1.2214162349700928 0.86435467004776001
      vertex 3.0073275566101074 -2.4688305854797363 0.83923661708831787
    endloop
  endfacet
  facet normal -0.17794135336704603 -0.070754128694452495 -0.98149413041270561
    outer loop
      vertex 3.1286468505859375 -1.2440273761749268 0.72787880897521973
      vertex 3.5770597457885742 -1.8815019130706787 0.69253754615783691
      vertex 3.3215150833129883 -2.4874653816223145 0.78254967927932739
    endloop
  endfacet
  facet normal -0.16087760130211021 -0.073289162177975195 -0.98424950907101261
    outer loop
      vertex 3.9385318756103516 -1.8970423936843872 0.63112145662307739
      vertex 4.1978850364685059 -2.5367166996002197 0.63636106252670288
      vertex 3.9161226749420166 -2.5213704109191895 0.68127298355102539
    endloop
  endfacet
  facet normal -0.17480337592211528 -0.072146157906134489 -0.98195657320760099
    outer loop
      vertex 3.5770597457885742 -1.8815019130706787 0.69253754615783691
      vertex 3.624222993850708 -2.5049660205841064 0.72994881868362427
      vertex 3.3215150833129883 -2.4874653816223145 0.78254967927932739
    endloop
  endfacet
  facet normal -0.15362506230147766 -0.074791960794973161 -0.98529462742537577
    outer loop
      vertex 4.4834604263305664 -1.9191900491714478 0.54501879215240479
      vertex 4.470181941986084 -2.5510425567626953 0.59505194425582886
      vertex 4.3003349304199219 -1.911934494972229 0.5730205774307251
    endloop
  endfacet
  facet normal -0.14831700084328825 -0.076113374906569733 -0.98600650171344406
    outer loop
      vertex 4.7336845397949219 -2.5643858909606934 0.55718457698822021
      vertex 4.4834604263305664 -1.9191900491714478 0.54501879215240479
      vertex 4.6624279022216797 -1.926081657409668 0.51863014698028564
    endloop
  endfacet
  facet normal -0.13746141036425055 -0.07652842583617149 -0.98754633344451681
    outer loop
      vertex 4.8456130027770996 -1.9329185485839844 0.49267008900642395
      vertex 4.9890642166137695 -2.576784610748291 0.52259784936904907
      vertex 4.7336845397949219 -2.5643858909606934 0.55718457698822021
    endloop
  endfacet
  facet normal -0.14267521845512954 -0.075536499113310646 -0.98688298158418242
    outer loop
      vertex 4.8456130027770996 -1.9329185485839844 0.49267008900642395
      vertex 4.7336845397949219 -2.5643858909606934 0.55718457698822021
      vertex 4.6624279022216797 -1.926081657409668 0.51863014698028564
    endloop
  endfacet
  facet normal -0.13062949735953602 -0.077411437042966685 -0.9884044738033807
    outer loop
      vertex 5.0247540473937988 -1.9393792152404785 0.46835902333259583
      vertex 5.207911491394043 -1.9457410573959351 0.44465082883834839
      vertex 5.2369918823242188 -2.5882768630981445 0.49113065004348755
    endloop
  endfacet
  facet normal -0.11164285154785107 -0.078617250400074154 -0.99063373738117599
    outer loop
      vertex 5.5702633857727051 -1.9575490951538086 0.4013417661190033
      vertex 5.7131776809692383 -2.6086928844451904 0.43691068887710571
      vertex 5.4781394004821777 -2.598900318145752 0.46262198686599731
    endloop
  endfacet
  facet normal -0.11750433836473895 -0.077717296628740579 -0.99002664220221115
    outer loop
      vertex 5.5702633857727051 -1.9575490951538086 0.4013417661190033
      vertex 5.4781394004821777 -2.598900318145752 0.46262198686599731
      vertex 5.3872413635253906 -1.9517184495925903 0.42260658740997314
    endloop
  endfacet
  facet normal -0.12421040370832603 -0.078604206580420624 -0.98913758108691696
    outer loop
      vertex 5.4781394004821777 -2.598900318145752 0.46262198686599731
      vertex 5.207911491394043 -1.9457410573959351 0.44465082883834839
      vertex 5.3872413635253906 -1.9517184495925903 0.42260658740997314
    endloop
  endfacet
  facet normal -0.12904528552227626 -0.076901979279792962 -0.98865231495573025
    outer loop
      vertex 5.0247540473937988 -1.9393792152404785 0.46835902333259583
      vertex 5.2369918823242188 -2.5882768630981445 0.49113065004348755
      vertex 4.9890642166137695 -2.576784610748291 0.52259784936904907
    endloop
  endfacet
  facet normal -0.13678795402650143 -0.076383250740355152 -0.98765107939979491
    outer loop
      vertex 5.0247540473937988 -1.9393792152404785 0.46835902333259583
      vertex 4.9890642166137695 -2.576784610748291 0.52259784936904907
      vertex 4.8456130027770996 -1.9329185485839844 0.49267008900642395
    endloop
  endfacet
  facet normal -0.093831154851002477 -0.079142211299645229 -0.99243751680895742
    outer loop
      vertex 5.9398655891418457 -1.9684447050094604 0.36233663558959961
      vertex 6.1676125526428223 -2.6259374618530273 0.39323598146438599
      vertex 5.9427781105041504 -2.6176927089691162 0.41383573412895203
    endloop
  endfacet
  facet normal -0.10342146829451025 -0.079109803987138627 -0.99148658024651248
    outer loop
      vertex 5.9398655891418457 -1.9684447050094604 0.36233663558959961
      vertex 5.9427781105041504 -2.6176927089691162 0.41383573412895203
      vertex 5.7497997283935547 -1.9629924297332764 0.38172727823257446
    endloop
  endfacet
  facet normal -0.095950188666881417 -0.079863976494528643 -0.99217705403484868
    outer loop
      vertex 6.1266989707946777 -1.9734829664230347 0.34467414021492004
      vertex 6.1676125526428223 -2.6259374618530273 0.39323598146438599
      vertex 5.9398655891418457 -1.9684447050094604 0.36233663558959961
    endloop
  endfacet
  facet normal -0.10274678885900547 -0.078915137377313552 -0.99157223562980168
    outer loop
      vertex 5.7497997283935547 -1.9629924297332764 0.38172727823257446
      vertex 5.9427781105041504 -2.6176927089691162 0.41383573412895203
      vertex 5.7131776809692383 -2.6086928844451904 0.43691068887710571
    endloop
  endfacet
  facet normal -0.11061894258945298 -0.078399736511313475 -0.99076583048435218
    outer loop
      vertex 5.7497997283935547 -1.9629924297332764 0.38172727823257446
      vertex 5.7131776809692383 -2.6086928844451904 0.43691068887710571
      vertex 5.5702633857727051 -1.9575490951538086 0.4013417661190033
    endloop
  endfacet
  facet normal -0.077505342133741384 -0.076753926171251763 -0.99403307628973281
    outer loop
      vertex 6.1266989707946777 -1.9734829664230347 0.34467414021492004
      vertex 5.9299635887145996 -1.3156553506851196 0.30921977758407593
      vertex 6.6056671142578125 -2.6403136253356934 0.35881781578063965
    endloop
  endfacet
  facet normal 0.031543214078500414 -0.11117513875007966 -0.99330011284077591
    outer loop
      vertex 16.503177642822266 -1.7579119205474854 0.22713588178157806
      vertex 16.702598571777344 -1.7391078472137451 0.23136404156684875
      vertex 17.005989074707031 -2.3222768306732178 0.30626970529556274
    endloop
  endfacet
  facet normal 0.04899531650106688 -0.11001512956853569 -0.99272157739568567
    outer loop
      vertex 17.102693557739258 -1.6988189220428467 0.24102979898452759
      vertex 17.4649658203125 -2.2553937435150146 0.32059016823768616
      vertex 17.235845565795898 -2.2897427082061768 0.31308865547180176
    endloop
  endfacet
  facet normal 0.036599839282193382 -0.11283475377758004 -0.99293945943570516
    outer loop
      vertex 17.102693557739258 -1.6988189220428467 0.24102979898452759
      vertex 17.235845565795898 -2.2897427082061768 0.31308865547180176
      vertex 16.902198791503906 -1.7194409370422363 0.23598296940326691
    endloop
  endfacet
  facet normal 0.044761065199271428 -0.10808635692324868 -0.99313331758092105
    outer loop
      vertex 16.902198791503906 -1.7194409370422363 0.23598296940326691
      vertex 17.235845565795898 -2.2897427082061768 0.31308865547180176
      vertex 17.005989074707031 -2.3222768306732178 0.30626970529556274
    endloop
  endfacet
  facet normal 0.033825149361015799 -0.1099952026703723 -0.99335638854351194
    outer loop
      vertex 16.902198791503906 -1.7194409370422363 0.23598296940326691
      vertex 17.005989074707031 -2.3222768306732178 0.30626970529556274
      vertex 16.702598571777344 -1.7391078472137451 0.23136404156684875
    endloop
  endfacet
  facet normal -0.14556801790742371 -0.07505649637079459 -0.98649707273516274
    outer loop
      vertex 4.7336845397949219 -2.5643858909606934 0.55718457698822021
      vertex 4.470181941986084 -2.5510425567626953 0.59505194425582886
      vertex 4.4834604263305664 -1.9191900491714478 0.54501879215240479
    endloop
  endfacet
  facet normal -0.12040095158966353 -0.077044475092933593 -0.98973115527094424
    outer loop
      vertex 5.207911491394043 -1.9457410573959351 0.44465082883834839
      vertex 5.4781394004821777 -2.598900318145752 0.46262198686599731
      vertex 5.2369918823242188 -2.5882768630981445 0.49113065004348755
    endloop
  endfacet
  facet normal -0.080661060292775116 -0.07901152249068738 -0.99360503856721094
    outer loop
      vertex 6.1266989707946777 -1.9734829664230347 0.34467414021492004
      vertex 6.6056671142578125 -2.6403136253356934 0.35881781578063965
      vertex 6.1676125526428223 -2.6259374618530273 0.39323598146438599
    endloop
  endfacet
  facet normal -0.013366694381914726 -0.086673116608684028 -0.99614712886131329
    outer loop
      vertex 8.7382078170776367 -2.6797866821289062 0.28047114610671997
      vertex 8.3408660888671875 -1.3407927751541138 0.16929918527603149
      vertex 9.1894111633300781 -2.6832258701324463 0.27471596002578735
    endloop
  endfacet
  facet normal -0.0021408194752124562 -0.093356505978774207 -0.99563044332895423
    outer loop
      vertex 10.610607147216797 -2.684473991394043 0.26487573981285095
      vertex 10.029012680053711 -1.341626763343811 0.14021258056163788
      vertex 11.097709655761719 -2.6809406280517578 0.26349705457687378
    endloop
  endfacet
  facet normal 0.0025115874368874754 -0.096109674064310285 -0.99536758158973571
    outer loop
      vertex 12.075486183166504 -2.6662817001342773 0.26255899667739868
      vertex 11.4407958984375 -1.3302376270294189 0.13195313513278961
      vertex 12.560665130615234 -2.6546006202697754 0.2626553475856781
    endloop
  endfacet
  facet normal 0.0081096910752634296 -0.096566354588455611 -0.99529351051444115
    outer loop
      vertex 13.621822357177734 -2.6162865161895752 0.26388618350028992
      vertex 12.92507266998291 -1.3028059005737305 0.1307712197303772
      vertex 14.14213752746582 -2.5899064540863037 0.26556625962257385
    endloop
  endfacet
  facet normal 0.019917990260320519 -0.096924044516488103 -0.99509245965314985
    outer loop
      vertex 15.134806632995605 -2.5228366851806641 0.2723391056060791
      vertex 14.495253562927246 -1.2526247501373291 0.13581642508506775
      vertex 15.608675956726074 -2.4819917678833008 0.27784579992294312
    endloop
  endfacet
  facet normal 0.038770904412385489 -0.10479709068220761 -0.99373758445355731
    outer loop
      vertex 16.503177642822266 -1.7579119205474854 0.22713588178157806
      vertex 17.005989074707031 -2.3222768306732178 0.30626970529556274
      vertex 16.543876647949219 -2.382087230682373 0.29454773664474487
    endloop
  endfacet
  facet normal 0.026989343015060261 -0.1055982373970466 -0.99404254819512261
    outer loop
      vertex 15.739419937133789 -1.1952111721038818 0.14662270247936249
      vertex 16.503177642822266 -1.7579119205474854 0.22713588178157806
      vertex 16.543876647949219 -2.382087230682373 0.29454773664474487
    endloop
  endfacet
  facet normal 0.039544752412415021 -0.11612718717668175 -0.99244681920749422
    outer loop
      vertex 17.303396224975586 -1.6772907972335815 0.2465079128742218
      vertex 17.4649658203125 -2.2553937435150146 0.32059016823768616
      vertex 17.102693557739258 -1.6988189220428467 0.24102979898452759
    endloop
  endfacet
  facet normal 0.058956174967608403 -0.11920972691750133 -0.99111715273293655
    outer loop
      vertex 17.705482482910156 -1.6314419507980347 0.2588336169719696
      vertex 17.921194076538086 -2.1810626983642578 0.33777248859405518
      vertex 17.693397521972656 -2.2191827297210693 0.32880711555480957
    endloop
  endfacet
  facet normal 0.045385442289130176 -0.1190184396249476 -0.99185420937628843
    outer loop
      vertex 17.705482482910156 -1.6314419507980347 0.2588336169719696
      vertex 17.693397521972656 -2.2191827297210693 0.32880711555480957
      vertex 17.50432014465332 -1.654837965965271 0.25243622064590454
    endloop
  endfacet
  facet normal 0.064132012419225948 -0.12272644549051633 -0.99036624768836079
    outer loop
      vertex 17.906896591186523 -1.6070840358734131 0.26571905612945557
      vertex 18.148399353027344 -2.1409869194030762 0.3475191593170166
      vertex 17.921194076538086 -2.1810626983642578 0.33777248859405518
    endloop
  endfacet
  facet normal 0.048784451815128638 -0.12321098236603002 -0.99118067529865361
    outer loop
      vertex 17.906896591186523 -1.6070840358734131 0.26571905612945557
      vertex 17.921194076538086 -2.1810626983642578 0.33777248859405518
      vertex 17.705482482910156 -1.6314419507980347 0.2588336169719696
    endloop
  endfacet
  facet normal 0.18057818637729656 -0.299358103430519 -0.93689713657112283
    outer loop
      vertex 21.070978164672852 -0.74243748188018799 0.34162601828575134
      vertex 20.846714019775391 -1.4904431104660034 0.53740453720092773
      vertex 20.622766494750977 -1.557648777961731 0.51571434736251831
    endloop
  endfacet
  facet normal 0.091216588152217962 -0.25568253112296419 -0.96244790888879961
    outer loop
      vertex 21.070978164672852 -0.74243748188018799 0.34162601828575134
      vertex 20.622766494750977 -1.557648777961731 0.51571434736251831
      vertex 20.606376647949219 -0.79629820585250854 0.31190168857574463
    endloop
  endfacet
  facet normal 0.056215358741450873 -0.13359509185036014 -0.98944033921963381
    outer loop
      vertex 18.108573913574219 -1.5817457437515259 0.27311140298843384
      vertex 18.310531616210938 -1.5554084777832031 0.28102961182594299
      vertex 18.375066757202148 -2.0989084243774414 0.35808002948760986
    endloop
  endfacet
  facet normal 0.069622234738692015 -0.12669558867550204 -0.98949531188387063
    outer loop
      vertex 18.108573913574219 -1.5817457437515259 0.27311140298843384
      vertex 18.375066757202148 -2.0989084243774414 0.35808002948760986
      vertex 18.148399353027344 -2.1409869194030762 0.3475191593170166
    endloop
  endfacet
  facet normal 0.052388671191959349 -0.1280411186131441 -0.99038421790486708
    outer loop
      vertex 18.108573913574219 -1.5817457437515259 0.27311140298843384
      vertex 18.148399353027344 -2.1409869194030762 0.3475191593170166
      vertex 17.906896591186523 -1.6070840358734131 0.26571905612945557
    endloop
  endfacet
  facet normal 0.082998575335959571 -0.14314300549389708 -0.98621565413979062
    outer loop
      vertex 18.71534538269043 -1.4996623992919922 0.29851916432380676
      vertex 18.826972961425781 -2.0085554122924805 0.38177621364593506
      vertex 18.601240158081055 -2.0547802448272705 0.36948809027671814
    endloop
  endfacet
  facet normal 0.063575367215544312 -0.13940329900230458 -0.9881927407700799
    outer loop
      vertex 18.71534538269043 -1.4996623992919922 0.29851916432380676
      vertex 18.601240158081055 -2.0547802448272705 0.36948809027671814
      vertex 18.512784957885742 -1.5280535221099854 0.28949254751205444
    endloop
  endfacet
  facet normal 0.097206721481803607 -0.15760767437615272 -0.98270579232876198
    outer loop
      vertex 19.12144660949707 -1.439697265625 0.31833899021148682
      vertex 19.277305603027344 -1.9096283912658691 0.40912434458732605
      vertex 19.052312850952148 -1.9601871967315674 0.39497733116149902
    endloop
  endfacet
  facet normal 0.072743109301114148 -0.15473647534421975 -0.98527410564129492
    outer loop
      vertex 19.12144660949707 -1.439697265625 0.31833899021148682
      vertex 19.052312850952148 -1.9601871967315674 0.39497733116149902
      vertex 18.918228149414062 -1.4702165126800537 0.30812832713127136
    endloop
  endfacet
  facet normal 0.089863538785116617 -0.1499325208825045 -0.98460387140150596
    outer loop
      vertex 18.918228149414062 -1.4702165126800537 0.30812832713127136
      vertex 19.052312850952148 -1.9601871967315674 0.39497733116149902
      vertex 18.826972961425781 -2.0085554122924805 0.38177621364593506
    endloop
  endfacet
  facet normal 0.068009025516326205 -0.14653718015286735 -0.98686454353227504
    outer loop
      vertex 18.918228149414062 -1.4702165126800537 0.30812832713127136
      vertex 18.826972961425781 -2.0085554122924805 0.38177621364593506
      vertex 18.71534538269043 -1.4996623992919922 0.29851916432380676
    endloop
  endfacet
  facet normal 0.083261150714110527 -0.1750234407368875 -0.98103739784698485
    outer loop
      vertex 19.325017929077148 -1.4080861806869507 0.32917004823684692
      vertex 19.528953552246094 -1.3753644227981567 0.34064039587974548
      vertex 19.502004623413086 -1.8568322658538818 0.42425021529197693
    endloop
  endfacet
  facet normal 0.12331490811228735 -0.18699041761853941 -0.97459120515019149
    outer loop
      vertex 19.950708389282227 -1.744340181350708 0.45757013559341431
      vertex 19.733268737792969 -1.3415135145187378 0.35276898741722107
      vertex 19.688209533691406 -0.89434236288070679 0.26127094030380249
    endloop
  endfacet
  facet normal 0.077160607146672985 -0.22047447510326826 -0.97233597410190231
    outer loop
      vertex 20.606376647949219 -0.79629820585250854 0.31190168857574463
      vertex 19.688209533691406 -0.89434236288070679 0.26127094030380249
      vertex 20.202535629272461 1.4477697910349345e-33 0.099296115338802338
    endloop
  endfacet
  facet normal 0.089140956382960795 -0.18754690224465603 -0.97820245826391428
    outer loop
      vertex 19.726455688476562 -1.8017518520355225 0.44038781523704529
      vertex 19.528953552246094 -1.3753644227981567 0.34064039587974548
      vertex 19.733268737792969 -1.3415135145187378 0.35276898741722107
    endloop
  endfacet
  facet normal 0.10507486359006955 -0.16629797741669769 -0.98046124642876309
    outer loop
      vertex 19.325017929077148 -1.4080861806869507 0.32917004823684692
      vertex 19.502004623413086 -1.8568322658538818 0.42425021529197693
      vertex 19.277305603027344 -1.9096283912658691 0.40912434458732605
    endloop
  endfacet
  facet normal 0.077812011872186157 -0.16416636137525778 -0.98335888494547652
    outer loop
      vertex 19.325017929077148 -1.4080861806869507 0.32917004823684692
      vertex 19.277305603027344 -1.9096283912658691 0.40912434458732605
      vertex 19.12144660949707 -1.439697265625 0.31833899021148682
    endloop
  endfacet
  facet normal 0.060286145799653981 -0.13997470860532746 -0.9883180973631297
    outer loop
      vertex 18.601240158081055 -2.0547802448272705 0.36948809027671814
      vertex 18.310531616210938 -1.5554084777832031 0.28102961182594299
      vertex 18.512784957885742 -1.5280535221099854 0.28949254751205444
    endloop
  endfacet
  facet normal 0.20535816691987813 -0.3606808843301782 -0.90980070507672617
    outer loop
      vertex 21.539285659790039 -0.68521881103515625 0.37450757622718811
      vertex 21.070709228515625 -1.4206715822219849 0.56030404567718506
      vertex 20.846714019775391 -1.4904431104660034 0.53740453720092773
    endloop
  endfacet
  facet normal 0.10126095211039372 -0.28020674279420887 -0.95458388885962075
    outer loop
      vertex 21.539285659790039 -0.68521881103515625 0.37450757622718811
      vertex 20.846714019775391 -1.4904431104660034 0.53740453720092773
      vertex 21.070978164672852 -0.74243748188018799 0.34162601828575134
    endloop
  endfacet
  facet normal 0.17373992322952198 -0.43168547211937763 -0.88513394028094394
    outer loop
      vertex 21.743457794189453 -1.1954928636550903 0.63658756017684937
      vertex 22.011322021484375 -0.62454307079315186 0.41070985794067383
      vertex 22.237794876098633 -0.83624160289764404 0.5584101676940918
    endloop
  endfacet
  facet normal 0.13593343237229785 -0.46494846182710842 -0.87484000240506365
    outer loop
      vertex 22.237794876098633 -0.83624160289764404 0.5584101676940918
      vertex 22.011322021484375 -0.62454307079315186 0.41070985794067383
      vertex 22.507465362548828 -0.5574944019317627 0.45216691493988037
    endloop
  endfacet
  facet normal 0.13593343237229782 -0.46494846182710831 -0.87484000240506365
    outer loop
      vertex 22.777135848999023 -0.27874720096588135 0.34592366218566895
      vertex 22.507465362548828 -0.5574944019317627 0.45216691493988037
      vertex 22.011322021484375 -0.62454307079315186 0.41070985794067383
    endloop
  endfacet
  facet normal 0.24067320333276174 -0.80796206628990008 -0.53784171336379449
    outer loop
      vertex 23.548236846923828 -0.38251984119415283 0.5671352744102478
      vertex 23.811243057250977 -0.32846829295158386 0.60362732410430908
      vertex 23.482742309570312 -0.55397480726242065 0.79539263248443604
    endloop
  endfacet
  facet normal 0.3142476581953067 -0.80016166386592014 -0.51087153081580872
    outer loop
      vertex 23.548236846923828 -0.38251984119415283 0.5671352744102478
      vertex 23.482742309570312 -0.55397480726242065 0.79539263248443604
      vertex 23.197738647460938 -0.62309080362319946 0.72833514213562012
    endloop
  endfacet
  facet normal 0.24980935052773146 -0.85417172743404191 -0.45605476473912387
    outer loop
      vertex 23.811243057250977 -0.32846829295158386 0.60362732410430908
      vertex 24.064098358154297 -0.27417027950286865 0.64043384790420532
      vertex 23.783388137817383 -0.4758111834526062 0.86433660984039307
    endloop
  endfacet
  facet normal 0.3191457325677361 -0.83925805575933077 -0.44021803373654672
    outer loop
      vertex 23.811243057250977 -0.32846829295158386 0.60362732410430908
      vertex 23.783388137817383 -0.4758111834526062 0.86433660984039307
      vertex 23.482742309570312 -0.55397480726242065 0.79539263248443604
    endloop
  endfacet
  facet normal 0.24825046160533035 -0.451507025205652 -0.85703740554463725
    outer loop
      vertex 22.011322021484375 -0.62454307079315186 0.41070985794067383
      vertex 21.519031524658203 -1.2732433080673218 0.60986262559890747
      vertex 21.294797897338867 -1.3482873439788818 0.5844457745552063
    endloop
  endfacet
  facet normal 0.11510171249556658 -0.33816657704732961 -0.93402085734135532
    outer loop
      vertex 22.011322021484375 -0.62454307079315186 0.41070985794067383
      vertex 21.294797897338867 -1.3482873439788818 0.5844457745552063
      vertex 21.539285659790039 -0.68521881103515625 0.37450757622718811
    endloop
  endfacet
  facet normal 0.34386324022540038 -0.73525566402631815 -0.58408662074978823
    outer loop
      vertex 22.769105911254883 -0.70516473054885864 0.62172400951385498
      vertex 22.535573959350586 -0.91404682397842407 0.74718260765075684
      vertex 22.30047607421875 -0.99484944343566895 0.71049124002456665
    endloop
  endfacet
  facet normal 0.25771337489161694 -0.63899377957795545 -0.72475565955889742
    outer loop
      vertex 22.769105911254883 -0.70516473054885864 0.62172400951385498
      vertex 22.30047607421875 -0.99484944343566895 0.71049124002456665
      vertex 22.611335754394531 -0.74529314041137695 0.60100299119949341
    endloop
  endfacet
  facet normal 0.29576518141042579 -0.76628414307592196 -0.57037844413657313
    outer loop
      vertex 22.853277206420898 -0.80933213233947754 0.79992634057998657
      vertex 22.95335578918457 -0.6573675274848938 0.64766198396682739
      vertex 23.197738647460938 -0.62309080362319946 0.72833514213562012
    endloop
  endfacet
  facet normal 0.27459301714089568 -0.7017994001317106 -0.6573250922581847
    outer loop
      vertex 22.535573959350586 -0.91404682397842407 0.74718260765075684
      vertex 22.769105911254883 -0.70516473054885864 0.62172400951385498
      vertex 22.95335578918457 -0.6573675274848938 0.64766198396682739
    endloop
  endfacet
  facet normal 0.31030066073628826 -0.83018113816711359 -0.463155241553174
    outer loop
      vertex 23.281076431274414 -0.67313772439956665 0.87387549877166748
      vertex 23.197738647460938 -0.62309080362319946 0.72833514213562012
      vertex 23.482742309570312 -0.55397480726242065 0.79539263248443604
    endloop
  endfacet
  facet normal 0.32577341871318893 -0.6413772417869108 -0.69462717581284961
    outer loop
      vertex 22.413822174072266 -0.79413336515426636 0.5774226188659668
      vertex 22.120491027832031 -1.0593075752258301 0.68469917774200439
      vertex 21.968124389648438 -1.1149888038635254 0.66465342044830322
    endloop
  endfacet
  facet normal 0.21401240852624079 -0.52179072356798295 -0.82579242536802089
    outer loop
      vertex 22.413822174072266 -0.79413336515426636 0.5774226188659668
      vertex 21.968124389648438 -1.1149888038635254 0.66465342044830322
      vertex 22.237794876098633 -0.83624160289764404 0.5584101676940918
    endloop
  endfacet
  facet normal 0.34059328331263683 -0.69976350256945197 -0.62795481989873314
    outer loop
      vertex 22.611335754394531 -0.74529314041137695 0.60100299119949341
      vertex 22.30047607421875 -0.99484944343566895 0.71049124002456665
      vertex 22.120491027832031 -1.0593075752258301 0.68469917774200439
    endloop
  endfacet
  facet normal 0.2360796282189831 -0.57735268911041315 -0.78162029241631215
    outer loop
      vertex 22.611335754394531 -0.74529314041137695 0.60100299119949341
      vertex 22.120491027832031 -1.0593075752258301 0.68469917774200439
      vertex 22.413822174072266 -0.79413336515426636 0.5774226188659668
    endloop
  endfacet
  facet normal 0.3197098118381021 -0.83545653107094964 -0.4469877189647839
    outer loop
      vertex 23.783388137817383 -0.4758111834526062 0.86433660984039307
      vertex 23.281076431274414 -0.67313772439956665 0.87387549877166748
      vertex 23.482742309570312 -0.55397480726242065 0.79539263248443604
    endloop
  endfacet
  facet normal 0.31745627278581612 -0.87777831736821166 -0.35878508947163401
    outer loop
      vertex 24.092029571533203 -0.39015030860900879 0.92785346508026123
      vertex 23.846469879150391 -0.4978959858417511 0.97418302297592163
      vertex 23.783388137817383 -0.4758111834526062 0.86433660984039307
    endloop
  endfacet
  facet normal 0.042667208270378135 -0.11993061226664244 -0.99186498959271685
    outer loop
      vertex 17.693397521972656 -2.2191827297210693 0.32880711555480957
      vertex 17.303396224975586 -1.6772907972335815 0.2465079128742218
      vertex 17.50432014465332 -1.654837965965271 0.25243622064590454
    endloop
  endfacet
  facet normal 0.1038802719550274 -0.30646435905078501 -0.94619685358287942
    outer loop
      vertex 21.602653503417969 7.4416488221628839e-34 0.15952855348587036
      vertex 21.539285659790039 -0.68521881103515625 0.37450757622718811
      vertex 21.070978164672852 -0.74243748188018799 0.34162601828575134
    endloop
  endfacet
  facet normal 0.075451890715311248 -0.13117532901469825 -0.98848371015680903
    outer loop
      vertex 18.375066757202148 -2.0989084243774414 0.35808002948760986
      vertex 18.310531616210938 -1.5554084777832031 0.28102961182594299
      vertex 18.601240158081055 -2.0547802448272705 0.36948809027671814
    endloop
  endfacet
  facet normal 0.1135298693992252 -0.17615437442657983 -0.9777937436517864
    outer loop
      vertex 19.502004623413086 -1.8568322658538818 0.42425021529197693
      vertex 19.528953552246094 -1.3753644227981567 0.34064039587974548
      vertex 19.726455688476562 -1.8017518520355225 0.44038781523704529
    endloop
  endfacet
  facet normal 0.12264077979088724 -0.18735806276865583 -0.97460566151026407
    outer loop
      vertex 19.726455688476562 -1.8017518520355225 0.44038781523704529
      vertex 19.733268737792969 -1.3415135145187378 0.35276898741722107
      vertex 19.950708389282227 -1.744340181350708 0.45757013559341431
    endloop
  endfacet
  facet normal 0.16021743652418796 -0.25203295059091552 -0.95436353914535876
    outer loop
      vertex 20.398815155029297 -1.6223355531692505 0.49520045518875122
      vertex 20.606376647949219 -0.79629820585250854 0.31190168857574463
      vertex 20.622766494750977 -1.557648777961731 0.51571434736251831
    endloop
  endfacet
  facet normal 0.15222677956930708 -0.25040981859233086 -0.95609723895350396
    outer loop
      vertex 20.174812316894531 -1.684550404548645 0.47583001852035522
      vertex 20.606376647949219 -0.79629820585250854 0.31190168857574463
      vertex 20.398815155029297 -1.6223355531692505 0.49520045518875122
    endloop
  endfacet
  facet normal 0.3025078805065462 -0.58072944126271919 -0.75580572787067912
    outer loop
      vertex 21.743457794189453 -1.1954928636550903 0.63658756017684937
      vertex 22.237794876098633 -0.83624160289764404 0.5584101676940918
      vertex 21.968124389648438 -1.1149888038635254 0.66465342044830322
    endloop
  endfacet
  facet normal 0.25996356007014149 -0.45822602892659237 -0.84996932524051938
    outer loop
      vertex 21.519031524658203 -1.2732433080673218 0.60986262559890747
      vertex 22.011322021484375 -0.62454307079315186 0.41070985794067383
      vertex 21.743457794189453 -1.1954928636550903 0.63658756017684937
    endloop
  endfacet
  facet normal 0.11082759654961327 -0.95401720256547073 -0.27851107886795007
    outer loop
      vertex 24.725261688232422 -0.21086999773979187 1.0559158325195312
      vertex 24.792093276977539 -0.023008067160844803 0.43900418281555176
      vertex 24.91609001159668 -0.012535831891000271 0.45247426629066467
    endloop
  endfacet
  facet normal 0.30733177567949449 -0.92858924970835588 -0.2080124635298603
    outer loop
      vertex 24.725261688232422 -0.21086999773979187 1.0559158325195312
      vertex 24.91609001159668 -0.012535831891000271 0.45247426629066467
      vertex 25.055301666259766 -0.11489148437976837 1.1150813102722168
    endloop
  endfacet
  facet normal 0.31273009504240773 -0.91301875815085132 -0.26190959302676248
    outer loop
      vertex 24.410804748535156 -0.30144664645195007 0.9961930513381958
      vertex 24.725261688232422 -0.21086999773979187 1.0559158325195312
      vertex 24.576946258544922 -0.27603927254676819 1.1060020923614502
    endloop
  endfacet
  facet normal 0.31253239338610705 -0.9129456635726122 -0.26239992082375718
    outer loop
      vertex 25.055301666259766 -0.11489148437976837 1.1150813102722168
      vertex 24.576946258544922 -0.27603927254676819 1.1060020923614502
      vertex 24.725261688232422 -0.21086999773979187 1.0559158325195312
    endloop
  endfacet
  facet normal 0.21579484146457373 -0.36616385104015142 -0.90518319725275787
    outer loop
      vertex 21.294797897338867 -1.3482873439788818 0.5844457745552063
      vertex 21.070709228515625 -1.4206715822219849 0.56030404567718506
      vertex 21.539285659790039 -0.68521881103515625 0.37450757622718811
    endloop
  endfacet
  facet normal 0.34045586544368422 -0.8119529162708452 -0.47415426334080518
    outer loop
      vertex 22.853277206420898 -0.80933213233947754 0.79992634057998657
      vertex 23.197738647460938 -0.62309080362319946 0.72833514213562012
      vertex 23.281076431274414 -0.67313772439956665 0.87387549877166748
    endloop
  endfacet
  facet normal 0.34292364281803139 -0.76792179282425821 -0.5410170933547187
    outer loop
      vertex 22.535573959350586 -0.91404682397842407 0.74718260765075684
      vertex 22.95335578918457 -0.6573675274848938 0.64766198396682739
      vertex 22.853277206420898 -0.80933213233947754 0.79992634057998657
    endloop
  endfacet
  facet normal 0.32006401221834924 -0.88016754016503318 -0.35051979875968042
    outer loop
      vertex 24.092029571533203 -0.39015030860900879 0.92785346508026123
      vertex 24.410804748535156 -0.30144664645195007 0.9961930513381958
      vertex 23.846469879150391 -0.4978959858417511 0.97418302297592163
    endloop
  endfacet
  facet normal 0.31550801959131841 -0.92451449031914379 -0.21384023654003478
    outer loop
      vertex 25.055301666259766 -0.11489148437976837 1.1150813102722168
      vertex 25.5 0 1.2744855880737305
      vertex 24.576946258544922 -0.27603927254676819 1.1060020923614502
    endloop
  endfacet
  facet normal 0.32513407195156152 -0.90227890214826056 -0.28316182298171222
    outer loop
      vertex 24.410804748535156 -0.30144664645195007 0.9961930513381958
      vertex 24.576946258544922 -0.27603927254676819 1.1060020923614502
      vertex 23.846469879150391 -0.4978959858417511 0.97418302297592163
    endloop
  endfacet
  facet normal 0.3341596923268868 -0.86834822350646779 -0.3664814630471257
    outer loop
      vertex 23.281076431274414 -0.67313772439956665 0.87387549877166748
      vertex 23.783388137817383 -0.4758111834526062 0.86433660984039307
      vertex 23.846469879150391 -0.4978959858417511 0.97418302297592163
    endloop
  endfacet
  facet normal 0.053479208449647118 -0.11220685436231068 -0.99224472591075752
    outer loop
      vertex 17.693397521972656 -2.2191827297210693 0.32880711555480957
      vertex 17.4649658203125 -2.2553937435150146 0.32059016823768616
      vertex 17.303396224975586 -1.6772907972335815 0.2465079128742218
    endloop
  endfacet
  facet normal 0.40072863721670682 -0.89646140315973677 -0.18913886950946016
    outer loop
      vertex 22.539852142333984 -1.0102064609527588 1.3620240688323975
      vertex 22.287639617919922 -1.0502982139587402 1.0176841020584106
      vertex 22.365711212158203 -1.0181705951690674 1.0308191776275635
    endloop
  endfacet
  facet normal 0.43513186845023949 -0.876078584424407 -0.20771752687708092
    outer loop
      vertex 22.539852142333984 -1.0102064609527588 1.3620240688323975
      vertex 22.365711212158203 -1.0181705951690674 1.0308191776275635
      vertex 22.624959945678711 -0.97192370891571045 1.3788470029830933
    endloop
  endfacet
  facet normal 0.39794672595566277 -0.90020891642148138 -0.17681151007904169
    outer loop
      vertex 22.624959945678711 -0.97192370891571045 1.3788470029830933
      vertex 22.365711212158203 -1.0181705951690674 1.0308191776275635
      vertex 22.44801139831543 -0.98456835746765137 1.0449701547622681
    endloop
  endfacet
  facet normal 0.43341083536345393 -0.87953745317615795 -0.19638970505082737
    outer loop
      vertex 22.624959945678711 -0.97192370891571045 1.3788470029830933
      vertex 22.44801139831543 -0.98456835746765137 1.0449701547622681
      vertex 22.713186264038086 -0.93240815401077271 1.3965812921524048
    endloop
  endfacet
  facet normal 0.39748320941345777 -0.89321932989737429 -0.21015786193255437
    outer loop
      vertex 22.341146469116211 -1.0989925861358643 1.3239912986755371
      vertex 22.106657028198242 -1.1243463754653931 0.98824787139892578
      vertex 22.196821212768555 -1.0876349210739136 1.0027482509613037
    endloop
  endfacet
  facet normal 0.43121502746514123 -0.87383986986336581 -0.22462742914749656
    outer loop
      vertex 22.341146469116211 -1.0989925861358643 1.3239912986755371
      vertex 22.196821212768555 -1.0876349210739136 1.0027482509613037
      vertex 22.44007682800293 -1.0549830198287964 1.3427020311355591
    endloop
  endfacet
  facet normal 0.40055528286629583 -0.89401026451327081 -0.20075136939212582
    outer loop
      vertex 22.44007682800293 -1.0549830198287964 1.3427020311355591
      vertex 22.196821212768555 -1.0876349210739136 1.0027482509613037
      vertex 22.287639617919922 -1.0502982139587402 1.0176841020584106
    endloop
  endfacet
  facet normal 0.43430084079588155 -0.87441342423861035 -0.21629596204113027
    outer loop
      vertex 22.44007682800293 -1.0549830198287964 1.3427020311355591
      vertex 22.287639617919922 -1.0502982139587402 1.0176841020584106
      vertex 22.539852142333984 -1.0102064609527588 1.3620240688323975
    endloop
  endfacet
  facet normal 0.26210651901981025 -0.95616386920788421 0.13057881875988162
    outer loop
      vertex 25.070198059082031 -0.09435262531042099 1.4463152885437012
      vertex 24.576946258544922 -0.27603927254676819 1.1060020923614502
      vertex 25.5 0 1.2744855880737305
    endloop
  endfacet
  facet normal 0.28310890712619685 -0.95617376736019211 0.074706581490708052
    outer loop
      vertex 24.180995941162109 -0.36939612030982971 1.351136326789856
      vertex 23.281076431274414 -0.67313772439956665 0.87387549877166748
      vertex 23.846469879150391 -0.4978959858417511 0.97418302297592163
    endloop
  endfacet
  facet normal 0.27617158309301687 -0.95765774096037848 0.081368961346212548
    outer loop
      vertex 23.846469879150391 -0.4978959858417511 0.97418302297592163
      vertex 24.576946258544922 -0.27603927254676819 1.1060020923614502
      vertex 24.180995941162109 -0.36939612030982971 1.351136326789856
    endloop
  endfacet
  facet normal 0.33664155960930675 -0.93696990454888252 -0.0935941147373653
    outer loop
      vertex 22.535573959350586 -0.91404682397842407 0.74718260765075684
      vertex 23.425329208374023 -0.73412305116653442 2.1462602615356445
      vertex 22.30047607421875 -0.99484944343566895 0.71049124002456665
    endloop
  endfacet
  facet normal 0.35043186434824536 -0.92806791915172493 -0.12604541201805064
    outer loop
      vertex 22.44801139831543 -0.98456835746765137 1.0449701547622681
      vertex 22.120491027832031 -1.0593075752258301 0.68469917774200439
      vertex 22.30047607421875 -0.99484944343566895 0.71049124002456665
    endloop
  endfacet
  facet normal 0.35623176758947345 -0.92344755106568621 -0.14263081080491163
    outer loop
      vertex 21.968124389648438 -1.1149888038635254 0.66465342044830322
      vertex 22.120491027832031 -1.0593075752258301 0.68469917774200439
      vertex 22.365711212158203 -1.0181705951690674 1.0308191776275635
    endloop
  endfacet
  facet normal 0.40141956638302501 -0.89390078126946038 -0.1995087090096882
    outer loop
      vertex 21.968124389648438 -1.1149888038635254 0.66465342044830322
      vertex 22.365711212158203 -1.0181705951690674 1.0308191776275635
      vertex 22.287639617919922 -1.0502982139587402 1.0176841020584106
    endloop
  endfacet
  facet normal 0.34888320870529205 -0.92874648079010547 -0.12534145803960417
    outer loop
      vertex 22.44801139831543 -0.98456835746765137 1.0449701547622681
      vertex 22.30047607421875 -0.99484944343566895 0.71049124002456665
      vertex 22.713186264038086 -0.93240815401077271 1.3965812921524048
    endloop
  endfacet
  facet normal 0.29963692388271912 -0.95377173985094332 0.02317718938539106
    outer loop
      vertex 22.853277206420898 -0.80933213233947754 0.79992634057998657
      vertex 23.281076431274414 -0.67313772439956665 0.87387549877166748
      vertex 24.090463638305664 -0.38349261879920959 2.3293161392211914
    endloop
  endfacet
  facet normal 0.49864498496359666 -0.85066138588439599 -0.16651842401336001
    outer loop
      vertex 22.853277206420898 -0.80933213233947754 0.79992634057998657
      vertex 24.090463638305664 -0.38349261879920959 2.3293161392211914
      vertex 23.752725601196289 -0.56278049945831299 2.2338426113128662
    endloop
  endfacet
  facet normal 0.34212952461584961 -0.91688198326516035 -0.20560840729376575
    outer loop
      vertex 21.519031524658203 -1.2732433080673218 0.60986262559890747
      vertex 21.743457794189453 -1.1954928636550903 0.63658756017684937
      vertex 22.498048782348633 -1.2030903100967407 1.9260962009429932
    endloop
  endfacet
  facet normal 0.46600043580588263 -0.831542519843815 -0.30229229484147668
    outer loop
      vertex 21.519031524658203 -1.2732433080673218 0.60986262559890747
      vertex 22.498048782348633 -1.2030903100967407 1.9260962009429932
      vertex 22.205020904541016 -1.3452376127243042 1.8653947114944458
    endloop
  endfacet
  facet normal 0.32208837123729778 -0.90965864511025174 -0.26225985298914045
    outer loop
      vertex 21.070709228515625 -1.4206715822219849 0.56030404567718506
      vertex 21.294797897338867 -1.3482873439788818 0.5844457745552063
      vertex 21.918979644775391 -1.480707049369812 1.8103231191635132
    endloop
  endfacet
  facet normal 0.44328606483279409 -0.82913404714301087 -0.34063792594675479
    outer loop
      vertex 21.070709228515625 -1.4206715822219849 0.56030404567718506
      vertex 21.918979644775391 -1.480707049369812 1.8103231191635132
      vertex 21.639335632324219 -1.6097368001937866 1.7604774236679077
    endloop
  endfacet
  facet normal 0.31151449019877703 -0.90486446444348845 -0.29013621522242722
    outer loop
      vertex 20.846714019775391 -1.4904431104660034 0.53740453720092773
      vertex 21.070709228515625 -1.4206715822219849 0.56030404567718506
      vertex 21.639335632324219 -1.6097368001937866 1.7604774236679077
    endloop
  endfacet
  facet normal 0.43046856491829061 -0.82783105715125138 -0.35971176715952591
    outer loop
      vertex 20.846714019775391 -1.4904431104660034 0.53740453720092773
      vertex 21.639335632324219 -1.6097368001937866 1.7604774236679077
      vertex 21.36552619934082 -1.7325596809387207 1.7154698371887207
    endloop
  endfacet
  facet normal 0.33230420408552719 -0.91369523062571223 -0.23395499883291795
    outer loop
      vertex 21.294797897338867 -1.3482873439788818 0.5844457745552063
      vertex 21.519031524658203 -1.2732433080673218 0.60986262559890747
      vertex 22.205020904541016 -1.3452376127243042 1.8653947114944458
    endloop
  endfacet
  facet normal 0.45515095586456045 -0.83036726452794707 -0.32144643935802319
    outer loop
      vertex 21.294797897338867 -1.3482873439788818 0.5844457745552063
      vertex 22.205020904541016 -1.3452376127243042 1.8653947114944458
      vertex 21.918979644775391 -1.480707049369812 1.8103231191635132
    endloop
  endfacet
  facet normal 0.28952356585550754 -0.89347929570621798 -0.34332324849714491
    outer loop
      vertex 20.398815155029297 -1.6223355531692505 0.49520045518875122
      vertex 20.622766494750977 -1.557648777961731 0.51571434736251831
      vertex 21.097023010253906 -1.8494036197662354 1.6749290227890015
    endloop
  endfacet
  facet normal 0.40235829108479182 -0.82496410658305241 -0.39691564399120421
    outer loop
      vertex 20.398815155029297 -1.6223355531692505 0.49520045518875122
      vertex 21.097023010253906 -1.8494036197662354 1.6749290227890015
      vertex 20.833320617675781 -1.9604912996292114 1.63849937915802
    endloop
  endfacet
  facet normal 0.26684677754496977 -0.88061562586834341 -0.39154682579529537
    outer loop
      vertex 19.950708389282227 -1.744340181350708 0.45757013559341431
      vertex 20.174812316894531 -1.684550404548645 0.47583001852035522
      vertex 20.573942184448242 -2.0660402774810791 1.6058416366577148
    endloop
  endfacet
  facet normal 0.37171110110717653 -0.8217281814756574 -0.4319648748247934
    outer loop
      vertex 19.950708389282227 -1.744340181350708 0.45757013559341431
      vertex 20.573942184448242 -2.0660402774810791 1.6058416366577148
      vertex 20.318439483642578 -2.1662631034851074 1.5766326189041138
    endloop
  endfacet
  facet normal 0.2554256957368421 -0.873966879820255 -0.41344843322305391
    outer loop
      vertex 19.726455688476562 -1.8017518520355225 0.44038781523704529
      vertex 19.950708389282227 -1.744340181350708 0.45757013559341431
      vertex 20.318439483642578 -2.1662631034851074 1.5766326189041138
    endloop
  endfacet
  facet normal 0.35576882920574532 -0.81997562148006853 -0.44840664618619175
    outer loop
      vertex 19.726455688476562 -1.8017518520355225 0.44038781523704529
      vertex 20.318439483642578 -2.1662631034851074 1.5766326189041138
      vertex 20.066389083862305 -2.2613670825958252 1.5505653619766235
    endloop
  endfacet
  facet normal 0.27823630195542093 -0.88716252740379675 -0.36814020460237656
    outer loop
      vertex 20.174812316894531 -1.684550404548645 0.47583001852035522
      vertex 20.398815155029297 -1.6223355531692505 0.49520045518875122
      vertex 20.833320617675781 -1.9604912996292114 1.63849937915802
    endloop
  endfacet
  facet normal 0.38728628582010344 -0.82339305433299403 -0.41476886441951316
    outer loop
      vertex 20.174812316894531 -1.684550404548645 0.47583001852035522
      vertex 20.833320617675781 -1.9604912996292114 1.63849937915802
      vertex 20.573942184448242 -2.0660402774810791 1.6058416366577148
    endloop
  endfacet
  facet normal 0.30064075353285025 -0.89942600562626618 -0.31725068592263128
    outer loop
      vertex 20.622766494750977 -1.557648777961731 0.51571434736251831
      vertex 20.846714019775391 -1.4904431104660034 0.53740453720092773
      vertex 21.36552619934082 -1.7325596809387207 1.7154698371887207
    endloop
  endfacet
  facet normal 0.41679297805226795 -0.82644216266300019 -0.37851943836377122
    outer loop
      vertex 20.622766494750977 -1.557648777961731 0.51571434736251831
      vertex 21.36552619934082 -1.7325596809387207 1.7154698371887207
      vertex 21.097023010253906 -1.8494036197662354 1.6749290227890015
    endloop
  endfacet
  facet normal 0.35152315712124715 -0.91928059645186611 -0.17707245690567569
    outer loop
      vertex 22.106657028198242 -1.1243463754653931 0.98824787139892578
      vertex 21.743457794189453 -1.1954928636550903 0.63658756017684937
      vertex 21.968124389648438 -1.1149888038635254 0.66465342044830322
    endloop
  endfacet
  facet normal 0.24403323967137885 -0.86733262161616809 -0.43379937922490885
    outer loop
      vertex 19.502004623413086 -1.8568322658538818 0.42425021529197693
      vertex 19.726455688476562 -1.8017518520355225 0.44038781523704529
      vertex 20.066389083862305 -2.2613670825958252 1.5505653619766235
    endloop
  endfacet
  facet normal 0.33960745250459223 -0.8181385144344927 -0.46402171220995936
    outer loop
      vertex 19.502004623413086 -1.8568322658538818 0.42425021529197693
      vertex 20.066389083862305 -2.2613670825958252 1.5505653619766235
      vertex 19.817399978637695 -2.3515543937683105 1.5273491144180298
    endloop
  endfacet
  facet normal 0.2836749430303771 -0.95397784939425656 0.097235742203274647
    outer loop
      vertex 24.502864837646484 -0.18843770027160645 2.1652278900146484
      vertex 24.471591949462891 -0.27820196747779846 1.3757878541946411
      vertex 24.771181106567383 -0.18627625703811646 1.4036495685577393
    endloop
  endfacet
  facet normal 0.36343321740162177 -0.92313881427110656 0.12542338727382912
    outer loop
      vertex 24.502864837646484 -0.18843770027160645 2.1652278900146484
      vertex 24.771181106567383 -0.18627625703811646 1.4036495685577393
      vertex 24.653627395629883 -0.11994929611682892 2.2324576377868652
    endloop
  endfacet
  facet normal 0.23272617604236157 -0.86080903808086984 -0.45259952158943689
    outer loop
      vertex 19.277305603027344 -1.9096283912658691 0.40912434458732605
      vertex 19.502004623413086 -1.8568322658538818 0.42425021529197693
      vertex 19.817399978637695 -2.3515543937683105 1.5273491144180298
    endloop
  endfacet
  facet normal 0.32336451542729189 -0.81622672607754998 -0.47875810363814958
    outer loop
      vertex 19.277305603027344 -1.9096283912658691 0.40912434458732605
      vertex 19.817399978637695 -2.3515543937683105 1.5273491144180298
      vertex 19.57110595703125 -2.4370222091674805 1.5067089796066284
    endloop
  endfacet
  facet normal 0.28302725154337505 -0.95357803281004261 0.10288104891539807
    outer loop
      vertex 24.771181106567383 -0.18627625703811646 1.4036495685577393
      vertex 24.471591949462891 -0.27820196747779846 1.3757878541946411
      vertex 24.576946258544922 -0.27603927254676819 1.1060020923614502
    endloop
  endfacet
  facet normal 0.28959480929259479 -0.95132130440139395 0.10546384320142978
    outer loop
      vertex 24.180995941162109 -0.36939612030982971 1.351136326789856
      vertex 24.576946258544922 -0.27603927254676819 1.1060020923614502
      vertex 24.471591949462891 -0.27820196747779846 1.3757878541946411
    endloop
  endfacet
  facet normal 0.37100283294561598 -0.92422184743854452 0.090392890558997741
    outer loop
      vertex 24.471591949462891 -0.27820196747779846 1.3757878541946411
      vertex 24.502864837646484 -0.18843770027160645 2.1652278900146484
      vertex 24.333702087402344 -0.26344311237335205 2.0926361083984375
    endloop
  endfacet
  facet normal 0.29268684674968548 -0.95318929943280084 0.075924760036054792
    outer loop
      vertex 24.471591949462891 -0.27820196747779846 1.3757878541946411
      vertex 24.333702087402344 -0.26344311237335205 2.0926361083984375
      vertex 24.180995941162109 -0.36939612030982971 1.351136326789856
    endloop
  endfacet
  facet normal 0.27829781331881132 -0.9545973041895689 0.1062747097666043
    outer loop
      vertex 24.771181106567383 -0.18627625703811646 1.4036495685577393
      vertex 24.576946258544922 -0.27603927254676819 1.1060020923614502
      vertex 25.070198059082031 -0.09435262531042099 1.4463152885437012
    endloop
  endfacet
  facet normal 0.39778792115329448 -0.90067587750854894 -0.17477909903288183
    outer loop
      vertex 22.44801139831543 -0.98456835746765137 1.0449701547622681
      vertex 22.365711212158203 -1.0181705951690674 1.0308191776275635
      vertex 22.120491027832031 -1.0593075752258301 0.68469917774200439
    endloop
  endfacet
  facet normal 0.31249668113367424 -0.94979667793629874 0.015234659878371627
    outer loop
      vertex 23.281076431274414 -0.67313772439956665 0.87387549877166748
      vertex 24.180995941162109 -0.36939612030982971 1.351136326789856
      vertex 24.090463638305664 -0.38349261879920959 2.3293161392211914
    endloop
  endfacet
  facet normal 0.40041555615787983 -0.89458085100003681 -0.19847539749506912
    outer loop
      vertex 22.196821212768555 -1.0876349210739136 1.0027482509613037
      vertex 21.968124389648438 -1.1149888038635254 0.66465342044830322
      vertex 22.287639617919922 -1.0502982139587402 1.0176841020584106
    endloop
  endfacet
  facet normal 0.31832755368401827 -0.9472662108899228 -0.03680073738115313
    outer loop
      vertex 22.535573959350586 -0.91404682397842407 0.74718260765075684
      vertex 22.853277206420898 -0.80933213233947754 0.79992634057998657
      vertex 23.752725601196289 -0.56278049945831299 2.2338426113128662
    endloop
  endfacet
  facet normal 0.26138452301920956 -0.95664161098399503 0.12851054143519516
    outer loop
      vertex 24.789987564086914 -0.058711331337690353 2.281566858291626
      vertex 25.070198059082031 -0.09435262531042099 1.4463152885437012
      vertex 25.5 0 1.2744855880737305
    endloop
  endfacet
  facet normal 0.34659971100350029 -0.91839913227663295 0.19081843245823413
    outer loop
      vertex 24.789987564086914 -0.058711331337690353 2.281566858291626
      vertex 25.5 0 1.2744855880737305
      vertex 25.149999618530273 0 1.9102209806442261
    endloop
  endfacet
  facet normal 0.22155617864509172 -0.85447212917340187 -0.46988321971534341
    outer loop
      vertex 19.052312850952148 -1.9601871967315674 0.39497733116149902
      vertex 19.277305603027344 -1.9096283912658691 0.40912434458732605
      vertex 19.57110595703125 -2.4370222091674805 1.5067089796066284
    endloop
  endfacet
  facet normal 0.30717326691646823 -0.81425077295985759 -0.49258528482501274
    outer loop
      vertex 19.052312850952148 -1.9601871967315674 0.39497733116149902
      vertex 19.57110595703125 -2.4370222091674805 1.5067089796066284
      vertex 19.327169418334961 -2.5179622173309326 1.4883866310119629
    endloop
  endfacet
  facet normal 0.2105559155383539 -0.84838234436739268 -0.4857093824474592
    outer loop
      vertex 18.826972961425781 -2.0085554122924805 0.38177621364593506
      vertex 19.052312850952148 -1.9601871967315674 0.39497733116149902
      vertex 19.327169418334961 -2.5179622173309326 1.4883866310119629
    endloop
  endfacet
  facet normal 0.29116024671862861 -0.81221887403754633 -0.50549600531352179
    outer loop
      vertex 18.826972961425781 -2.0085554122924805 0.38177621364593506
      vertex 19.327169418334961 -2.5179622173309326 1.4883866310119629
      vertex 19.085281372070312 -2.5945613384246826 1.4721393585205078
    endloop
  endfacet
  facet normal 0.18921183459762952 -0.83707600855170161 -0.51332507980357922
    outer loop
      vertex 18.375066757202148 -2.0989084243774414 0.35808002948760986
      vertex 18.601240158081055 -2.0547802448272705 0.36948809027671814
      vertex 18.845157623291016 -2.6670012474060059 1.4577411413192749
    endloop
  endfacet
  facet normal 0.26008721549205449 -0.80803238611691042 -0.52861924229430191
    outer loop
      vertex 18.375066757202148 -2.0989084243774414 0.35808002948760986
      vertex 18.845157623291016 -2.6670012474060059 1.4577411413192749
      vertex 18.606542587280273 -2.7354586124420166 1.444981575012207
    endloop
  endfacet
  facet normal 0.17890752572725227 -0.83189351778019682 -0.52530493269475576
    outer loop
      vertex 18.148399353027344 -2.1409869194030762 0.3475191593170166
      vertex 18.375066757202148 -2.0989084243774414 0.35808002948760986
      vertex 18.606542587280273 -2.7354586124420166 1.444981575012207
    endloop
  endfacet
  facet normal 0.24520816494113359 -0.80589192978113799 -0.53889809181313242
    outer loop
      vertex 18.148399353027344 -2.1409869194030762 0.3475191593170166
      vertex 18.606542587280273 -2.7354586124420166 1.444981575012207
      vertex 18.369213104248047 -2.8001046180725098 1.4336669445037842
    endloop
  endfacet
  facet normal 0.19976686968684301 -0.84257550148463844 -0.50015969657043524
    outer loop
      vertex 18.601240158081055 -2.0547802448272705 0.36948809027671814
      vertex 18.826972961425781 -2.0085554122924805 0.38177621364593506
      vertex 19.085281372070312 -2.5945613384246826 1.4721393585205078
    endloop
  endfacet
  facet normal 0.27543203399458099 -0.81014340459571133 -0.51749865568876352
    outer loop
      vertex 18.601240158081055 -2.0547802448272705 0.36948809027671814
      vertex 19.085281372070312 -2.5945613384246826 1.4721393585205078
      vertex 18.845157623291016 -2.6670012474060059 1.4577411413192749
    endloop
  endfacet
  facet normal 0.15912518658324165 -0.82245460224937372 -0.5461205015687226
    outer loop
      vertex 17.693397521972656 -2.2191827297210693 0.32880711555480957
      vertex 17.921194076538086 -2.1810626983642578 0.33777248859405518
      vertex 18.132968902587891 -2.8611056804656982 1.423619270324707
    endloop
  endfacet
  facet normal 0.21707775985300562 -0.80154962708045063 -0.55713144006095283
    outer loop
      vertex 17.693397521972656 -2.2191827297210693 0.32880711555480957
      vertex 18.132968902587891 -2.8611056804656982 1.423619270324707
      vertex 17.897638320922852 -2.9186229705810547 1.4146769046783447
    endloop
  endfacet
  facet normal 0.13994417488598712 -0.80870779611936439 -0.57132068789012058
    outer loop
      vertex 17.235845565795898 -2.2897427082061768 0.31308865547180176
      vertex 17.4649658203125 -2.2553937435150146 0.32059016823768616
      vertex 17.429172515869141 -3.0238251686096191 1.3995418548583984
    endloop
  endfacet
  facet normal 0.18026190131826222 -0.79984069032675531 -0.57250372665227678
    outer loop
      vertex 17.235845565795898 -2.2897427082061768 0.31308865547180176
      vertex 17.429172515869141 -3.0238251686096191 1.3995418548583984
      vertex 17.195835113525391 -3.0718066692352295 1.3931064605712891
    endloop
  endfacet
  facet normal 0.13113104321093166 -0.80525597615133571 -0.57824515767879314
    outer loop
      vertex 17.005989074707031 -2.3222768306732178 0.30626970529556274
      vertex 17.235845565795898 -2.2897427082061768 0.31308865547180176
      vertex 17.195835113525391 -3.0718066692352295 1.3931064605712891
    endloop
  endfacet
  facet normal 0.16888996289368838 -0.79735757557807918 -0.57939371510400117
    outer loop
      vertex 17.005989074707031 -2.3222768306732178 0.30626970529556274
      vertex 17.195835113525391 -3.0718066692352295 1.3931064605712891
      vertex 16.963003158569336 -3.1168975830078125 1.3872910737991333
    endloop
  endfacet
  facet normal 0.14966587513919719 -0.81816914165723953 -0.55515707818479099
    outer loop
      vertex 17.4649658203125 -2.2553937435150146 0.32059016823768616
      vertex 17.693397521972656 -2.2191827297210693 0.32880711555480957
      vertex 17.897638320922852 -2.9186229705810547 1.4146769046783447
    endloop
  endfacet
  facet normal 0.20390709778637223 -0.79935481535162689 -0.56520241917962932
    outer loop
      vertex 17.4649658203125 -2.2553937435150146 0.32059016823768616
      vertex 17.897638320922852 -2.9186229705810547 1.4146769046783447
      vertex 17.663078308105469 -2.9728124141693115 1.4066941738128662
    endloop
  endfacet
  facet normal 0.16887714821705474 -0.82702283480946026 -0.53620307674779244
    outer loop
      vertex 17.921194076538086 -2.1810626983642578 0.33777248859405518
      vertex 18.148399353027344 -2.1409869194030762 0.3475191593170166
      vertex 18.369213104248047 -2.8001046180725098 1.4336669445037842
    endloop
  endfacet
  facet normal 0.23085578822907005 -0.80372969402335437 -0.54838324553751638
    outer loop
      vertex 17.921194076538086 -2.1810626983642578 0.33777248859405518
      vertex 18.369213104248047 -2.8001046180725098 1.4336669445037842
      vertex 18.132968902587891 -2.8611056804656982 1.423619270324707
    endloop
  endfacet
  facet normal 0.11867867896764518 -0.80229098763286322 -0.58501670260051508
    outer loop
      vertex 16.543876647949219 -2.382087230682373 0.29454773664474487
      vertex 17.005989074707031 -2.3222768306732178 0.30626970529556274
      vertex 16.963003158569336 -3.1168975830078125 1.3872910737991333
    endloop
  endfacet
  facet normal 0.15746577510415369 -0.79045451350229812 -0.59193427992868719
    outer loop
      vertex 16.543876647949219 -2.382087230682373 0.29454773664474487
      vertex 16.963003158569336 -3.1168975830078125 1.3872910737991333
      vertex 16.730648040771484 -3.159233570098877 1.3820146322250366
    endloop
  endfacet
  facet normal 0.10282910838090688 -0.79610087675528163 -0.59636362103926133
    outer loop
      vertex 16.078235626220703 -2.4352004528045654 0.28516089916229248
      vertex 16.543876647949219 -2.382087230682373 0.29454773664474487
      vertex 16.498760223388672 -3.1989448070526123 1.3772122859954834
    endloop
  endfacet
  facet normal 0.13779606487000293 -0.78595500058773871 -0.60273292722189131
    outer loop
      vertex 16.078235626220703 -2.4352004528045654 0.28516089916229248
      vertex 16.498760223388672 -3.1989448070526123 1.3772122859954834
      vertex 16.267366409301758 -3.2361569404602051 1.3728353977203369
    endloop
  endfacet
  facet normal 0.075094228588380038 -0.78900896939844622 -0.60977512497765751
    outer loop
      vertex 15.134806632995605 -2.5228366851806641 0.2723391056060791
      vertex 15.608675956726074 -2.4819917678833008 0.27784579992294312
      vertex 15.806270599365234 -3.3035588264465332 1.3652335405349731
    endloop
  endfacet
  facet normal 0.10799622446140426 -0.77636748931333999 -0.62095920722651565
    outer loop
      vertex 15.134806632995605 -2.5228366851806641 0.2723391056060791
      vertex 15.806270599365234 -3.3035588264465332 1.3652335405349731
      vertex 15.347824096679688 -3.3623523712158203 1.3590091466903687
    endloop
  endfacet
  facet normal 0.088207182788452895 -0.79040572683393795 -0.60619986794178593
    outer loop
      vertex 15.608675956726074 -2.4819917678833008 0.27784579992294312
      vertex 16.078235626220703 -2.4352004528045654 0.28516089916229248
      vertex 16.036516189575195 -3.2709896564483643 1.3688507080078125
    endloop
  endfacet
  facet normal 0.120160457900288 -0.78146742780417111 -0.61226638290724877
    outer loop
      vertex 15.608675956726074 -2.4819917678833008 0.27784579992294312
      vertex 16.036516189575195 -3.2709896564483643 1.3688507080078125
      vertex 15.806270599365234 -3.3035588264465332 1.3652335405349731
    endloop
  endfacet
  facet normal 0.05126069384017274 -0.77290665207090137 -0.63244576720187995
    outer loop
      vertex 14.14213752746582 -2.5899064540863037 0.26556625962257385
      vertex 14.656235694885254 -2.5581107139587402 0.2683773934841156
      vertex 14.44050407409668 -3.4574735164642334 1.3499957323074341
    endloop
  endfacet
  facet normal 0.069412064893793354 -0.76957407536042477 -0.63477374534579434
    outer loop
      vertex 14.14213752746582 -2.5899064540863037 0.26556625962257385
      vertex 14.44050407409668 -3.4574735164642334 1.3499957323074341
      vertex 13.992284774780273 -3.4953377246856689 1.3468883037567139
    endloop
  endfacet
  facet normal 0.032145874373209413 -0.76511935034513257 -0.6430855483434722
    outer loop
      vertex 13.094820976257324 -2.6377010345458984 0.26302120089530945
      vertex 13.621822357177734 -2.6162865161895752 0.26388618350028992
      vertex 13.548019409179688 -3.5276658535003662 1.3445223569869995
    endloop
  endfacet
  facet normal 0.049970118542409396 -0.76082973528257591 -0.64702480722357381
    outer loop
      vertex 13.094820976257324 -2.6377010345458984 0.26302120089530945
      vertex 13.548019409179688 -3.5276658535003662 1.3445223569869995
      vertex 13.107874870300293 -3.5550827980041504 1.3427690267562866
    endloop
  endfacet
  facet normal 0.02454219610097744 -0.76170400090025714 -0.64746018844642672
    outer loop
      vertex 12.560665130615234 -2.6546006202697754 0.2626553475856781
      vertex 13.094820976257324 -2.6377010345458984 0.26302120089530945
      vertex 13.107874870300293 -3.5550827980041504 1.3427690267562866
    endloop
  endfacet
  facet normal 0.041940907835425367 -0.75685678291229874 -0.65223367776402486
    outer loop
      vertex 12.560665130615234 -2.6546006202697754 0.2626553475856781
      vertex 13.107874870300293 -3.5550827980041504 1.3427690267562866
      vertex 12.671953201293945 -3.5781562328338623 1.3415123224258423
    endloop
  endfacet
  facet normal 0.041041516080043541 -0.76885567100780394 -0.63810387173013694
    outer loop
      vertex 13.621822357177734 -2.6162865161895752 0.26388618350028992
      vertex 14.14213752746582 -2.5899064540863037 0.26556625962257385
      vertex 13.992284774780273 -3.4953377246856689 1.3468883037567139
    endloop
  endfacet
  facet normal 0.059088071127473371 -0.76508304478428724 -0.6412148894357016
    outer loop
      vertex 13.621822357177734 -2.6162865161895752 0.26388618350028992
      vertex 13.992284774780273 -3.4953377246856689 1.3468883037567139
      vertex 13.548019409179688 -3.5276658535003662 1.3445223569869995
    endloop
  endfacet
  facet normal 0.062476068164686989 -0.77732028214398474 -0.62599514365071363
    outer loop
      vertex 14.656235694885254 -2.5581107139587402 0.2683773934841156
      vertex 15.134806632995605 -2.5228366851806641 0.2723391056060791
      vertex 14.892449378967285 -3.4133918285369873 1.3539849519729614
    endloop
  endfacet
  facet normal 0.081060830638668424 -0.77427330683854823 -0.62763842142866666
    outer loop
      vertex 14.656235694885254 -2.5581107139587402 0.2683773934841156
      vertex 14.892449378967285 -3.4133918285369873 1.3539849519729614
      vertex 14.44050407409668 -3.4574735164642334 1.3499957323074341
    endloop
  endfacet
  facet normal 0.013139006527784103 -0.75575040588856357 -0.6547279515239397
    outer loop
      vertex 11.586918830871582 -2.674968957901001 0.26278215646743774
      vertex 12.075486183166504 -2.6662817001342773 0.26255899667739868
      vertex 12.240290641784668 -3.597395658493042 1.3406481742858887
    endloop
  endfacet
  facet normal 0.028724238786194501 -0.75078293384762063 -0.6599241656048922
    outer loop
      vertex 11.586918830871582 -2.674968957901001 0.26278215646743774
      vertex 12.240290641784668 -3.597395658493042 1.3406481742858887
      vertex 11.812861442565918 -3.6132535934448242 1.3400849103927612
    endloop
  endfacet
  facet normal 0.003577590671513376 -0.75088886053996418 -0.66041889733863723
    outer loop
      vertex 10.610607147216797 -2.684473991394043 0.26487573981285095
      vertex 11.097709655761719 -2.6809406280517578 0.26349705457687378
      vertex 11.389573097229004 -3.6261255741119385 1.3397427797317505
    endloop
  endfacet
  facet normal 0.018472757396537927 -0.74537818662665878 -0.66638586129608313
    outer loop
      vertex 10.610607147216797 -2.684473991394043 0.26487573981285095
      vertex 11.389573097229004 -3.6261255741119385 1.3397427797317505
      vertex 10.970272064208984 -3.6363489627838135 1.3395546674728394
    endloop
  endfacet
  facet normal -0.00091158671487346894 -0.74873357264053664 -0.66287042942840591
    outer loop
      vertex 10.128357887268066 -2.6858475208282471 0.26709038019180298
      vertex 10.610607147216797 -2.684473991394043 0.26487573981285095
      vertex 10.970272064208984 -3.6363489627838135 1.3395546674728394
    endloop
  endfacet
  facet normal 0.014184882501325175 -0.74275005311135744 -0.6694185146166034
    outer loop
      vertex 10.128357887268066 -2.6858475208282471 0.26709038019180298
      vertex 10.970272064208984 -3.6363489627838135 1.3395546674728394
      vertex 10.55473804473877 -3.6442043781280518 1.3394654989242554
    endloop
  endfacet
  facet normal 0.0082330282247810426 -0.75320413960814725 -0.65773531251058792
    outer loop
      vertex 11.097709655761719 -2.6809406280517578 0.26349705457687378
      vertex 11.586918830871582 -2.674968957901001 0.26278215646743774
      vertex 11.812861442565918 -3.6132535934448242 1.3400849103927612
    endloop
  endfacet
  facet normal 0.023283358907349557 -0.74803211668194991 -0.66325397670146935
    outer loop
      vertex 11.097709655761719 -2.6809406280517578 0.26349705457687378
      vertex 11.812861442565918 -3.6132535934448242 1.3400849103927612
      vertex 11.389573097229004 -3.6261255741119385 1.3397427797317505
    endloop
  endfacet
  facet normal -0.0097173639226953209 -0.74464702653469117 -0.66738772742045305
    outer loop
      vertex 9.6537103652954102 -2.6853387355804443 0.2703130841255188
      vertex 10.142687797546387 -3.6499147415161133 1.3394323587417603
      vertex 9.1894111633300781 -2.6832258701324463 0.27471596002578735
    endloop
  endfacet
  facet normal -0.019257119808767154 -0.74059984059113915 -0.67167033539754473
    outer loop
      vertex 8.7382078170776367 -2.6797866821289062 0.28047114610671997
      vertex 9.3275823593139648 -3.6555051803588867 1.3394241333007812
      vertex 8.3014955520629883 -2.6752021312713623 0.28793686628341675
    endloop
  endfacet
  facet normal -0.026580501465725281 -0.73457774931054587 -0.67800369258558124
    outer loop
      vertex 8.3014955520629883 -2.6752021312713623 0.28793686628341675
      vertex 8.5207643508911133 -3.6537549495697021 1.3395459651947021
      vertex 7.8752560615539551 -2.6692659854888916 0.29821571707725525
    endloop
  endfacet
  facet normal -0.014222417018711435 -0.73927583297708066 -0.67325252738492491
    outer loop
      vertex 9.3275823593139648 -3.6555051803588867 1.3394241333007812
      vertex 8.7382078170776367 -2.6797866821289062 0.28047114610671997
      vertex 9.1894111633300781 -2.6832258701324463 0.27471596002578735
    endloop
  endfacet
  facet normal -0.0053166673050511464 -0.74667277700210122 -0.6651702767959029
    outer loop
      vertex 9.6537103652954102 -2.6853387355804443 0.2703130841255188
      vertex 10.128357887268066 -2.6858475208282471 0.26709038019180298
      vertex 10.55473804473877 -3.6442043781280518 1.3394654989242554
    endloop
  endfacet
  facet normal 0.01031050433301714 -0.74008622943262958 -0.6724329457310908
    outer loop
      vertex 9.6537103652954102 -2.6853387355804443 0.2703130841255188
      vertex 10.55473804473877 -3.6442043781280518 1.3394654989242554
      vertex 10.142687797546387 -3.6499147415161133 1.3394323587417603
    endloop
  endfacet
  facet normal 0.018393255598154856 -0.7586000131859354 -0.65129694313945607
    outer loop
      vertex 12.075486183166504 -2.6662817001342773 0.26255899667739868
      vertex 12.560665130615234 -2.6546006202697754 0.2626553475856781
      vertex 12.671953201293945 -3.5781562328338623 1.3415123224258423
    endloop
  endfacet
  facet normal 0.034906768317127607 -0.75370313597020455 -0.65628736111122365
    outer loop
      vertex 12.075486183166504 -2.6662817001342773 0.26255899667739868
      vertex 12.671953201293945 -3.5781562328338623 1.3415123224258423
      vertex 12.240290641784668 -3.597395658493042 1.3406481742858887
    endloop
  endfacet
  facet normal -0.048381163925306517 -0.73523855286936113 -0.67607953182432645
    outer loop
      vertex 7.032712459564209 -2.6521251201629639 0.33236747980117798
      vertex 7.4541182518005371 -2.6616747379302979 0.31259635090827942
      vertex 8.1170377731323242 -3.6500711441040039 1.3400410413742065
    endloop
  endfacet
  facet normal -0.012310603051932489 -0.71706588351961764 -0.69689666934541161
    outer loop
      vertex 7.032712459564209 -2.6521251201629639 0.33236747980117798
      vertex 8.1170377731323242 -3.6500711441040039 1.3400410413742065
      vertex 7.7093567848205566 -3.6443674564361572 1.3413739204406738
    endloop
  endfacet
  facet normal -0.077430634920712435 -0.72765748892047577 -0.68155636274172016
    outer loop
      vertex 6.1676125526428223 -2.6259374618530273 0.39323598146438599
      vertex 6.6056671142578125 -2.6403136253356934 0.35881781578063965
      vertex 7.2936391830444336 -3.6364593505859375 1.3441842794418335
    endloop
  endfacet
  facet normal -0.025408352244705137 -0.6999630069455921 -0.71372698179618654
    outer loop
      vertex 6.1676125526428223 -2.6259374618530273 0.39323598146438599
      vertex 7.2936391830444336 -3.6364593505859375 1.3441842794418335
      vertex 6.8647794723510742 -3.6261029243469238 1.3492947816848755
    endloop
  endfacet
  facet normal -0.089449886630443773 -0.72009386383160157 -0.68808687318817208
    outer loop
      vertex 6.1676125526428223 -2.6259374618530273 0.39323598146438599
      vertex 6.8647794723510742 -3.6261029243469238 1.3492947816848755
      vertex 5.9427781105041504 -2.6176927089691162 0.41383573412895203
    endloop
  endfacet
  facet normal -0.062261204132954488 -0.73217852550696716 -0.67826112172699227
    outer loop
      vertex 6.6056671142578125 -2.6403136253356934 0.35881781578063965
      vertex 7.032712459564209 -2.6521251201629639 0.33236747980117798
      vertex 7.7093567848205566 -3.6443674564361572 1.3413739204406738
    endloop
  endfacet
  facet normal -0.018258787754201172 -0.70947793715840846 -0.70449107400675881
    outer loop
      vertex 6.6056671142578125 -2.6403136253356934 0.35881781578063965
      vertex 7.7093567848205566 -3.6443674564361572 1.3413739204406738
      vertex 7.2936391830444336 -3.6364593505859375 1.3441842794418335
    endloop
  endfacet
  facet normal -0.10565811140082565 -0.7112141659930068 -0.6949897650944814
    outer loop
      vertex 5.7131776809692383 -2.6086928844451904 0.43691068887710571
      vertex 6.416651725769043 -3.6129956245422363 1.3577107191085815
      vertex 5.4781394004821777 -2.598900318145752 0.46262198686599731
    endloop
  endfacet
  facet normal -0.12180881830353091 -0.6993718687175734 -0.70430220859371628
    outer loop
      vertex 5.2369918823242188 -2.5882768630981445 0.49113065004348755
      vertex 5.942108154296875 -3.596776008605957 1.3706203699111938
      vertex 4.9890642166137695 -2.576784610748291 0.52259784936904907
    endloop
  endfacet
  facet normal -0.13058790983905144 -0.68175478946103518 -0.71983137251081752
    outer loop
      vertex 4.9890642166137695 -2.576784610748291 0.52259784936904907
      vertex 5.4329795837402344 -3.5770230293273926 1.3893944025039673
      vertex 4.7336845397949219 -2.5643858909606934 0.55718457698822021
    endloop
  endfacet
  facet normal -0.11438084762416433 -0.6971652176294435 -0.70772712327878773
    outer loop
      vertex 5.942108154296875 -3.596776008605957 1.3706203699111938
      vertex 5.2369918823242188 -2.5882768630981445 0.49113065004348755
      vertex 5.4781394004821777 -2.598900318145752 0.46262198686599731
    endloop
  endfacet
  facet normal -0.097979772472753385 -0.70896574927965694 -0.69840355850648572
    outer loop
      vertex 6.416651725769043 -3.6129956245422363 1.3577107191085815
      vertex 5.7131776809692383 -2.6086928844451904 0.43691068887710571
      vertex 5.9427781105041504 -2.6176927089691162 0.41383573412895203
    endloop
  endfacet
  facet normal -0.14635939576710116 -0.66181623411810386 -0.73524023252840287
    outer loop
      vertex 4.470181941986084 -2.5510425567626953 0.59505194425582886
      vertex 4.8800754547119141 -3.5532572269439697 1.4155867099761963
      vertex 4.1978850364685059 -2.5367166996002197 0.63636106252670288
    endloop
  endfacet
  facet normal -0.16156387018694399 -0.6361172950482632 -0.75448784138029512
    outer loop
      vertex 3.9161226749420166 -2.5213704109191895 0.68127298355102539
      vertex 4.2731838226318359 -3.5249397754669189 1.4509336948394775
      vertex 3.624222993850708 -2.5049660205841064 0.72994881868362427
    endloop
  endfacet
  facet normal -0.16749708565803323 -0.63790633386035656 -0.75167827926374498
    outer loop
      vertex 3.624222993850708 -2.5049660205841064 0.72994881868362427
      vertex 4.2731838226318359 -3.5249397754669189 1.4509336948394775
      vertex 3.3215150833129883 -2.4874653816223145 0.78254967927932739
    endloop
  endfacet
  facet normal -0.15285286254168715 -0.66379127121010029 -0.73213192163577412
    outer loop
      vertex 4.8800754547119141 -3.5532572269439697 1.4155867099761963
      vertex 3.9161226749420166 -2.5213704109191895 0.68127298355102539
      vertex 4.1978850364685059 -2.5367166996002197 0.63636106252670288
    endloop
  endfacet
  facet normal -0.18407760247878086 -0.60526750375696836 -0.77444605051705973
    outer loop
      vertex 2.3418281078338623 -2.4280068874359131 0.96551305055618286
      vertex 3.0073275566101074 -2.4688305854797363 0.83923661708831787
      vertex 3.6010720729827881 -3.4914727210998535 1.4973547458648682
    endloop
  endfacet
  facet normal -0.094773823193378695 -0.53277408442143992 -0.84093382462962374
    outer loop
      vertex 2.3418281078338623 -2.4280068874359131 0.96551305055618286
      vertex 3.6010720729827881 -3.4914727210998535 1.4973547458648682
      vertex 2.8514845371246338 -3.4521989822387695 1.5569518804550171
    endloop
  endfacet
  facet normal -0.21139708665113024 -0.47073333385413407 -0.85657539081740319
    outer loop
      vertex 1.6223541498184204 -2.3821916580200195 1.1100667715072632
      vertex 1.5525157451629639 -3.3808193206787109 1.6761009693145752
      vertex 0.84353500604629517 -2.3310818672180176 1.2741866111755371
    endloop
  endfacet
  facet normal -0.22220631243672337 -0.388779806078975 -0.89413344479359913
    outer loop
      vertex 0.84353500604629517 -2.3310818672180176 1.2741866111755371
      vertex 0.54892182350158691 -3.3237683773040771 1.7790344953536987
      vertex 0 -2.2743740081787109 1.4591611623764038
    endloop
  endfacet
  facet normal -0.19718146647149615 -0.56199720442038126 -0.8032923574289913
    outer loop
      vertex 1.6223541498184204 -2.3821916580200195 1.1100667715072632
      vertex 2.3418281078338623 -2.4280068874359131 0.96551305055618286
      vertex 2.8514845371246338 -3.4521989822387695 1.5569518804550171
    endloop
  endfacet
  facet normal -0.10164122790382633 -0.48055062495025097 -0.87105691986811384
    outer loop
      vertex 1.6223541498184204 -2.3821916580200195 1.1100667715072632
      vertex 2.8514845371246338 -3.4521989822387695 1.5569518804550171
      vertex 2.443528413772583 -3.4301633834838867 1.5923984050750732
    endloop
  endfacet
  facet normal -0.17614462052406124 -0.60298790680557712 -0.77806083110940849
    outer loop
      vertex 3.6010720729827881 -3.4914727210998535 1.4973547458648682
      vertex 3.0073275566101074 -2.4688305854797363 0.83923661708831787
      vertex 3.3215150833129883 -2.4874653816223145 0.78254967927932739
    endloop
  endfacet
  facet normal -0.13759839932246817 -0.68386861534354848 -0.71651266384621037
    outer loop
      vertex 5.4329795837402344 -3.5770230293273926 1.3893944025039673
      vertex 4.470181941986084 -2.5510425567626953 0.59505194425582886
      vertex 4.7336845397949219 -2.5643858909606934 0.55718457698822021
    endloop
  endfacet
  facet normal -0.036324992404798202 -0.73732517654613849 -0.67456065624819628
    outer loop
      vertex 7.4541182518005371 -2.6616747379302979 0.31259635090827942
      vertex 7.8752560615539551 -2.6692659854888916 0.29821571707725525
      vertex 8.5207643508911133 -3.6537549495697021 1.3395459651947021
    endloop
  endfacet
  facet normal -0.0074444792218392045 -0.72304429547122917 -0.69076155547021378
    outer loop
      vertex 7.4541182518005371 -2.6616747379302979 0.31259635090827942
      vertex 8.5207643508911133 -3.6537549495697021 1.3395459651947021
      vertex 8.1170377731323242 -3.6500711441040039 1.3400410413742065
    endloop
  endfacet
  facet normal 0.39664681318395567 -0.89685922026638665 -0.19574178045113633
    outer loop
      vertex 22.106657028198242 -1.1243463754653931 0.98824787139892578
      vertex 21.968124389648438 -1.1149888038635254 0.66465342044830322
      vertex 22.196821212768555 -1.0876349210739136 1.0027482509613037
    endloop
  endfacet
  facet normal 0.27677083414434828 -0.95395755194406739 0.11559798638351608
    outer loop
      vertex 24.653627395629883 -0.11994929611682892 2.2324576377868652
      vertex 24.771181106567383 -0.18627625703811646 1.4036495685577393
      vertex 25.070198059082031 -0.09435262531042099 1.4463152885437012
    endloop
  endfacet
  facet normal 0.35630889137417793 -0.92077062770925588 0.1588251399357406
    outer loop
      vertex 24.653627395629883 -0.11994929611682892 2.2324576377868652
      vertex 25.070198059082031 -0.09435262531042099 1.4463152885437012
      vertex 24.789987564086914 -0.058711331337690353 2.281566858291626
    endloop
  endfacet
  facet normal 0.38124685916302969 -0.92222352716004397 0.064456173721474497
    outer loop
      vertex 24.502864837646484 -0.18843770027160645 2.1652278900146484
      vertex 24.439292907714844 -0.19599044322967529 2.4331817626953125
      vertex 24.333702087402344 -0.26344311237335205 2.0926361083984375
    endloop
  endfacet
  facet normal 0.38808952693898069 -0.91924365591254464 0.066163586245136727
    outer loop
      vertex 24.439292907714844 -0.19599044322967529 2.4331817626953125
      vertex 24.502864837646484 -0.18843770027160645 2.1652278900146484
      vertex 24.653627395629883 -0.11994929611682892 2.2324576377868652
    endloop
  endfacet
  facet normal 0.46599283700723138 -0.88426659214869963 0.030385356138727289
    outer loop
      vertex 24.333702087402344 -0.26344311237335205 2.0926361083984375
      vertex 24.090463638305664 -0.38349261879920959 2.3293161392211914
      vertex 24.180995941162109 -0.36939612030982971 1.351136326789856
    endloop
  endfacet
  facet normal 0.44044592568619084 -0.88772076907235364 0.13401202447550473
    outer loop
      vertex 24.653627395629883 -0.11994929611682892 2.2324576377868652
      vertex 24.799999237060547 0 2.5459563732147217
      vertex 24.439292907714844 -0.19599044322967529 2.4331817626953125
    endloop
  endfacet
  facet normal 0.34659971100350029 -0.91839913227663306 0.19081843245823416
    outer loop
      vertex 25.149999618530273 0 1.9102209806442261
      vertex 24.799999237060547 0 2.5459563732147217
      vertex 24.789987564086914 -0.058711331337690353 2.281566858291626
    endloop
  endfacet
  facet normal 0.46615128645865977 -0.88417587184165569 0.030594211641818317
    outer loop
      vertex 24.439292907714844 -0.19599044322967529 2.4331817626953125
      vertex 24.090463638305664 -0.38349261879920959 2.3293161392211914
      vertex 24.333702087402344 -0.26344311237335205 2.0926361083984375
    endloop
  endfacet
  facet normal 0.3440212700804629 -0.91930598087967619 0.19111744883992637
    outer loop
      vertex 24.653627395629883 -0.11994929611682892 2.2324576377868652
      vertex 24.789987564086914 -0.058711331337690353 2.281566858291626
      vertex 24.799999237060547 0 2.5459563732147217
    endloop
  endfacet
  facet normal 0.49658625915379956 -0.84284047539735618 -0.20741750227884315
    outer loop
      vertex 22.535573959350586 -0.91404682397842407 0.74718260765075684
      vertex 23.752725601196289 -0.56278049945831299 2.2338426113128662
      vertex 23.425329208374023 -0.73412305116653442 2.1462602615356445
    endloop
  endfacet
  facet normal 0.43454684347034223 -0.87566262376652437 -0.21067512944884606
    outer loop
      vertex 23.1075439453125 -0.89778393507003784 2.0660848617553711
      vertex 22.624959945678711 -0.97192370891571045 1.3788470029830933
      vertex 22.713186264038086 -0.93240815401077271 1.3965812921524048
    endloop
  endfacet
  facet normal 0.43386069791054344 -0.87618408611275145 -0.2099198467304568
    outer loop
      vertex 23.1075439453125 -0.89778393507003784 2.0660848617553711
      vertex 22.44007682800293 -1.0549830198287964 1.3427020311355591
      vertex 22.539852142333984 -1.0102064609527588 1.3620240688323975
    endloop
  endfacet
  facet normal 0.43539806812839205 -0.87508042780759154 -0.21133567407834111
    outer loop
      vertex 22.539852142333984 -1.0102064609527588 1.3620240688323975
      vertex 22.624959945678711 -0.97192370891571045 1.3788470029830933
      vertex 23.1075439453125 -0.89778393507003784 2.0660848617553711
    endloop
  endfacet
  facet normal 0.48459885074908371 -0.83329333781614279 -0.26605669885176547
    outer loop
      vertex 23.1075439453125 -0.89778393507003784 2.0660848617553711
      vertex 22.798675537109375 -1.0540218353271484 1.9928475618362427
      vertex 22.44007682800293 -1.0549830198287964 1.3427020311355591
    endloop
  endfacet
  facet normal 0.47513300715074974 -0.83789084269446124 -0.26867742972689546
    outer loop
      vertex 22.498048782348633 -1.2030903100967407 1.9260962009429932
      vertex 22.341146469116211 -1.0989925861358643 1.3239912986755371
      vertex 22.798675537109375 -1.0540218353271484 1.9928475618362427
    endloop
  endfacet
  facet normal 0.4319363636920413 -0.87022020158348401 -0.23695522462376145
    outer loop
      vertex 22.798675537109375 -1.0540218353271484 1.9928475618362427
      vertex 22.341146469116211 -1.0989925861358643 1.3239912986755371
      vertex 22.44007682800293 -1.0549830198287964 1.3427020311355591
    endloop
  endfacet
  facet normal 0.44134794990520171 -0.85783105397711656 -0.26332084981441328
    outer loop
      vertex 22.341146469116211 -1.0989925861358643 1.3239912986755371
      vertex 22.498048782348633 -1.2030903100967407 1.9260962009429932
      vertex 21.743457794189453 -1.1954928636550903 0.63658756017684937
    endloop
  endfacet
  facet normal 0.49217406951327519 -0.83479798743876499 -0.24673265991134896
    outer loop
      vertex 23.425329208374023 -0.73412305116653442 2.1462602615356445
      vertex 23.1075439453125 -0.89778393507003784 2.0660848617553711
      vertex 22.713186264038086 -0.93240815401077271 1.3965812921524048
    endloop
  endfacet
  facet normal 0.43817962246111525 -0.87995879857373638 -0.18349695167086796
    outer loop
      vertex 22.713186264038086 -0.93240815401077271 1.3965812921524048
      vertex 22.30047607421875 -0.99484944343566895 0.71049124002456665
      vertex 23.425329208374023 -0.73412305116653442 2.1462602615356445
    endloop
  endfacet
  facet normal 0.19226158004256932 -0.80234189566286096 -0.56505129617023409
    outer loop
      vertex 17.663078308105469 -2.9728124141693115 1.4066941738128662
      vertex 17.429172515869141 -3.0238251686096191 1.3995418548583984
      vertex 17.4649658203125 -2.2553937435150146 0.32059016823768616
    endloop
  endfacet
  facet normal 0.14796223751199983 -0.7924450706921673 -0.59172458644721559
    outer loop
      vertex 16.730648040771484 -3.159233570098877 1.3820146322250366
      vertex 16.498760223388672 -3.1989448070526123 1.3772122859954834
      vertex 16.543876647949219 -2.382087230682373 0.29454773664474487
    endloop
  endfacet
  facet normal 0.12924091849306674 -0.78761176661824905 -0.6024653434609738
    outer loop
      vertex 16.267366409301758 -3.2361569404602051 1.3728353977203369
      vertex 16.036516189575195 -3.2709896564483643 1.3688507080078125
      vertex 16.078235626220703 -2.4352004528045654 0.28516089916229248
    endloop
  endfacet
  facet normal 0.094134403102815581 -0.77882345943716969 -0.62013928530838613
    outer loop
      vertex 15.347824096679688 -3.3623523712158203 1.3590091466903687
      vertex 14.892449378967285 -3.4133918285369873 1.3539849519729614
      vertex 15.134806632995605 -2.5228366851806641 0.2723391056060791
    endloop
  endfacet
  facet normal 0.005069067573626713 -0.73809501187963011 -0.67467774380984491
    outer loop
      vertex 10.142687797546387 -3.6499147415161133 1.3394323587417603
      vertex 9.3275823593139648 -3.6555051803588867 1.3394241333007812
      vertex 9.1894111633300781 -2.6832258701324463 0.27471596002578735
    endloop
  endfacet
  facet normal -0.0016913150639191843 -0.73225328230804543 -0.6810303003556073
    outer loop
      vertex 9.3275823593139648 -3.6555051803588867 1.3394241333007812
      vertex 8.5207643508911133 -3.6537549495697021 1.3395459651947021
      vertex 8.3014955520629883 -2.6752021312713623 0.28793686628341675
    endloop
  endfacet
  facet normal -0.04318289541717199 -0.68329481506309298 -0.728864482089286
    outer loop
      vertex 6.416651725769043 -3.6129956245422363 1.3577107191085815
      vertex 5.942108154296875 -3.596776008605957 1.3706203699111938
      vertex 5.4781394004821777 -2.598900318145752 0.46262198686599731
    endloop
  endfacet
  facet normal -0.053283639555475514 -0.6673678278747609 -0.74281965245505288
    outer loop
      vertex 5.942108154296875 -3.596776008605957 1.3706203699111938
      vertex 5.4329795837402344 -3.5770230293273926 1.3893944025039673
      vertex 4.9890642166137695 -2.576784610748291 0.52259784936904907
    endloop
  endfacet
  facet normal -0.033828995752198068 -0.69615116162140389 -0.71709773338058158
    outer loop
      vertex 6.8647794723510742 -3.6261029243469238 1.3492947816848755
      vertex 6.416651725769043 -3.6129956245422363 1.3577107191085815
      vertex 5.9427781105041504 -2.6176927089691162 0.41383573412895203
    endloop
  endfacet
  facet normal -0.07442110100533661 -0.62340971348634755 -0.77834557161714735
    outer loop
      vertex 4.8800754547119141 -3.5532572269439697 1.4155867099761963
      vertex 4.2731838226318359 -3.5249397754669189 1.4509336948394775
      vertex 3.9161226749420166 -2.5213704109191895 0.68127298355102539
    endloop
  endfacet
  facet normal -0.084830932417288007 -0.5934553842976229 -0.80038392022414717
    outer loop
      vertex 4.2731838226318359 -3.5249397754669189 1.4509336948394775
      vertex 3.6010720729827881 -3.4914727210998535 1.4973547458648682
      vertex 3.3215150833129883 -2.4874653816223145 0.78254967927932739
    endloop
  endfacet
  facet normal -0.11045251577834947 -0.48423378653630517 -0.86793886981454271
    outer loop
      vertex 2.0111453533172607 -3.4064030647277832 1.6320099830627441
      vertex 1.5525157451629639 -3.3808193206787109 1.6761009693145752
      vertex 1.6223541498184204 -2.3821916580200195 1.1100667715072632
    endloop
  endfacet
  facet normal -0.11810281999485972 -0.4220686236774045 -0.89883802813205627
    outer loop
      vertex 1.0657567977905273 -3.3533098697662354 1.72499680519104
      vertex 0.54892182350158691 -3.3237683773040771 1.7790344953536987
      vertex 0.84353500604629517 -2.3310818672180176 1.2741866111755371
    endloop
  endfacet
  facet normal -0.12088331400295683 -0.346752967300131 -0.93013418605286025
    outer loop
      vertex 0.54892182350158691 -3.3237683773040771 1.7790344953536987
      vertex 1.0658141036401503e-14 -3.2920851707458496 1.8385627269744873
      vertex 0 -2.2743740081787109 1.4591611623764038
    endloop
  endfacet
  facet normal -0.11418927259658693 -0.42154840233805457 -0.89958754688473541
    outer loop
      vertex 1.5525157451629639 -3.3808193206787109 1.6761009693145752
      vertex 1.0657567977905273 -3.3533098697662354 1.72499680519104
      vertex 0.84353500604629517 -2.3310818672180176 1.2741866111755371
    endloop
  endfacet
  facet normal -0.10616824264641789 -0.483179095619095 -0.86906056509893759
    outer loop
      vertex 2.443528413772583 -3.4301633834838867 1.5923984050750732
      vertex 2.0111453533172607 -3.4064030647277832 1.6320099830627441
      vertex 1.6223541498184204 -2.3821916580200195 1.1100667715072632
    endloop
  endfacet
  facet normal -0.06380635039405938 -0.64769114985061627 -0.75922653013088059
    outer loop
      vertex 5.4329795837402344 -3.5770230293273926 1.3893944025039673
      vertex 4.8800754547119141 -3.5532572269439697 1.4155867099761963
      vertex 4.470181941986084 -2.5510425567626953 0.59505194425582886
    endloop
  endfacet
  facet normal 0.34913179416014373 -0.92071842077892829 -0.17431173209189124
    outer loop
      vertex 21.743457794189453 -1.1954928636550903 0.63658756017684937
      vertex 22.106657028198242 -1.1243463754653931 0.98824787139892578
      vertex 22.341146469116211 -1.0989925861358643 1.3239912986755371
    endloop
  endfacet
  facet normal 0.35039112246580262 -0.8827892396856426 -0.31290448956894196
    outer loop
      vertex 21.283481597900391 -2.1643350124359131 2.7807064056396484
      vertex 21.358781814575195 -2.3294951915740967 3.3309898376464844
      vertex 21.185230255126953 -2.3963608741760254 3.3252928256988525
    endloop
  endfacet
  facet normal 0.36980919690132624 -0.8769520173981098 -0.30691418518631802
    outer loop
      vertex 21.283481597900391 -2.1643350124359131 2.7807064056396484
      vertex 21.185230255126953 -2.3963608741760254 3.3252928256988525
      vertex 21.114410400390625 -2.2316443920135498 2.7693123817443848
    endloop
  endfacet
  facet normal 0.33763469292971843 -0.88992316604051436 -0.30665872346092166
    outer loop
      vertex 21.114410400390625 -2.2316443920135498 2.7693123817443848
      vertex 21.185230255126953 -2.3963608741760254 3.3252928256988525
      vertex 21.013528823852539 -2.4596648216247559 3.319955587387085
    endloop
  endfacet
  facet normal 0.35862643809041778 -0.88385861104910846 -0.3003015710530344
    outer loop
      vertex 21.114410400390625 -2.2316443920135498 2.7693123817443848
      vertex 21.013528823852539 -2.4596648216247559 3.319955587387085
      vertex 20.947128295898438 -2.2958924770355225 2.7586379051208496
    endloop
  endfacet
  facet normal 0.37554653609220007 -0.86829841276200159 -0.32407200685054333
    outer loop
      vertex 21.617494583129883 -2.0242969989776611 2.8050453662872314
      vertex 21.701675415039062 -2.1887264251708984 3.3431591987609863
      vertex 21.529256820678711 -2.2609579563140869 3.3368868827819824
    endloop
  endfacet
  facet normal 0.39169391258433761 -0.86301162389679431 -0.31904046116972623
    outer loop
      vertex 21.617494583129883 -2.0242969989776611 2.8050453662872314
      vertex 21.529256820678711 -2.2609579563140869 3.3368868827819824
      vertex 21.449544906616211 -2.0958864688873291 2.7925004959106445
    endloop
  endfacet
  facet normal 0.36304220888830091 -0.87558939200352037 -0.31865902023386816
    outer loop
      vertex 21.449544906616211 -2.0958864688873291 2.7925004959106445
      vertex 21.529256820678711 -2.2609579563140869 3.3368868827819824
      vertex 21.358781814575195 -2.3294951915740967 3.3309898376464844
    endloop
  endfacet
  facet normal 0.38083474111869514 -0.86997443542639419 -0.31322417157937099
    outer loop
      vertex 21.449544906616211 -2.0958864688873291 2.7925004959106445
      vertex 21.358781814575195 -2.3294951915740967 3.3309898376464844
      vertex 21.283481597900391 -2.1643350124359131 2.7807064056396484
    endloop
  endfacet
  facet normal 0.39997873139097467 -0.85369244615927375 -0.33350595467766686
    outer loop
      vertex 21.948904037475586 -1.8760577440261841 2.8316450119018555
      vertex 22.041906356811523 -2.0375089645385742 3.3564591407775879
      vertex 21.870779037475586 -2.1150133609771729 3.3496155738830566
    endloop
  endfacet
  facet normal 0.41277127365747501 -0.84915324145991222 -0.32948239431160742
    outer loop
      vertex 21.948904037475586 -1.8760577440261841 2.8316450119018555
      vertex 21.870779037475586 -2.1150133609771729 3.3496155738830566
      vertex 21.782215118408203 -1.9517741203308105 2.8179581165313721
    endloop
  endfacet
  facet normal 0.38787601812144062 -0.86100422858017045 -0.32897403078863402
    outer loop
      vertex 21.782215118408203 -1.9517741203308105 2.8179581165313721
      vertex 21.870779037475586 -2.1150133609771729 3.3496155738830566
      vertex 21.701675415039062 -2.1887264251708984 3.3431591987609863
    endloop
  endfacet
  facet normal 0.40233745096886298 -0.85604449780543335 -0.32451871028481716
    outer loop
      vertex 21.782215118408203 -1.9517741203308105 2.8179581165313721
      vertex 21.701675415039062 -2.1887264251708984 3.3431591987609863
      vertex 21.617494583129883 -2.0242969989776611 2.8050453662872314
    endloop
  endfacet
  facet normal 0.42346904272536612 -0.83922543211033029 -0.34113728021500578
    outer loop
      vertex 22.277433395385742 -1.720009446144104 2.8604607582092285
      vertex 22.379167556762695 -1.8761502504348755 3.3708670139312744
      vertex 22.209497451782227 -1.9587563276290894 3.3634655475616455
    endloop
  endfacet
  facet normal 0.43289492966674609 -0.8356168834353439 -0.33815145125612833
    outer loop
      vertex 22.277433395385742 -1.720009446144104 2.8604607582092285
      vertex 22.209497451782227 -1.9587563276290894 3.3634655475616455
      vertex 22.112154006958008 -1.79964280128479 2.8456578254699707
    endloop
  endfacet
  facet normal 0.41185839382073486 -0.84643502039824547 -0.3375209914699025
    outer loop
      vertex 22.112154006958008 -1.79964280128479 2.8456578254699707
      vertex 22.209497451782227 -1.9587563276290894 3.3634655475616455
      vertex 22.041906356811523 -2.0375089645385742 3.3564591407775879
    endloop
  endfacet
  facet normal 0.42295358991929516 -0.84231928898453023 -0.33407854791796515
    outer loop
      vertex 22.112154006958008 -1.79964280128479 2.8456578254699707
      vertex 22.041906356811523 -2.0375089645385742 3.3564591407775879
      vertex 21.948904037475586 -1.8760577440261841 2.8316450119018555
    endloop
  endfacet
  facet normal 0.44586174504072185 -0.82514046535506191 -0.3469157199419971
    outer loop
      vertex 22.602800369262695 -1.556640625 2.8914163112640381
      vertex 22.713150024414062 -1.7050975561141968 3.3863449096679688
      vertex 22.545101165771484 -1.7925645112991333 3.378406286239624
    endloop
  endfacet
  facet normal 0.45197083657081327 -0.82262697391197903 -0.34497423770754182
    outer loop
      vertex 22.602800369262695 -1.556640625 2.8914163112640381
      vertex 22.545101165771484 -1.7925645112991333 3.378406286239624
      vertex 22.439081192016602 -1.639933705329895 2.8755393028259277
    endloop
  endfacet
  facet normal 0.43480932009511658 -0.83212949094758892 -0.34424027285274017
    outer loop
      vertex 22.439081192016602 -1.639933705329895 2.8755393028259277
      vertex 22.545101165771484 -1.7925645112991333 3.378406286239624
      vertex 22.379167556762695 -1.8761502504348755 3.3708670139312744
    endloop
  endfacet
  facet normal 0.44256410744113334 -0.8290312674751108 -0.34182476263934464
    outer loop
      vertex 22.439081192016602 -1.639933705329895 2.8755393028259277
      vertex 22.379167556762695 -1.8761502504348755 3.3708670139312744
      vertex 22.277433395385742 -1.720009446144104 2.8604607582092285
    endloop
  endfacet
  facet normal 0.46707784271132557 -0.81165357912387393 -0.35079446452807589
    outer loop
      vertex 22.924724578857422 -1.3865184783935547 2.9244077205657959
      vertex 23.043548583984375 -1.5249167680740356 3.4028403759002686
      vertex 22.877283096313477 -1.6169455051422119 3.3943924903869629
    endloop
  endfacet
  facet normal 0.46995462448100139 -0.81038566871388851 -0.34988243578674344
    outer loop
      vertex 22.924724578857422 -1.3865184783935547 2.9244077205657959
      vertex 22.877283096313477 -1.6169455051422119 3.3943924903869629
      vertex 22.762714385986328 -1.4731757640838623 2.9075117111206055
    endloop
  endfacet
  facet normal 0.45661481886206667 -0.81831675358846978 -0.34908537350050861
    outer loop
      vertex 22.762714385986328 -1.4731757640838623 2.9075117111206055
      vertex 22.877283096313477 -1.6169455051422119 3.3943924903869629
      vertex 22.713150024414062 -1.7050975561141968 3.3863449096679688
    endloop
  endfacet
  facet normal 0.46110018926221719 -0.81639361894331997 -0.34768962367458828
    outer loop
      vertex 22.762714385986328 -1.4731757640838623 2.9075117111206055
      vertex 22.713150024414062 -1.7050975561141968 3.3863449096679688
      vertex 22.602800369262695 -1.556640625 2.8914163112640381
    endloop
  endfacet
  facet normal 0.48709351968202874 -0.79895626116684071 -0.35271631068902415
    outer loop
      vertex 23.242927551269531 -1.2102718353271484 2.9593074321746826
      vertex 23.370063781738281 -1.3362724781036377 3.420290470123291
      vertex 23.205738067626953 -1.4325159788131714 3.4113664627075195
    endloop
  endfacet
  facet normal 0.48685430093257054 -0.79906891763768606 -0.35279137536055866
    outer loop
      vertex 23.242927551269531 -1.2102718353271484 2.9593074321746826
      vertex 23.205738067626953 -1.4325159788131714 3.4113664627075195
      vertex 23.08277702331543 -1.2999681234359741 2.9414598941802979
    endloop
  endfacet
  facet normal 0.47723258924407369 -0.80519771170015042 -0.35200241595227505
    outer loop
      vertex 23.08277702331543 -1.2999681234359741 2.9414598941802979
      vertex 23.205738067626953 -1.4325159788131714 3.4113664627075195
      vertex 23.043548583984375 -1.5249167680740356 3.4028403759002686
    endloop
  endfacet
  facet normal 0.47853674679161112 -0.80459937612266264 -0.35159980931895185
    outer loop
      vertex 23.08277702331543 -1.2999681234359741 2.9414598941802979
      vertex 23.043548583984375 -1.5249167680740356 3.4028403759002686
      vertex 22.924724578857422 -1.3865184783935547 2.9244077205657959
    endloop
  endfacet
  facet normal 0.50595021659617945 -0.78720311330557913 -0.35259840715505586
    outer loop
      vertex 23.557119369506836 -1.0285837650299072 2.9959678649902344
      vertex 23.6923828125 -1.139917254447937 3.4386205673217773
      vertex 23.530162811279297 -1.2399860620498657 3.4292593002319336
    endloop
  endfacet
  facet normal 0.50269539003318031 -0.78883800668793369 -0.35359856340771006
    outer loop
      vertex 23.557119369506836 -1.0285837650299072 2.9959678649902344
      vertex 23.530162811279297 -1.2399860620498657 3.4292593002319336
      vertex 23.398979187011719 -1.1209677457809448 2.9772450923919678
    endloop
  endfacet
  facet normal 0.49666394119331481 -0.79294720952281772 -0.35293009566810829
    outer loop
      vertex 23.398979187011719 -1.1209677457809448 2.9772450923919678
      vertex 23.530162811279297 -1.2399860620498657 3.4292593002319336
      vertex 23.370063781738281 -1.3362724781036377 3.420290470123291
    endloop
  endfacet
  facet normal 0.49490477161345536 -0.7938089717130844 -0.35346369468737376
    outer loop
      vertex 23.398979187011719 -1.1209677457809448 2.9772450923919678
      vertex 23.370063781738281 -1.3362724781036377 3.420290470123291
      vertex 23.242927551269531 -1.2102718353271484 2.9593074321746826
    endloop
  endfacet
  facet normal 0.52335274906147167 -0.77672071884313165 -0.35043804726314914
    outer loop
      vertex 23.858570098876953 -0.84733784198760986 3.0331568717956543
      vertex 24.001552581787109 -0.94232159852981567 3.4572150707244873
      vertex 23.845979690551758 -1.0428694486618042 3.4477357864379883
    endloop
  endfacet
  facet normal 0.51726486835394903 -0.78000721449746824 -0.35217297070995168
    outer loop
      vertex 23.858570098876953 -0.84733784198760986 3.0331568717956543
      vertex 23.845979690551758 -1.0428694486618042 3.4477357864379883
      vertex 23.706869125366211 -0.93937915563583374 3.0141983032226562
    endloop
  endfacet
  facet normal 0.5148318695628803 -0.78177656510470372 -0.35181465054127631
    outer loop
      vertex 23.706869125366211 -0.93937915563583374 3.0141983032226562
      vertex 23.845979690551758 -1.0428694486618042 3.4477357864379883
      vertex 23.6923828125 -1.139917254447937 3.4386205673217773
    endloop
  endfacet
  facet normal 0.51015623580361269 -0.7842408657711768 -0.35313861233963578
    outer loop
      vertex 23.706869125366211 -0.93937915563583374 3.0141983032226562
      vertex 23.6923828125 -1.139917254447937 3.4386205673217773
      vertex 23.557119369506836 -1.0285837650299072 2.9959678649902344
    endloop
  endfacet
  facet normal 0.54019286773170205 -0.76721433272397421 -0.34579449578428351
    outer loop
      vertex 24.168062210083008 -0.65445506572723389 3.0733425617218018
      vertex 24.318881988525391 -0.73033642768859863 3.4773080348968506
      vertex 24.15916633605957 -0.83817672729492188 3.4670689105987549
    endloop
  endfacet
  facet normal 0.53127594038293269 -0.77226661872181646 -0.34835347677065487
    outer loop
      vertex 24.168062210083008 -0.65445506572723389 3.0733425617218018
      vertex 24.15916633605957 -0.83817672729492188 3.4670689105987549
      vertex 24.012279510498047 -0.75238758325576782 3.0528645515441895
    endloop
  endfacet
  facet normal 0.53179950504027085 -0.77186034977013984 -0.34845499980864164
    outer loop
      vertex 24.012279510498047 -0.75238758325576782 3.0528645515441895
      vertex 24.15916633605957 -0.83817672729492188 3.4670689105987549
      vertex 24.001552581787109 -0.94232159852981567 3.4572150707244873
    endloop
  endfacet
  facet normal 0.52430864580465486 -0.77600283219395427 -0.35059955556368128
    outer loop
      vertex 24.012279510498047 -0.75238758325576782 3.0528645515441895
      vertex 24.001552581787109 -0.94232159852981567 3.4572150707244873
      vertex 23.858570098876953 -0.84733784198760986 3.0331568717956543
    endloop
  endfacet
  facet normal 0.55611754188174134 -0.75897167062082549 -0.33866692015377459
    outer loop
      vertex 24.468069076538086 -0.46116238832473755 3.1141819953918457
      vertex 24.626388549804688 -0.51630276441574097 3.497727632522583
      vertex 24.471641540527344 -0.62505322694778442 3.4873368740081787
    endloop
  endfacet
  facet normal 0.54445536734800748 -0.76605076205030687 -0.34166443029395088
    outer loop
      vertex 24.468069076538086 -0.46116238832473755 3.1141819953918457
      vertex 24.471641540527344 -0.62505322694778442 3.4873368740081787
      vertex 24.317085266113281 -0.55920231342315674 3.093400239944458
    endloop
  endfacet
  facet normal 0.5482798368322388 -0.76288284141107443 -0.34263536128627953
    outer loop
      vertex 24.317085266113281 -0.55920231342315674 3.093400239944458
      vertex 24.471641540527344 -0.62505322694778442 3.4873368740081787
      vertex 24.318881988525391 -0.73033642768859863 3.4773080348968506
    endloop
  endfacet
  facet normal 0.53799293948449611 -0.76897876285101707 -0.34530458923818297
    outer loop
      vertex 24.317085266113281 -0.55920231342315674 3.093400239944458
      vertex 24.318881988525391 -0.73033642768859863 3.4773080348968506
      vertex 24.168062210083008 -0.65445506572723389 3.0733425617218018
    endloop
  endfacet
  facet normal 0.57998669290054106 -0.74927261036961124 -0.31969671785647452
    outer loop
      vertex 24.954988479614258 -0.13485023379325867 3.1842710971832275
      vertex 25.125272750854492 -0.1517360508441925 3.5327723026275635
      vertex 24.928848266601562 -0.29777604341506958 3.5186970233917236
    endloop
  endfacet
  facet normal 0.56366334781249383 -0.75906242228817733 -0.3257420289167734
    outer loop
      vertex 24.954988479614258 -0.13485023379325867 3.1842710971832275
      vertex 24.928848266601562 -0.29777604341506958 3.5186970233917236
      vertex 24.76324462890625 -0.26515471935272217 3.156120777130127
    endloop
  endfacet
  facet normal 0.097206700251545167 -0.99317541010225729 -0.064447359871597498
    outer loop
      vertex 15.827940940856934 -3.339622974395752 1.9949822425842285
      vertex 15.784690856933594 -3.3846566677093506 2.6237459182739258
      vertex 15.58600902557373 -3.4040098190307617 2.6223163604736328
    endloop
  endfacet
  facet normal 0.11593882290513709 -0.9916158412698769 -0.057063234100475146
    outer loop
      vertex 15.827940940856934 -3.339622974395752 1.9949822425842285
      vertex 15.58600902557373 -3.4040098190307617 2.6223163604736328
      vertex 15.631801605224609 -3.3624320030212402 1.9928377866744995
    endloop
  endfacet
  facet normal 0.092212259240977285 -0.99399307574141726 -0.058946285920250245
    outer loop
      vertex 15.631801605224609 -3.3624320030212402 1.9928377866744995
      vertex 15.58600902557373 -3.4040098190307617 2.6223163604736328
      vertex 15.388155937194824 -3.4222867488861084 2.6210043430328369
    endloop
  endfacet
  facet normal 0.10984589691665515 -0.99258888259473632 -0.051972964894342742
    outer loop
      vertex 15.631801605224609 -3.3624320030212402 1.9928377866744995
      vertex 15.388155937194824 -3.4222867488861084 2.6210043430328369
      vertex 15.436324119567871 -3.3839616775512695 1.9908697605133057
    endloop
  endfacet
  facet normal 0.10797043364584517 -0.99117461974558974 -0.076910718567142877
    outer loop
      vertex 16.229820251464844 -3.2889077663421631 1.999944806098938
      vertex 16.192272186279297 -3.3416588306427002 2.6270542144775391
      vertex 15.988089561462402 -3.363767147064209 2.6253316402435303
    endloop
  endfacet
  facet normal 0.1290942062940168 -0.98926241524864966 -0.068516856887383931
    outer loop
      vertex 16.229820251464844 -3.2889077663421631 1.999944806098938
      vertex 15.988089561462402 -3.363767147064209 2.6253316402435303
      vertex 16.028573989868164 -3.3149905204772949 1.9973609447479248
    endloop
  endfacet
  facet normal 0.10245458493534501 -0.99223871994367796 -0.070465457284101932
    outer loop
      vertex 16.028573989868164 -3.3149905204772949 1.9973609447479248
      vertex 15.988089561462402 -3.363767147064209 2.6253316402435303
      vertex 15.784690856933594 -3.3846566677093506 2.6237459182739258
    endloop
  endfacet
  facet normal 0.12235052007756343 -0.99051536434894516 -0.062527299841158929
    outer loop
      vertex 16.028573989868164 -3.3149905204772949 1.9973609447479248
      vertex 15.784690856933594 -3.3846566677093506 2.6237459182739258
      vertex 15.827940940856934 -3.339622974395752 1.9949822425842285
    endloop
  endfacet
  facet normal 0.11885932281826624 -0.98884508292352979 -0.089765602304783004
    outer loop
      vertex 16.596599578857422 -3.2376422882080078 2.0052003860473633
      vertex 16.564817428588867 -3.2982313632965088 2.6305580139160156
      vertex 16.378253936767578 -3.3204915523529053 2.6287429332733154
    endloop
  endfacet
  facet normal 0.14240521145580867 -0.98647172826724905 -0.081205203525718389
    outer loop
      vertex 16.596599578857422 -3.2376422882080078 2.0052003860473633
      vertex 16.378253936767578 -3.3204915523529053 2.6287429332733154
      vertex 16.412988662719727 -3.2639238834381104 2.0024776458740234
    endloop
  endfacet
  facet normal 0.11343739628547483 -0.99006078427679978 -0.083136036477454364
    outer loop
      vertex 16.412988662719727 -3.2639238834381104 2.0024776458740234
      vertex 16.378253936767578 -3.3204915523529053 2.6287429332733154
      vertex 16.192272186279297 -3.3416588306427002 2.6270542144775391
    endloop
  endfacet
  facet normal 0.13578438591357139 -0.98789783910105444 -0.074969727500780112
    outer loop
      vertex 16.412988662719727 -3.2639238834381104 2.0024776458740234
      vertex 16.192272186279297 -3.3416588306427002 2.6270542144775391
      vertex 16.229820251464844 -3.2889077663421631 1.999944806098938
    endloop
  endfacet
  facet normal 0.13045795132807253 -0.98596942049057434 -0.10413944878269463
    outer loop
      vertex 16.963481903076172 -3.1812136173248291 2.0112526416778564
      vertex 16.937984466552734 -3.2504253387451172 2.6345927715301514
      vertex 16.751125335693359 -3.2749285697937012 2.6325011253356934
    endloop
  endfacet
  facet normal 0.15641677255890049 -0.98312748561161112 -0.09483744143137017
    outer loop
      vertex 16.963481903076172 -3.1812136173248291 2.0112526416778564
      vertex 16.751125335693359 -3.2749285697937012 2.6325011253356934
      vertex 16.77983283996582 -3.2101297378540039 2.0081150531768799
    endloop
  endfacet
  facet normal 0.12452096033536118 -0.98748808455406867 -0.096756463871391585
    outer loop
      vertex 16.77983283996582 -3.2101297378540039 2.0081150531768799
      vertex 16.751125335693359 -3.2749285697937012 2.6325011253356934
      vertex 16.564817428588867 -3.2982313632965088 2.6305580139160156
    endloop
  endfacet
  facet normal 0.14927826891997162 -0.98488619768122265 -0.087836074851282739
    outer loop
      vertex 16.77983283996582 -3.2101297378540039 2.0081150531768799
      vertex 16.564817428588867 -3.2982313632965088 2.6305580139160156
      vertex 16.596599578857422 -3.2376422882080078 2.0052003860473633
    endloop
  endfacet
  facet normal 0.14328334967507222 -0.98238717501246198 -0.11993881805706284
    outer loop
      vertex 17.329395294189453 -3.1193647384643555 2.0182425975799561
      vertex 17.310659408569336 -3.1979160308837891 2.6392529010772705
      vertex 17.124044418334961 -3.2248387336730957 2.6368324756622314
    endloop
  endfacet
  facet normal 0.17153254881678975 -0.9790196507573512 -0.10998685433891464
    outer loop
      vertex 17.329395294189453 -3.1193647384643555 2.0182425975799561
      vertex 17.124044418334961 -3.2248387336730957 2.6368324756622314
      vertex 17.146224975585938 -3.1510498523712158 2.0146119594573975
    endloop
  endfacet
  facet normal 0.13670232179065828 -0.98427720472864755 -0.11185195335175689
    outer loop
      vertex 17.146224975585938 -3.1510498523712158 2.0146119594573975
      vertex 17.124044418334961 -3.2248387336730957 2.6368324756622314
      vertex 16.937984466552734 -3.2504253387451172 2.6345927715301514
    endloop
  endfacet
  facet normal 0.16383334136027686 -0.98117542773874988 -0.10224194961173395
    outer loop
      vertex 17.146224975585938 -3.1510498523712158 2.0146119594573975
      vertex 16.937984466552734 -3.2504253387451172 2.6345927715301514
      vertex 16.963481903076172 -3.1812136173248291 2.0112526416778564
    endloop
  endfacet
  facet normal 0.15764257339368992 -0.97792187146909459 -0.13717737552599082
    outer loop
      vertex 17.697113037109375 -3.0511174201965332 2.0264501571655273
      vertex 17.685646057128906 -3.1396939754486084 2.6447246074676514
      vertex 17.497848510742188 -3.1695675849914551 2.6418755054473877
    endloop
  endfacet
  facet normal 0.18791907333258553 -0.9739889428379831 -0.12661738074676115
    outer loop
      vertex 17.697113037109375 -3.0511174201965332 2.0264501571655273
      vertex 17.497848510742188 -3.1695675849914551 2.6418755054473877
      vertex 17.51301383972168 -3.0860815048217773 2.0221765041351318
    endloop
  endfacet
  facet normal 0.15025447796359648 -0.98027578110325342 -0.12838607726032233
    outer loop
      vertex 17.51301383972168 -3.0860815048217773 2.0221765041351318
      vertex 17.497848510742188 -3.1695675849914551 2.6418755054473877
      vertex 17.310659408569336 -3.1979160308837891 2.6392529010772705
    endloop
  endfacet
  facet normal 0.17955750689081537 -0.97663075997083104 -0.11811630030589322
    outer loop
      vertex 17.51301383972168 -3.0860815048217773 2.0221765041351318
      vertex 17.310659408569336 -3.1979160308837891 2.6392529010772705
      vertex 17.329395294189453 -3.1193647384643555 2.0182425975799561
    endloop
  endfacet
  facet normal 0.1737769610673531 -0.97239931849962591 -0.15569564278957526
    outer loop
      vertex 18.066938400268555 -2.9757890701293945 2.0361828804016113
      vertex 18.063232421875 -3.0749268531799316 2.6512129306793213
      vertex 17.874090194702148 -3.1081862449645996 2.6478271484375
    endloop
  endfacet
  facet normal 0.20566705847001898 -0.96787104112451183 -0.14466066781555773
    outer loop
      vertex 18.066938400268555 -2.9757890701293945 2.0361828804016113
      vertex 17.874090194702148 -3.1081862449645996 2.6478271484375
      vertex 17.881736755371094 -3.0143842697143555 2.0311040878295898
    endloop
  endfacet
  facet normal 0.1654785267659995 -0.97530317337576333 -0.14628936113921737
    outer loop
      vertex 17.881736755371094 -3.0143842697143555 2.0311040878295898
      vertex 17.874090194702148 -3.1081862449645996 2.6478271484375
      vertex 17.685646057128906 -3.1396939754486084 2.6447246074676514
    endloop
  endfacet
  facet normal 0.19662223355334624 -0.97107498356113597 -0.13547351613593264
    outer loop
      vertex 17.881736755371094 -3.0143842697143555 2.0311040878295898
      vertex 17.685646057128906 -3.1396939754486084 2.6447246074676514
      vertex 17.697113037109375 -3.0511174201965332 2.0264501571655273
    endloop
  endfacet
  facet normal 0.1918328348922739 -0.96565027308238605 -0.17527040124649323
    outer loop
      vertex 18.439327239990234 -2.892608642578125 2.0478167533874512
      vertex 18.443866729736328 -3.0026340484619141 2.6589689254760742
      vertex 18.253135681152344 -3.0397882461547852 2.6549150943756104
    endloop
  endfacet
  facet normal 0.22480360635895269 -0.960518299430275 -0.16391441372735291
    outer loop
      vertex 18.439327239990234 -2.892608642578125 2.0478167533874512
      vertex 18.253135681152344 -3.0397882461547852 2.6549150943756104
      vertex 18.252777099609375 -2.9352319240570068 2.0417361259460449
    endloop
  endfacet
  facet normal 0.18255691862112358 -0.96918850573455773 -0.16536811003206042
    outer loop
      vertex 18.252777099609375 -2.9352319240570068 2.0417361259460449
      vertex 18.253135681152344 -3.0397882461547852 2.6549150943756104
      vertex 18.063232421875 -3.0749268531799316 2.6512129306793213
    endloop
  endfacet
  facet normal 0.21506607042452575 -0.96435689270286018 -0.15415047469481716
    outer loop
      vertex 18.252777099609375 -2.9352319240570068 2.0417361259460449
      vertex 18.063232421875 -3.0749268531799316 2.6512129306793213
      vertex 18.066938400268555 -2.9757890701293945 2.0361828804016113
    endloop
  endfacet
  facet normal 0.21104189483523259 -0.95792962559646477 -0.19450488690254369
    outer loop
      vertex 18.794689178466797 -2.8058736324310303 2.0609798431396484
      vertex 18.807466506958008 -2.9262604713439941 2.6677443981170654
      vertex 18.625221252441406 -2.9654810428619385 2.6631643772125244
    endloop
  endfacet
  facet normal 0.24443512165371961 -0.9521309709245761 -0.18357038298253633
    outer loop
      vertex 18.794689178466797 -2.8058736324310303 2.0609798431396484
      vertex 18.625221252441406 -2.9654810428619385 2.6631643772125244
      vertex 18.616615295410156 -2.8502650260925293 2.054110050201416
    endloop
  endfacet
  facet normal 0.20133990772051844 -0.96192813305411951 -0.18481479485720084
    outer loop
      vertex 18.616615295410156 -2.8502650260925293 2.054110050201416
      vertex 18.625221252441406 -2.9654810428619385 2.6631643772125244
      vertex 18.443866729736328 -3.0026340484619141 2.6589689254760742
    endloop
  endfacet
  facet normal 0.2346025863766561 -0.95640584129840867 -0.17392381434313942
    outer loop
      vertex 18.616615295410156 -2.8502650260925293 2.054110050201416
      vertex 18.443866729736328 -3.0026340484619141 2.6589689254760742
      vertex 18.439327239990234 -2.892608642578125 2.0478167533874512
    endloop
  endfacet
  facet normal 0.23166239754505688 -0.94896278320546745 -0.21401441459539319
    outer loop
      vertex 19.151094436645508 -2.7112123966217041 2.0765600204467773
      vertex 19.172458648681641 -2.8416659832000732 2.678131103515625
      vertex 18.989437103271484 -2.8851230144500732 2.6727104187011719
    endloop
  endfacet
  facet normal 0.26481850426348763 -0.94264962029724197 -0.2031818228905212
    outer loop
      vertex 19.151094436645508 -2.7112123966217041 2.0765600204467773
      vertex 18.989437103271484 -2.8851230144500732 2.6727104187011719
      vertex 18.972415924072266 -2.7596559524536133 2.0684289932250977
    endloop
  endfacet
  facet normal 0.22115386618219496 -0.95361503165656203 -0.20422864361132595
    outer loop
      vertex 18.972415924072266 -2.7596559524536133 2.0684289932250977
      vertex 18.989437103271484 -2.8851230144500732 2.6727104187011719
      vertex 18.807466506958008 -2.9262604713439941 2.6677443981170654
    endloop
  endfacet
  facet normal 0.25451181815556789 -0.94754203817986193 -0.19335930363212492
    outer loop
      vertex 18.972415924072266 -2.7596559524536133 2.0684289932250977
      vertex 18.807466506958008 -2.9262604713439941 2.6677443981170654
      vertex 18.794689178466797 -2.8058736324310303 2.0609798431396484
    endloop
  endfacet
  facet normal 0.25360226940324115 -0.93876404695315552 -0.23325512449174596
    outer loop
      vertex 19.50518798828125 -2.6091632843017578 2.0947542190551758
      vertex 19.535371780395508 -2.7489750385284424 2.690260648727417
      vertex 19.353311538696289 -2.796586275100708 2.6839363574981689
    endloop
  endfacet
  facet normal 0.28585229277140395 -0.9320144590420455 -0.22279478192698987
    outer loop
      vertex 19.50518798828125 -2.6091632843017578 2.0947542190551758
      vertex 19.353311538696289 -2.796586275100708 2.6839363574981689
      vertex 19.327583312988281 -2.661367654800415 2.0852680206298828
    endloop
  endfacet
  facet normal 0.24248810433696572 -0.94402485214783383 -0.22364390844001417
    outer loop
      vertex 19.327583312988281 -2.661367654800415 2.0852680206298828
      vertex 19.353311538696289 -2.796586275100708 2.6839363574981689
      vertex 19.172458648681641 -2.8416659832000732 2.678131103515625
    endloop
  endfacet
  facet normal 0.2752735573687784 -0.93745741189049059 -0.21306822734776945
    outer loop
      vertex 19.327583312988281 -2.661367654800415 2.0852680206298828
      vertex 19.172458648681641 -2.8416659832000732 2.678131103515625
      vertex 19.151094436645508 -2.7112123966217041 2.0765600204467773
    endloop
  endfacet
  facet normal 0.27652272396410443 -0.92741453427883058 -0.25186795099784226
    outer loop
      vertex 19.856748580932617 -2.499631404876709 2.1158411502838135
      vertex 19.895933151245117 -2.6477670669555664 2.7043185234069824
      vertex 19.714967727661133 -2.6997368335723877 2.6969990730285645
    endloop
  endfacet
  facet normal 0.30723164044753376 -0.92036388333076313 -0.24194842708361364
    outer loop
      vertex 19.856748580932617 -2.499631404876709 2.1158411502838135
      vertex 19.714967727661133 -2.6997368335723877 2.6969990730285645
      vertex 19.680328369140625 -2.5556368827819824 2.1048617362976074
    endloop
  endfacet
  facet normal 0.26496065475575675 -0.93323988882771458 -0.24260907100155107
    outer loop
      vertex 19.680328369140625 -2.5556368827819824 2.1048617362976074
      vertex 19.714967727661133 -2.6997368335723877 2.6969990730285645
      vertex 19.535371780395508 -2.7489750385284424 2.690260648727417
    endloop
  endfacet
  facet normal 0.29651230632353986 -0.92629528801223937 -0.23250267010298589
    outer loop
      vertex 19.680328369140625 -2.5556368827819824 2.1048617362976074
      vertex 19.535371780395508 -2.7489750385284424 2.690260648727417
      vertex 19.50518798828125 -2.6091632843017578 2.0947542190551758
    endloop
  endfacet
  facet normal 0.30007974311685848 -0.91504826396474437 -0.26951590377198092
    outer loop
      vertex 20.205509185791016 -2.3826487064361572 2.140056848526001
      vertex 20.253820419311523 -2.5377566814422607 2.7204623222351074
      vertex 20.074113845825195 -2.5942177772521973 2.7120707035064697
    endloop
  endfacet
  facet normal 0.32866516486718794 -0.90786899026882573 -0.26029426791822952
    outer loop
      vertex 20.205509185791016 -2.3826487064361572 2.140056848526001
      vertex 20.074113845825195 -2.5942177772521973 2.7120707035064697
      vertex 20.030406951904297 -2.4424300193786621 2.127469539642334
    endloop
  endfacet
  facet normal 0.28824627599985236 -0.92136308409602974 -0.26077605648768681
    outer loop
      vertex 20.030406951904297 -2.4424300193786621 2.127469539642334
      vertex 20.074113845825195 -2.5942177772521973 2.7120707035064697
      vertex 19.895933151245117 -2.6477670669555664 2.7043185234069824
    endloop
  endfacet
  facet normal 0.31795450555048693 -0.91419563049179819 -0.25129918740387658
    outer loop
      vertex 20.030406951904297 -2.4424300193786621 2.127469539642334
      vertex 19.895933151245117 -2.6477670669555664 2.7043185234069824
      vertex 19.856748580932617 -2.499631404876709 2.1158411502838135
    endloop
  endfacet
  facet normal 0.32389147981371819 -0.90185943274408931 -0.2859088541381487
    outer loop
      vertex 20.55116081237793 -2.2583804130554199 2.1675820350646973
      vertex 20.608676910400391 -2.4188165664672852 2.7388124465942383
      vertex 20.430412292480469 -2.4798197746276855 2.7292916774749756
    endloop
  endfacet
  facet normal 0.34987648180950881 -0.89474571518169477 -0.27751856269553898
    outer loop
      vertex 20.55116081237793 -2.2583804130554199 2.1675820350646973
      vertex 20.430412292480469 -2.4798197746276855 2.7292916774749756
      vertex 20.377536773681641 -2.3218438625335693 2.1533007621765137
    endloop
  endfacet
  facet normal 0.31197503657992004 -0.90856095146510674 -0.27782831753400794
    outer loop
      vertex 20.377536773681641 -2.3218438625335693 2.1533007621765137
      vertex 20.430412292480469 -2.4798197746276855 2.7292916774749756
      vertex 20.253820419311523 -2.5377566814422607 2.7204623222351074
    endloop
  endfacet
  facet normal 0.33931174004268794 -0.90135501187873091 -0.26912206455490861
    outer loop
      vertex 20.377536773681641 -2.3218438625335693 2.1533007621765137
      vertex 20.253820419311523 -2.5377566814422607 2.7204623222351074
      vertex 20.205509185791016 -2.3826487064361572 2.140056848526001
    endloop
  endfacet
  facet normal 0.34694404063698903 -0.88851694227104772 -0.30027899687421855
    outer loop
      vertex 20.880727767944336 -2.13211989402771 2.1973199844360352
      vertex 20.947128295898438 -2.2958924770355225 2.7586379051208496
      vertex 20.777067184448242 -2.3588318824768066 2.7483842372894287
    endloop
  endfacet
  facet normal 0.37001926976220867 -0.88158198185949632 -0.29308522525935099
    outer loop
      vertex 20.880727767944336 -2.13211989402771 2.1973199844360352
      vertex 20.777067184448242 -2.3588318824768066 2.7483842372894287
      vertex 20.715141296386719 -2.1965069770812988 2.1819398403167725
    endloop
  endfacet
  facet normal 0.33556585179665643 -0.89521730194561844 -0.29322609264046029
    outer loop
      vertex 20.715141296386719 -2.1965069770812988 2.1819398403167725
      vertex 20.777067184448242 -2.3588318824768066 2.7483842372894287
      vertex 20.608676910400391 -2.4188165664672852 2.7388124465942383
    endloop
  endfacet
  facet normal 0.36010997362750408 -0.88808955344946361 -0.28568820757590019
    outer loop
      vertex 20.715141296386719 -2.1965069770812988 2.1819398403167725
      vertex 20.608676910400391 -2.4188165664672852 2.7388124465942383
      vertex 20.55116081237793 -2.2583804130554199 2.1675820350646973
    endloop
  endfacet
  facet normal 0.36941698394059014 -0.87491202828147485 -0.31314538914796997
    outer loop
      vertex 21.208179473876953 -1.9991745948791504 2.2304229736328125
      vertex 21.283481597900391 -2.1643350124359131 2.7807064056396484
      vertex 21.114410400390625 -2.2316443920135498 2.7693123817443848
    endloop
  endfacet
  facet normal 0.38936697062569264 -0.86845435360031398 -0.30688824985396856
    outer loop
      vertex 21.208179473876953 -1.9991745948791504 2.2304229736328125
      vertex 21.114410400390625 -2.2316443920135498 2.7693123817443848
      vertex 21.043590545654297 -2.0669276714324951 2.213331937789917
    endloop
  endfacet
  facet normal 0.35823884097693165 -0.8817589705647364 -0.30686487359116393
    outer loop
      vertex 21.043590545654297 -2.0669276714324951 2.213331937789917
      vertex 21.114410400390625 -2.2316443920135498 2.7693123817443848
      vertex 20.947128295898438 -2.2958924770355225 2.7586379051208496
    endloop
  endfacet
  facet normal 0.37977292050113293 -0.87500844858316451 -0.30022115808537525
    outer loop
      vertex 21.043590545654297 -2.0669276714324951 2.213331937789917
      vertex 20.947128295898438 -2.2958924770355225 2.7586379051208496
      vertex 20.880727767944336 -2.13211989402771 2.1973199844360352
    endloop
  endfacet
  facet normal 0.39131733839907301 -0.86119462452459117 -0.3243679382402242
    outer loop
      vertex 21.533313751220703 -1.8598678112030029 2.2669312953948975
      vertex 21.617494583129883 -2.0242969989776611 2.8050453662872314
      vertex 21.449544906616211 -2.0958864688873291 2.7925004959106445
    endloop
  endfacet
  facet normal 0.40795886757731703 -0.85541357266000373 -0.31911938529973621
    outer loop
      vertex 21.533313751220703 -1.8598678112030029 2.2669312953948975
      vertex 21.449544906616211 -2.0958864688873291 2.7925004959106445
      vertex 21.369831085205078 -1.9308151006698608 2.2481141090393066
    endloop
  endfacet
  facet normal 0.38045351725592941 -0.86806665068931954 -0.31892853614660938
    outer loop
      vertex 21.369831085205078 -1.9308151006698608 2.2481141090393066
      vertex 21.449544906616211 -2.0958864688873291 2.7925004959106445
      vertex 21.283481597900391 -2.1643350124359131 2.7807064056396484
    endloop
  endfacet
  facet normal 0.39876158593425859 -0.86189399852429471 -0.3132537835222397
    outer loop
      vertex 21.369831085205078 -1.9308151006698608 2.2481141090393066
      vertex 21.283481597900391 -2.1643350124359131 2.7807064056396484
      vertex 21.208179473876953 -1.9991745948791504 2.2304229736328125
    endloop
  endfacet
  facet normal 0.41243035560292535 -0.84761458311073357 -0.33384235841975102
    outer loop
      vertex 21.855901718139648 -1.714606761932373 2.306830883026123
      vertex 21.948904037475586 -1.8760577440261841 2.8316450119018555
      vertex 21.782215118408203 -1.9517741203308105 2.8179581165313721
    endloop
  endfacet
  facet normal 0.42567339942474614 -0.84269393331709497 -0.32964995339411746
    outer loop
      vertex 21.855901718139648 -1.714606761932373 2.306830883026123
      vertex 21.782215118408203 -1.9517741203308105 2.8179581165313721
      vertex 21.693649291992188 -1.7885347604751587 2.2863004207611084
    endloop
  endfacet
  facet normal 0.4019818145985678 -0.85438660600937122 -0.32929340747095137
    outer loop
      vertex 21.693649291992188 -1.7885347604751587 2.2863004207611084
      vertex 21.782215118408203 -1.9517741203308105 2.8179581165313721
      vertex 21.617494583129883 -2.0242969989776611 2.8050453662872314
    endloop
  endfacet
  facet normal 0.41693035416971236 -0.84898493607780534 -0.32464389426706158
    outer loop
      vertex 21.693649291992188 -1.7885347604751587 2.2863004207611084
      vertex 21.617494583129883 -2.0242969989776611 2.8050453662872314
      vertex 21.533313751220703 -1.8598678112030029 2.2669312953948975
    endloop
  endfacet
  facet normal 0.43261062294323582 -0.83440674735985298 -0.3414870844951769
    outer loop
      vertex 22.175697326660156 -1.563868522644043 2.3500545024871826
      vertex 22.277433395385742 -1.720009446144104 2.8604607582092285
      vertex 22.112154006958008 -1.79964280128479 2.8456578254699707
    endloop
  endfacet
  facet normal 0.44242727203394633 -0.83051698361289183 -0.33837796750253107
    outer loop
      vertex 22.175697326660156 -1.563868522644043 2.3500545024871826
      vertex 22.112154006958008 -1.79964280128479 2.8456578254699707
      vertex 22.014808654785156 -1.6405292749404907 2.3278501033782959
    endloop
  endfacet
  facet normal 0.42264363485524342 -0.84096214492642685 -0.33786836004143872
    outer loop
      vertex 22.014808654785156 -1.6405292749404907 2.3278501033782959
      vertex 22.112154006958008 -1.79964280128479 2.8456578254699707
      vertex 21.948904037475586 -1.8760577440261841 2.8316450119018555
    endloop
  endfacet
  facet normal 0.434172196902949 -0.83651160875168451 -0.33427957140713144
    outer loop
      vertex 22.014808654785156 -1.6405292749404907 2.3278501033782959
      vertex 21.948904037475586 -1.8760577440261841 2.8316450119018555
      vertex 21.855901718139648 -1.714606761932373 2.306830883026123
    endloop
  endfacet
  facet normal 0.45176435036172624 -0.82179130045393733 -0.34722907458977831
    outer loop
      vertex 22.492448806762695 -1.4081836938858032 2.3964879512786865
      vertex 22.602800369262695 -1.556640625 2.8914163112640381
      vertex 22.439081192016602 -1.639933705329895 2.8755393028259277
    endloop
  endfacet
  facet normal 0.45816968027205579 -0.81909155665876887 -0.34520945220216231
    outer loop
      vertex 22.492448806762695 -1.4081836938858032 2.3964879512786865
      vertex 22.439081192016602 -1.639933705329895 2.8755393028259277
      vertex 22.333059310913086 -1.4873030185699463 2.3726720809936523
    endloop
  endfacet
  facet normal 0.44232042086531725 -0.82802087532006019 -0.34457811207290928
    outer loop
      vertex 22.333059310913086 -1.4873030185699463 2.3726720809936523
      vertex 22.439081192016602 -1.639933705329895 2.8755393028259277
      vertex 22.277433395385742 -1.720009446144104 2.8604607582092285
    endloop
  endfacet
  facet normal 0.45042249043505184 -0.82468869748170737 -0.34206451490356438
    outer loop
      vertex 22.333059310913086 -1.4873030185699463 2.3726720809936523
      vertex 22.277433395385742 -1.720009446144104 2.8604607582092285
      vertex 22.175697326660156 -1.563868522644043 2.3500545024871826
    endloop
  endfacet
  facet normal -0.047989010961329202 -0.9987338320363639 -0.01509263306760944
    outer loop
      vertex 4.0226435661315918 -3.5363705158233643 3
      vertex 3.4501345157623291 -3.5088615417480469 3
      vertex 3.6936602592468262 -3.5157358646392822 2.6805765628814697
    endloop
  endfacet
  facet normal -0.051538618383712577 -0.99853923321716676 -0.016222531897661631
    outer loop
      vertex 2.8728978633880615 -3.4790680408477783 3
      vertex 3.2847023010253906 -3.4953830242156982 2.6959364414215088
      vertex 3.4501345157623291 -3.5088615417480469 3
    endloop
  endfacet
  facet normal -0.043897529141837151 -0.99895250470977626 -0.012918988710665148
    outer loop
      vertex 4.0226435661315918 -3.5363705158233643 3
      vertex 4.4761457443237305 -3.5518405437469482 2.6552515029907227
      vertex 4.588019847869873 -3.5612151622772217 3
    endloop
  endfacet
  facet normal -0.028106586956789536 -0.99958993841889721 -0.0054749229534082344
    outer loop
      vertex 5.7552371025085449 -3.6037766933441162 3
      vertex 6.042759895324707 -3.6097927093505859 2.622326135635376
      vertex 6.322239875793457 -3.6197197437286377 3
    endloop
  endfacet
  facet normal -0.039088435972970244 -0.9991767211281114 -0.0108615896103318
    outer loop
      vertex 5.1787543296813965 -3.5843250751495361 3
      vertex 4.588019847869873 -3.5612151622772217 3
      vertex 4.870964527130127 -3.5684213638305664 2.6446564197540283
    endloop
  endfacet
  facet normal -0.033721685847857369 -0.9994012203774133 -0.0077491039298195384
    outer loop
      vertex 5.653965950012207 -3.5974769592285156 2.6282243728637695
      vertex 5.7552371025085449 -3.6037766933441162 3
      vertex 5.1787543296813965 -3.5843250751495361 3
    endloop
  endfacet
  facet normal -0.022372740866000256 -0.99974587870102527 -0.0027637811884545296
    outer loop
      vertex 6.322239875793457 -3.6197197437286377 3
      vertex 6.817253589630127 -3.6297321319580078 2.6146693229675293
      vertex 6.8845338821411133 -3.63230299949646 3
    endloop
  endfacet
  facet normal -0.054605074547236648 -0.99835637951019118 -0.017401877053753283
    outer loop
      vertex 2.4766495227813721 -3.4526908397674561 2.7301051616668701
      vertex 2.8728978633880615 -3.4790680408477783 3
      vertex 2.2933392524719238 -3.4473690986633301 3
    endloop
  endfacet
  facet normal -0.061294731551196024 -0.99798418271784906 -0.016447702850349476
    outer loop
      vertex 0.83826649188995361 -3.3583419322967529 2.8123874664306641
      vertex 1.1368794441223145 -3.3797743320465088 3
      vertex 0.56478935480117798 -3.344637393951416 3
    endloop
  endfacet
  facet normal -0.061168569669146682 -0.99799495011843709 -0.01626301394973283
    outer loop
      vertex 0.83826649188995361 -3.3583419322967529 2.8123874664306641
      vertex 0.56478935480117798 -3.344637393951416 3
      vertex 0.54892182350158691 -3.3237683773040771 1.7790344953536987
    endloop
  endfacet
  facet normal -0.062765267965802604 -0.99789616937789793 -0.016240575054438343
    outer loop
      vertex 1.0658141036401503e-14 -3.3091135025024414 3
      vertex 0.54892182350158691 -3.3237683773040771 1.7790344953536987
      vertex 0.56478935480117798 -3.344637393951416 3
    endloop
  endfacet
  facet normal -0.059821193686998196 -0.99803208373193275 -0.018798527271008694
    outer loop
      vertex 1.6589094400405884 -3.4067175388336182 2.7692227363586426
      vertex 1.1368794441223145 -3.3797743320465088 3
      vertex 0.83826649188995361 -3.3583419322967529 2.8123874664306641
    endloop
  endfacet
  facet normal -0.05777353798620332 -0.99816075153925043 -0.018366610878318972
    outer loop
      vertex 2.0689516067504883 -3.4300801753997803 2.7490818500518799
      vertex 1.7138646841049194 -3.41414475440979 3
      vertex 1.6589094400405884 -3.4067175388336182 2.7692227363586426
    endloop
  endfacet
  facet normal -0.059453976668569941 -0.9980694049510106 -0.017963506312211559
    outer loop
      vertex 1.1368794441223145 -3.3797743320465088 3
      vertex 1.6589094400405884 -3.4067175388336182 2.7692227363586426
      vertex 1.7138646841049194 -3.41414475440979 3
    endloop
  endfacet
  facet normal -0.05622337064870904 -0.99824674566470784 -0.018503171693470211
    outer loop
      vertex 2.0689516067504883 -3.4300801753997803 2.7490818500518799
      vertex 2.4766495227813721 -3.4526908397674561 2.7301051616668701
      vertex 2.2933392524719238 -3.4473690986633301 3
    endloop
  endfacet
  facet normal -0.056211871348697165 -0.99825205769465963 -0.018249789803044748
    outer loop
      vertex 2.4766495227813721 -3.4526908397674561 2.7301051616668701
      vertex 2.0689516067504883 -3.4300801753997803 2.7490818500518799
      vertex 2.0111453533172607 -3.4064030647277832 1.6320099830627441
    endloop
  endfacet
  facet normal -0.056515212686529391 -0.99823728417037694 -0.01812057469139966
    outer loop
      vertex 2.4766495227813721 -3.4526908397674561 2.7301051616668701
      vertex 2.0111453533172607 -3.4064030647277832 1.6320099830627441
      vertex 2.443528413772583 -3.4301633834838867 1.5923984050750732
    endloop
  endfacet
  facet normal -0.054478764792235068 -0.99834937580391558 -0.018182079601752447
    outer loop
      vertex 2.8819220066070557 -3.4744830131530762 2.7123656272888184
      vertex 2.4766495227813721 -3.4526908397674561 2.7301051616668701
      vertex 2.443528413772583 -3.4301633834838867 1.5923984050750732
    endloop
  endfacet
  facet normal -0.055468873558334589 -0.99830187124316427 -0.017792637200978213
    outer loop
      vertex 2.8819220066070557 -3.4744830131530762 2.7123656272888184
      vertex 2.443528413772583 -3.4301633834838867 1.5923984050750732
      vertex 2.8514845371246338 -3.4521989822387695 1.5569518804550171
    endloop
  endfacet
  facet normal -0.054454892969246112 -0.99836070730586712 -0.017622790341956403
    outer loop
      vertex 2.4766495227813721 -3.4526908397674561 2.7301051616668701
      vertex 2.8819220066070557 -3.4744830131530762 2.7123656272888184
      vertex 2.8728978633880615 -3.4790680408477783 3
    endloop
  endfacet
  facet normal -0.057757265428604584 -0.99816788355428199 -0.018027049979821227
    outer loop
      vertex 2.0689516067504883 -3.4300801753997803 2.7490818500518799
      vertex 1.6589094400405884 -3.4067175388336182 2.7692227363586426
      vertex 1.5525157451629639 -3.3808193206787109 1.6761009693145752
    endloop
  endfacet
  facet normal -0.057429980814296767 -0.99818389678036379 -0.018185310336577394
    outer loop
      vertex 2.0689516067504883 -3.4300801753997803 2.7490818500518799
      vertex 1.5525157451629639 -3.3808193206787109 1.6761009693145752
      vertex 2.0111453533172607 -3.4064030647277832 1.6320099830627441
    endloop
  endfacet
  facet normal -0.057232420497395298 -0.99820577078186723 -0.017597989140456783
    outer loop
      vertex 2.0689516067504883 -3.4300801753997803 2.7490818500518799
      vertex 2.2933392524719238 -3.4473690986633301 3
      vertex 1.7138646841049194 -3.41414475440979 3
    endloop
  endfacet
  facet normal -0.058216842504478658 -0.99814200267006636 -0.017981706109208545
    outer loop
      vertex 1.0657567977905273 -3.3533098697662354 1.72499680519104
      vertex 1.5525157451629639 -3.3808193206787109 1.6761009693145752
      vertex 1.6589094400405884 -3.4067175388336182 2.7692227363586426
    endloop
  endfacet
  facet normal -0.059734767586671782 -0.99806753850142016 -0.017115669168423383
    outer loop
      vertex 1.0657567977905273 -3.3533098697662354 1.72499680519104
      vertex 1.6589094400405884 -3.4067175388336182 2.7692227363586426
      vertex 0.83826649188995361 -3.3583419322967529 2.8123874664306641
    endloop
  endfacet
  facet normal -0.016664926285336282 -0.99986081701651153 -0.00079172405459801724
    outer loop
      vertex 7.2041239738464355 -3.6373229026794434 2.6125659942626953
      vertex 7.4468913078308105 -3.6416759490966797 3
      vertex 6.8845338821411133 -3.63230299949646 3
    endloop
  endfacet
  facet normal -0.011127618697105922 -0.99993805517880374 0.00024881190419234143
    outer loop
      vertex 7.4468913078308105 -3.6416759490966797 3
      vertex 7.6041111946105957 -3.6435222625732422 2.6112880706787109
      vertex 8.0140838623046875 -3.6479878425598145 3
    endloop
  endfacet
  facet normal 0.0043440350907276619 -0.99998359954261107 0.0037322921822321858
    outer loop
      vertex 9.182063102722168 -3.6520256996154785 3
      vertex 9.5417041778564453 -3.6519176959991455 2.6103489398956299
      vertex 10.033137321472168 -3.6483285427093506 3
    endloop
  endfacet
  facet normal -0.0058946224208497166 -0.99998026448521271 0.0021734917988419423
    outer loop
      vertex 8.0140838623046875 -3.6479878425598145 3
      vertex 8.3820772171020508 -3.6510038375854492 2.6104178428649902
      vertex 8.5908842086791992 -3.6513879299163818 3
    endloop
  endfacet
  facet normal 0.017644071196549004 -0.99984295546675273 -0.0016586606404172025
    outer loop
      vertex 10.904234886169434 -3.6383142471313477 3
      vertex 11.123533248901367 -3.6337981224060059 2.6104691028594971
      vertex 11.345165252685547 -3.6305332183837891 3
    endloop
  endfacet
  facet normal 0.027121121487425633 -0.99961776087442833 -0.0053644117718906082
    outer loop
      vertex 12.233530044555664 -3.6086142063140869 3
      vertex 11.788547515869141 -3.6206872463226318 3
      vertex 11.912433624267578 -3.6152374744415283 2.6108131408691406
    endloop
  endfacet
  facet normal 0.022200912578091293 -0.99974799872205777 -0.0033254371052210468
    outer loop
      vertex 11.788547515869141 -3.6206872463226318 3
      vertex 11.345165252685547 -3.6305332183837891 3
      vertex 11.519571304321289 -3.6253650188446045 2.610600471496582
    endloop
  endfacet
  facet normal 0.011495390931147299 -0.99993124502546171 0.0023154285068185212
    outer loop
      vertex 10.033137321472168 -3.6483285427093506 3
      vertex 10.32713794708252 -3.6458508968353271 2.6103630065917969
      vertex 10.904234886169434 -3.6383142471313477 3
    endloop
  endfacet
  facet normal -0.0010788055706964451 -0.99999589989150439 0.0026526173340729411
    outer loop
      vertex 9.182063102722168 -3.6520256996154785 3
      vertex 8.5908842086791992 -3.6513879299163818 3
      vertex 8.7658805847167969 -3.6526103019714355 2.6103546619415283
    endloop
  endfacet
  facet normal 0.044307984209672288 -0.99885600895968163 -0.01798543578598754
    outer loop
      vertex 13.124892234802246 -3.5771396160125732 3
      vertex 13.460895538330078 -3.5552663803100586 2.612987756729126
      vertex 13.56956958770752 -3.5574142932891846 3
    endloop
  endfacet
  facet normal 0.050950448237952903 -0.99844603251102426 -0.022573701232771248
    outer loop
      vertex 13.56956958770752 -3.5574142932891846 3
      vertex 13.838456153869629 -3.5349657535552979 2.6139860153198242
      vertex 14.012442588806152 -3.5348145961761475 3
    endloop
  endfacet
  facet normal 0.038144757268795397 -0.99916854881388573 -0.014394045784930368
    outer loop
      vertex 13.087411880493164 -3.572983980178833 2.6122105121612549
      vertex 13.124892234802246 -3.5771396160125732 3
      vertex 12.679262161254883 -3.5941522121429443 3
    endloop
  endfacet
  facet normal 0.065842501394593217 -0.99720676250787765 -0.035262413681711208
    outer loop
      vertex 14.605643272399902 -3.4855268001556396 2.616802453994751
      vertex 14.889369010925293 -3.4803435802459717 3
      vertex 14.452659606933594 -3.5091781616210938 3
    endloop
  endfacet
  facet normal 0.083187403824866765 -0.99484156517995237 -0.058052700498604684
    outer loop
      vertex 15.748862266540527 -3.4124314785003662 3
      vertex 15.321721076965332 -3.4481484889984131 3
      vertex 15.58600902557373 -3.4040098190307617 2.6223163604736328
    endloop
  endfacet
  facet normal 0.074188832548472403 -0.99629147756687575 -0.0435810607111193
    outer loop
      vertex 14.889369010925293 -3.4803435802459717 3
      vertex 14.995065689086914 -3.4557938575744629 2.6187067031860352
      vertex 15.321721076965332 -3.4481484889984131 3
    endloop
  endfacet
  facet normal 0.058114126180581975 -0.99790894413804243 -0.028292888639453277
    outer loop
      vertex 14.220065116882324 -3.5118148326873779 2.615243673324585
      vertex 14.452659606933594 -3.5091781616210938 3
      vertex 14.012442588806152 -3.5348145961761475 3
    endloop
  endfacet
  facet normal 0.032427407883404334 -0.99944288345656307 -0.0078984761817755128
    outer loop
      vertex 12.304795265197754 -3.6032288074493408 2.6111335754394531
      vertex 12.679262161254883 -3.5941522121429443 3
      vertex 12.233530044555664 -3.6086142063140869 3
    endloop
  endfacet
  facet normal 0.092938530838339847 -0.99323165692344551 -0.069665667087294367
    outer loop
      vertex 15.748862266540527 -3.4124314785003662 3
      vertex 15.988089561462402 -3.363767147064209 2.6253316402435303
      vertex 16.169942855834961 -3.3730301856994629 3
    endloop
  endfacet
  facet normal -0.052526135825454429 -0.99846507850816757 -0.017563941895967113
    outer loop
      vertex 3.2847023010253906 -3.4953830242156982 2.6959364414215088
      vertex 2.8728978633880615 -3.4790680408477783 3
      vertex 2.8819220066070557 -3.4744830131530762 2.7123656272888184
    endloop
  endfacet
  facet normal -0.05033143158602707 -0.99858988553676564 -0.016881572739835891
    outer loop
      vertex 3.4501345157623291 -3.5088615417480469 3
      vertex 3.2847023010253906 -3.4953830242156982 2.6959364414215088
      vertex 3.6936602592468262 -3.5157358646392822 2.6805765628814697
    endloop
  endfacet
  facet normal -0.050318907882074784 -0.99859623745275228 -0.016539711447347717
    outer loop
      vertex 3.6010720729827881 -3.4914727210998535 1.4973547458648682
      vertex 3.6936602592468262 -3.5157358646392822 2.6805765628814697
      vertex 3.2847023010253906 -3.4953830242156982 2.6959364414215088
    endloop
  endfacet
  facet normal -0.04522548914790861 -0.99886908939433083 -0.014669607488702652
    outer loop
      vertex 4.0226435661315918 -3.5363705158233643 3
      vertex 4.0941758155822754 -3.5347175598144531 2.6669189929962158
      vertex 4.4761457443237305 -3.5518405437469482 2.6552515029907227
    endloop
  endfacet
  facet normal -0.045226090799403915 -0.99886876570081851 -0.014689779383213858
    outer loop
      vertex 4.2731838226318359 -3.5249397754669189 1.4509336948394775
      vertex 4.4761457443237305 -3.5518405437469482 2.6552515029907227
      vertex 4.0941758155822754 -3.5347175598144531 2.6669189929962158
    endloop
  endfacet
  facet normal -0.047847525689791719 -0.99874089179946901 -0.015074658635139739
    outer loop
      vertex 4.0941758155822754 -3.5347175598144531 2.6669189929962158
      vertex 3.6936602592468262 -3.5157358646392822 2.6805765628814697
      vertex 4.2731838226318359 -3.5249397754669189 1.4509336948394775
    endloop
  endfacet
  facet normal -0.04785280591145688 -0.99873823328194744 -0.015233198851679102
    outer loop
      vertex 4.0226435661315918 -3.5363705158233643 3
      vertex 3.6936602592468262 -3.5157358646392822 2.6805765628814697
      vertex 4.0941758155822754 -3.5347175598144531 2.6669189929962158
    endloop
  endfacet
  facet normal -0.039045650906806374 -0.99917798982869244 -0.010898705756078354
    outer loop
      vertex 5.1787543296813965 -3.5843250751495361 3
      vertex 4.870964527130127 -3.5684213638305664 2.6446564197540283
      vertex 5.2634868621826172 -3.5836620330810547 2.6356508731842041
    endloop
  endfacet
  facet normal -0.039084234458281748 -0.99915625831020438 -0.012617214286940506
    outer loop
      vertex 5.2634868621826172 -3.5836620330810547 2.6356508731842041
      vertex 4.870964527130127 -3.5684213638305664 2.6446564197540283
      vertex 4.8800754547119141 -3.5532572269439697 1.4155867099761963
    endloop
  endfacet
  facet normal -0.043472420221257219 -0.99899146329188371 -0.011234097651686935
    outer loop
      vertex 5.2634868621826172 -3.5836620330810547 2.6356508731842041
      vertex 4.8800754547119141 -3.5532572269439697 1.4155867099761963
      vertex 5.4329795837402344 -3.5770230293273926 1.3893944025039673
    endloop
  endfacet
  facet normal -0.031785289730060229 -0.99946044296038394 -0.0082775790065171048
    outer loop
      vertex 5.7552371025085449 -3.6037766933441162 3
      vertex 5.653965950012207 -3.5974769592285156 2.6282243728637695
      vertex 6.042759895324707 -3.6097927093505859 2.622326135635376
    endloop
  endfacet
  facet normal -0.031778743135148092 -0.99946419338093717 -0.0078382162602777146
    outer loop
      vertex 5.942108154296875 -3.596776008605957 1.3706203699111938
      vertex 6.042759895324707 -3.6097927093505859 2.622326135635376
      vertex 5.653965950012207 -3.5974769592285156 2.6282243728637695
    endloop
  endfacet
  facet normal -0.027821189462114974 -0.99959669959223829 -0.0056938195631499348
    outer loop
      vertex 6.416651725769043 -3.6129956245422363 1.3577107191085815
      vertex 6.4303364753723145 -3.6205544471740723 2.6178574562072754
      vertex 6.042759895324707 -3.6097927093505859 2.622326135635376
    endloop
  endfacet
  facet normal -0.027821104696216532 -0.9995967444157865 -0.0056863597180584896
    outer loop
      vertex 6.322239875793457 -3.6197197437286377 3
      vertex 6.042759895324707 -3.6097927093505859 2.622326135635376
      vertex 6.4303364753723145 -3.6205544471740723 2.6178574562072754
    endloop
  endfacet
  facet normal -0.03554843580971264 -0.99931632659802716 -0.010158154660552844
    outer loop
      vertex 5.653965950012207 -3.5974769592285156 2.6282243728637695
      vertex 5.2634868621826172 -3.5836620330810547 2.6356508731842041
      vertex 5.4329795837402344 -3.5770230293273926 1.3893944025039673
    endloop
  endfacet
  facet normal -0.039117199137244589 -0.99918928377196137 -0.009519449928001902
    outer loop
      vertex 5.653965950012207 -3.5974769592285156 2.6282243728637695
      vertex 5.4329795837402344 -3.5770230293273926 1.3893944025039673
      vertex 5.942108154296875 -3.596776008605957 1.3706203699111938
    endloop
  endfacet
  facet normal -0.035547078673750301 -0.99931711243228893 -0.010085335777957736
    outer loop
      vertex 5.1787543296813965 -3.5843250751495361 3
      vertex 5.2634868621826172 -3.5836620330810547 2.6356508731842041
      vertex 5.653965950012207 -3.5974769592285156 2.6282243728637695
    endloop
  endfacet
  facet normal -0.042294272713826964 -0.99902524504094703 -0.012639393438143401
    outer loop
      vertex 4.870964527130127 -3.5684213638305664 2.6446564197540283
      vertex 4.4761457443237305 -3.5518405437469482 2.6552515029907227
      vertex 4.8800754547119141 -3.5532572269439697 1.4155867099761963
    endloop
  endfacet
  facet normal -0.042315127995007418 -0.9990139904746711 -0.013434164605219128
    outer loop
      vertex 4.588019847869873 -3.5612151622772217 3
      vertex 4.4761457443237305 -3.5518405437469482 2.6552515029907227
      vertex 4.870964527130127 -3.5684213638305664 2.6446564197540283
    endloop
  endfacet
  facet normal -0.019634707775030055 -0.9998019634980615 -0.0032422270139183572
    outer loop
      vertex 6.8845338821411133 -3.63230299949646 3
      vertex 6.817253589630127 -3.6297321319580078 2.6146693229675293
      vertex 7.2041239738464355 -3.6373229026794434 2.6125659942626953
    endloop
  endfacet
  facet normal -0.019636655214747178 -0.99980068284344614 -0.0036050461516999744
    outer loop
      vertex 7.2041239738464355 -3.6373229026794434 2.6125659942626953
      vertex 6.817253589630127 -3.6297321319580078 2.6146693229675293
      vertex 6.8647794723510742 -3.6261029243469238 1.3492947816848755
    endloop
  endfacet
  facet normal -0.024170064827694394 -0.99970501298500747 -0.0023864154858612434
    outer loop
      vertex 7.2041239738464355 -3.6373229026794434 2.6125659942626953
      vertex 6.8647794723510742 -3.6261029243469238 1.3492947816848755
      vertex 7.2936391830444336 -3.6364593505859375 1.3441842794418335
    endloop
  endfacet
  facet normal -0.01148288190760397 -0.99993387511526255 0.00062355438457848951
    outer loop
      vertex 8.0140838623046875 -3.6479878425598145 3
      vertex 7.6041111946105957 -3.6435222625732422 2.6112880706787109
      vertex 7.9956822395324707 -3.6480193138122559 2.6106629371643066
    endloop
  endfacet
  facet normal -0.011484335989394859 -0.99993401186112396 -0.00028626945306513762
    outer loop
      vertex 7.9956822395324707 -3.6480193138122559 2.6106629371643066
      vertex 7.6041111946105957 -3.6435222625732422 2.6112880706787109
      vertex 7.7093567848205566 -3.6443674564361572 1.3413739204406738
    endloop
  endfacet
  facet normal -0.013988285286547242 -0.99990212032098891 0.00027866168160246781
    outer loop
      vertex 7.9956822395324707 -3.6480193138122559 2.6106629371643066
      vertex 7.7093567848205566 -3.6443674564361572 1.3413739204406738
      vertex 8.1170377731323242 -3.6500711441040039 1.3400410413742065
    endloop
  endfacet
  facet normal -0.015502678370802393 -0.99987825104475492 -0.0017748383062667159
    outer loop
      vertex 7.6041111946105957 -3.6435222625732422 2.6112880706787109
      vertex 7.2041239738464355 -3.6373229026794434 2.6125659942626953
      vertex 7.2936391830444336 -3.6364593505859375 1.3441842794418335
    endloop
  endfacet
  facet normal -0.019025493065442045 -0.99981858359120779 -0.00091132830956434463
    outer loop
      vertex 7.6041111946105957 -3.6435222625732422 2.6112880706787109
      vertex 7.2936391830444336 -3.6364593505859375 1.3441842794418335
      vertex 7.7093567848205566 -3.6443674564361572 1.3413739204406738
    endloop
  endfacet
  facet normal -0.015501873098129195 -0.99987868234584143 -0.0015206974693364869
    outer loop
      vertex 7.4468913078308105 -3.6416759490966797 3
      vertex 7.2041239738464355 -3.6373229026794434 2.6125659942626953
      vertex 7.6041111946105957 -3.6435222625732422 2.6112880706787109
    endloop
  endfacet
  facet normal -0.0041853973640206934 -0.99999045068063963 0.001257376807567819
    outer loop
      vertex 8.5908842086791992 -3.6513879299163818 3
      vertex 8.3820772171020508 -3.6510038375854492 2.6104178428649902
      vertex 8.7658805847167969 -3.6526103019714355 2.6103546619415283
    endloop
  endfacet
  facet normal -0.0041853203901838689 -0.99998978288309126 0.0017079878979584912
    outer loop
      vertex 8.5207643508911133 -3.6537549495697021 1.3395459651947021
      vertex 8.7658805847167969 -3.6526103019714355 2.6103546619415283
      vertex 8.3820772171020508 -3.6510038375854492 2.6104178428649902
    endloop
  endfacet
  facet normal 0.0025494007635574454 -0.99999459563846738 0.0020758732151142352
    outer loop
      vertex 9.182063102722168 -3.6520256996154785 3
      vertex 9.1490182876586914 -3.652918815612793 2.6103487014770508
      vertex 9.5417041778564453 -3.6519176959991455 2.6103489398956299
    endloop
  endfacet
  facet normal 0.0025493987631428241 -0.99999388655498733 0.0023932025818647513
    outer loop
      vertex 9.3275823593139648 -3.6555051803588867 1.3394241333007812
      vertex 9.5417041778564453 -3.6519176959991455 2.6103489398956299
      vertex 9.1490182876586914 -3.652918815612793 2.6103487014770508
    endloop
  endfacet
  facet normal 0.0059657167719499851 -0.99998142983896976 0.0012450705225435844
    outer loop
      vertex 10.142687797546387 -3.6499147415161133 1.3394323587417603
      vertex 9.9336709976196289 -3.6495792865753174 2.6103513240814209
      vertex 9.5417041778564453 -3.6519176959991455 2.6103489398956299
    endloop
  endfacet
  facet normal 0.0059657102190470677 -0.99998078200219842 0.0016869878050173306
    outer loop
      vertex 10.033137321472168 -3.6483285427093506 3
      vertex 9.5417041778564453 -3.6519176959991455 2.6103489398956299
      vertex 9.9336709976196289 -3.6495792865753174 2.6103513240814209
    endloop
  endfacet
  facet normal -0.00080519748861519042 -0.999997828991672 0.0019218920226915048
    outer loop
      vertex 9.1490182876586914 -3.652918815612793 2.6103487014770508
      vertex 8.7658805847167969 -3.6526103019714355 2.6103546619415283
      vertex 9.3275823593139648 -3.6555051803588867 1.3394241333007812
    endloop
  endfacet
  facet normal -0.00080518991127564163 -0.99999689016052118 0.0023603682961215065
    outer loop
      vertex 9.182063102722168 -3.6520256996154785 3
      vertex 8.7658805847167969 -3.6526103019714355 2.6103546619415283
      vertex 9.1490182876586914 -3.652918815612793 2.6103487014770508
    endloop
  endfacet
  facet normal -0.0077232334901259098 -0.99996979069008973 0.00087713834442256649
    outer loop
      vertex 8.3820772171020508 -3.6510038375854492 2.6104178428649902
      vertex 7.9956822395324707 -3.6480193138122559 2.6106629371643066
      vertex 8.1170377731323242 -3.6500711441040039 1.3400410413742065
    endloop
  endfacet
  facet normal -0.0091226861369070322 -0.99995770398843509 0.0011691158302499221
    outer loop
      vertex 8.3820772171020508 -3.6510038375854492 2.6104178428649902
      vertex 8.1170377731323242 -3.6500711441040039 1.3400410413742065
      vertex 8.5207643508911133 -3.6537549495697021 1.3395459651947021
    endloop
  endfacet
  facet normal -0.0077235092324516464 -0.99997007385280834 0.00044587436073262413
    outer loop
      vertex 8.0140838623046875 -3.6479878425598145 3
      vertex 7.9956822395324707 -3.6480193138122559 2.6106629371643066
      vertex 8.3820772171020508 -3.6510038375854492 2.6104178428649902
    endloop
  endfacet
  facet normal -0.023760225511596459 -0.99970121574423776 -0.0057385471271760519
    outer loop
      vertex 6.817253589630127 -3.6297321319580078 2.6146693229675293
      vertex 6.4303364753723145 -3.6205544471740723 2.6178574562072754
      vertex 6.416651725769043 -3.6129956245422363 1.3577107191085815
    endloop
  endfacet
  facet normal -0.029310742537213247 -0.99956247311154656 -0.0039677095465889762
    outer loop
      vertex 6.817253589630127 -3.6297321319580078 2.6146693229675293
      vertex 6.416651725769043 -3.6129956245422363 1.3577107191085815
      vertex 6.8647794723510742 -3.6261029243469238 1.3492947816848755
    endloop
  endfacet
  facet normal -0.023750457864637354 -0.99970763359176518 -0.0045346542947645842
    outer loop
      vertex 6.322239875793457 -3.6197197437286377 3
      vertex 6.4303364753723145 -3.6205544471740723 2.6178574562072754
      vertex 6.817253589630127 -3.6297321319580078 2.6146693229675293
    endloop
  endfacet
  facet normal 0.013158603657454552 -0.99991341082594543 -0.00014832467821622244
    outer loop
      vertex 10.904234886169434 -3.6383142471313477 3
      vertex 10.32713794708252 -3.6458508968353271 2.6103630065917969
      vertex 10.723562240600586 -3.6406340599060059 2.6103963851928711
    endloop
  endfacet
  facet normal 0.013158494583270291 -0.99991286028856263 0.0010610607180480452
    outer loop
      vertex 10.723562240600586 -3.6406340599060059 2.6103963851928711
      vertex 10.32713794708252 -3.6458508968353271 2.6103630065917969
      vertex 10.55473804473877 -3.6442043781280518 1.3394654989242554
    endloop
  endfacet
  facet normal 0.018900943780236049 -0.99982131679480413 0.00029800489979957392
    outer loop
      vertex 10.723562240600586 -3.6406340599060059 2.6103963851928711
      vertex 10.55473804473877 -3.6442043781280518 1.3394654989242554
      vertex 10.970272064208984 -3.6363489627838135 1.3395546674728394
    endloop
  endfacet
  facet normal 0.021289933444242425 -0.99976637183867068 -0.0037336944813943888
    outer loop
      vertex 11.345165252685547 -3.6305332183837891 3
      vertex 11.123533248901367 -3.6337981224060059 2.6104691028594971
      vertex 11.519571304321289 -3.6253650188446045 2.610600471496582
    endloop
  endfacet
  facet normal 0.021289341009940219 -0.999772108758329 -0.0015794012429758033
    outer loop
      vertex 11.519571304321289 -3.6253650188446045 2.610600471496582
      vertex 11.123533248901367 -3.6337981224060059 2.6104691028594971
      vertex 11.389573097229004 -3.6261255741119385 1.3397427797317505
    endloop
  endfacet
  facet normal 0.030397366569306791 -0.99953473870882836 -0.0025112188127819996
    outer loop
      vertex 11.519571304321289 -3.6253650188446045 2.610600471496582
      vertex 11.389573097229004 -3.6261255741119385 1.3397427797317505
      vertex 11.812861442565918 -3.6132535934448242 1.3400849103927612
    endloop
  endfacet
  facet normal 0.017088596627963509 -0.99985397781674679 -5.3938064984343953e-05
    outer loop
      vertex 11.123533248901367 -3.6337981224060059 2.6104691028594971
      vertex 10.723562240600586 -3.6406340599060059 2.6103963851928711
      vertex 10.970272064208984 -3.6363489627838135 1.3395546674728394
    endloop
  endfacet
  facet normal 0.024375141870474477 -0.99970244677570264 -0.00093293593972324559
    outer loop
      vertex 11.123533248901367 -3.6337981224060059 2.6104691028594971
      vertex 10.970272064208984 -3.6363489627838135 1.3395546674728394
      vertex 11.389573097229004 -3.6261255741119385 1.3397427797317505
    endloop
  endfacet
  facet normal 0.017088911939595081 -0.99985203056575667 -0.0019713097814185662
    outer loop
      vertex 10.904234886169434 -3.6383142471313477 3
      vertex 10.723562240600586 -3.6406340599060059 2.6103963851928711
      vertex 11.123533248901367 -3.6337981224060059 2.6104691028594971
    endloop
  endfacet
  facet normal 0.030597475492791074 -0.99949786687253306 -0.0082345983948228733
    outer loop
      vertex 12.233530044555664 -3.6086142063140869 3
      vertex 11.912433624267578 -3.6152374744415283 2.6108131408691406
      vertex 12.304795265197754 -3.6032288074493408 2.6111335754394531
    endloop
  endfacet
  facet normal 0.030596228575471302 -0.99951295188129508 -0.0061424602967568836
    outer loop
      vertex 12.240290641784668 -3.597395658493042 1.3406481742858887
      vertex 12.304795265197754 -3.6032288074493408 2.6111335754394531
      vertex 11.912433624267578 -3.6152374744415283 2.6108131408691406
    endloop
  endfacet
  facet normal 0.041450812674160599 -0.9990809827374838 -0.01090963156825271
    outer loop
      vertex 12.679262161254883 -3.5941522121429443 3
      vertex 12.696499824523926 -3.589195728302002 2.6115896701812744
      vertex 13.087411880493164 -3.572983980178833 2.6122105121612549
    endloop
  endfacet
  facet normal 0.041449156214641909 -0.99909559015876459 -0.0094852081897906469
    outer loop
      vertex 13.087411880493164 -3.572983980178833 2.6122105121612549
      vertex 12.696499824523926 -3.589195728302002 2.6115896701812744
      vertex 12.671953201293945 -3.5781562328338623 1.3415123224258423
    endloop
  endfacet
  facet normal 0.052889645531355702 -0.9985127456351488 -0.013228083751012421
    outer loop
      vertex 13.087411880493164 -3.572983980178833 2.6122105121612549
      vertex 12.671953201293945 -3.5781562328338623 1.3415123224258423
      vertex 13.107874870300293 -3.5550827980041504 1.3427690267562866
    endloop
  endfacet
  facet normal 0.047408920512127889 -0.99878674600412443 -0.013320295130639545
    outer loop
      vertex 13.460895538330078 -3.5552663803100586 2.612987756729126
      vertex 13.087411880493164 -3.572983980178833 2.6122105121612549
      vertex 13.107874870300293 -3.5550827980041504 1.3427690267562866
    endloop
  endfacet
  facet normal 0.062230023861622991 -0.99790946288200533 -0.017439266633941679
    outer loop
      vertex 13.460895538330078 -3.5552663803100586 2.612987756729126
      vertex 13.107874870300293 -3.5550827980041504 1.3427690267562866
      vertex 13.548019409179688 -3.5276658535003662 1.3445223569869995
    endloop
  endfacet
  facet normal 0.047411668736724234 -0.99875847578708388 -0.015285310303033966
    outer loop
      vertex 13.124892234802246 -3.5771396160125732 3
      vertex 13.087411880493164 -3.572983980178833 2.6122105121612549
      vertex 13.460895538330078 -3.5552663803100586 2.612987756729126
    endloop
  endfacet
  facet normal 0.035809418756750103 -0.99933810311612736 -0.0064063397165658297
    outer loop
      vertex 12.696499824523926 -3.589195728302002 2.6115896701812744
      vertex 12.304795265197754 -3.6032288074493408 2.6111335754394531
      vertex 12.240290641784668 -3.597395658493042 1.3406481742858887
    endloop
  endfacet
  facet normal 0.044543357719692957 -0.9989618632690862 -0.0095438470760609781
    outer loop
      vertex 12.696499824523926 -3.589195728302002 2.6115896701812744
      vertex 12.240290641784668 -3.597395658493042 1.3406481742858887
      vertex 12.671953201293945 -3.5781562328338623 1.3415123224258423
    endloop
  endfacet
  facet normal 0.035813453801180076 -0.99929614914881026 -0.011162563468560026
    outer loop
      vertex 12.679262161254883 -3.5941522121429443 3
      vertex 12.304795265197754 -3.6032288074493408 2.6111335754394531
      vertex 12.696499824523926 -3.589195728302002 2.6115896701812744
    endloop
  endfacet
  facet normal 0.025772074425435023 -0.99966143405825048 -0.0035801447473774554
    outer loop
      vertex 11.912433624267578 -3.6152374744415283 2.6108131408691406
      vertex 11.519571304321289 -3.6253650188446045 2.610600471496582
      vertex 11.812861442565918 -3.6132535934448242 1.3400849103927612
    endloop
  endfacet
  facet normal 0.025773004658112629 -0.99965102994541633 -0.0057940106973810293
    outer loop
      vertex 11.788547515869141 -3.6206872463226318 3
      vertex 11.519571304321289 -3.6253650188446045 2.610600471496582
      vertex 11.912433624267578 -3.6152374744415283 2.6108131408691406
    endloop
  endfacet
  facet normal 0.060621743824978279 -0.99779738154420494 -0.026933056995952297
    outer loop
      vertex 14.012442588806152 -3.5348145961761475 3
      vertex 13.838456153869629 -3.5349657535552979 2.6139860153198242
      vertex 14.220065116882324 -3.5118148326873779 2.615243673324585
    endloop
  endfacet
  facet normal 0.060616361033105942 -0.99787617962916852 -0.023849253736743205
    outer loop
      vertex 14.220065116882324 -3.5118148326873779 2.615243673324585
      vertex 13.838456153869629 -3.5349657535552979 2.6139860153198242
      vertex 13.992284774780273 -3.4953377246856689 1.3468883037567139
    endloop
  endfacet
  facet normal 0.084337269070437523 -0.9960413826708836 -0.028085388600036572
    outer loop
      vertex 14.220065116882324 -3.5118148326873779 2.615243673324585
      vertex 13.992284774780273 -3.4953377246856689 1.3468883037567139
      vertex 14.44050407409668 -3.4574735164642334 1.3499957323074341
    endloop
  endfacet
  facet normal 0.07626843718643167 -0.9961598567439105 -0.042996107976080236
    outer loop
      vertex 14.889369010925293 -3.4803435802459717 3
      vertex 14.605643272399902 -3.4855268001556396 2.616802453994751
      vertex 14.995065689086914 -3.4557938575744629 2.6187067031860352
    endloop
  endfacet
  facet normal 0.076262596000526886 -0.99630146406648445 -0.03959051843863548
    outer loop
      vertex 14.892449378967285 -3.4133918285369873 1.3539849519729614
      vertex 14.995065689086914 -3.4557938575744629 2.6187067031860352
      vertex 14.605643272399902 -3.4855268001556396 2.616802453994751
    endloop
  endfacet
  facet normal 0.068112294370591436 -0.99719711191332283 -0.030961836949732615
    outer loop
      vertex 14.605643272399902 -3.4855268001556396 2.616802453994751
      vertex 14.220065116882324 -3.5118148326873779 2.615243673324585
      vertex 14.44050407409668 -3.4574735164642334 1.3499957323074341
    endloop
  endfacet
  facet normal 0.097321984778046267 -0.99464739045264317 -0.03471310911757549
    outer loop
      vertex 14.605643272399902 -3.4855268001556396 2.616802453994751
      vertex 14.44050407409668 -3.4574735164642334 1.3499957323074341
      vertex 14.892449378967285 -3.4133918285369873 1.3539849519729614
    endloop
  endfacet
  facet normal 0.06811839204062943 -0.99708586037023117 -0.034346349377411829
    outer loop
      vertex 14.452659606933594 -3.5091781616210938 3
      vertex 14.220065116882324 -3.5118148326873779 2.615243673324585
      vertex 14.605643272399902 -3.4855268001556396 2.616802453994751
    endloop
  endfacet
  facet normal 0.092201535097563 -0.99439765741715946 -0.051693092855028135
    outer loop
      vertex 15.321721076965332 -3.4481484889984131 3
      vertex 15.388155937194824 -3.4222867488861084 2.6210043430328369
      vertex 15.58600902557373 -3.4040098190307617 2.6223163604736328
    endloop
  endfacet
  facet normal 0.1024486560014207 -0.99270781195962721 -0.063525372551700141
    outer loop
      vertex 15.748862266540527 -3.4124314785003662 3
      vertex 15.784690856933594 -3.3846566677093506 2.6237459182739258
      vertex 15.988089561462402 -3.363767147064209 2.6253316402435303
    endloop
  endfacet
  facet normal 0.10797043365086356 -0.99117460835997151 -0.076910865290291661
    outer loop
      vertex 16.169942855834961 -3.3730301856994629 3
      vertex 15.988089561462402 -3.363767147064209 2.6253316402435303
      vertex 16.192272186279297 -3.3416588306427002 2.6270542144775391
    endloop
  endfacet
  facet normal 0.097206358266299878 -0.99320044338949853 -0.064060933208212115
    outer loop
      vertex 15.748862266540527 -3.4124314785003662 3
      vertex 15.58600902557373 -3.4040098190307617 2.6223163604736328
      vertex 15.784690856933594 -3.3846566677093506 2.6237459182739258
    endloop
  endfacet
  facet normal 0.085121683692632899 -0.99490596768470385 -0.054003837184909392
    outer loop
      vertex 15.388155937194824 -3.4222867488861084 2.6210043430328369
      vertex 14.995065689086914 -3.4557938575744629 2.6187067031860352
      vertex 15.436324119567871 -3.3839616775512695 1.9908697605133057
    endloop
  endfacet
  facet normal 0.08512039148259827 -0.99496150561679708 -0.052972835440492604
    outer loop
      vertex 15.321721076965332 -3.4481484889984131 3
      vertex 14.995065689086914 -3.4557938575744629 2.6187067031860352
      vertex 15.388155937194824 -3.4222867488861084 2.6210043430328369
    endloop
  endfacet
  facet normal 0.053729120120792236 -0.99839269263756081 -0.018033661274582117
    outer loop
      vertex 13.838456153869629 -3.5349657535552979 2.6139860153198242
      vertex 13.460895538330078 -3.5552663803100586 2.612987756729126
      vertex 13.548019409179688 -3.5276658535003662 1.3445223569869995
    endloop
  endfacet
  facet normal 0.072676024683998086 -0.99710489838991478 -0.022361060864109484
    outer loop
      vertex 13.838456153869629 -3.5349657535552979 2.6139860153198242
      vertex 13.548019409179688 -3.5276658535003662 1.3445223569869995
      vertex 13.992284774780273 -3.4953377246856689 1.3468883037567139
    endloop
  endfacet
  facet normal 0.053733268445086378 -0.99834221126176115 -0.020629228661903531
    outer loop
      vertex 13.56956958770752 -3.5574142932891846 3
      vertex 13.460895538330078 -3.5552663803100586 2.612987756729126
      vertex 13.838456153869629 -3.5349657535552979 2.6139860153198242
    endloop
  endfacet
  facet normal 0.0094752428243968928 -0.99995344851687873 0.0018222438422235304
    outer loop
      vertex 10.32713794708252 -3.6458508968353271 2.6103630065917969
      vertex 9.9336709976196289 -3.6495792865753174 2.6103513240814209
      vertex 10.142687797546387 -3.6499147415161133 1.3394323587417603
    endloop
  endfacet
  facet normal 0.013856979417500239 -0.99990328389349215 0.0011861620603959198
    outer loop
      vertex 10.32713794708252 -3.6458508968353271 2.6103630065917969
      vertex 10.142687797546387 -3.6499147415161133 1.3394323587417603
      vertex 10.55473804473877 -3.6442043781280518 1.3394654989242554
    endloop
  endfacet
  facet normal 0.0094752862076912473 -0.99995479560664702 0.00079100856583889988
    outer loop
      vertex 10.033137321472168 -3.6483285427093506 3
      vertex 9.9336709976196289 -3.6495792865753174 2.6103513240814209
      vertex 10.32713794708252 -3.6458508968353271 2.6103630065917969
    endloop
  endfacet
  facet normal -0.052538418624237145 -0.99845895022026143 -0.017872864726106628
    outer loop
      vertex 3.2847023010253906 -3.4953830242156982 2.6959364414215088
      vertex 2.8819220066070557 -3.4744830131530762 2.7123656272888184
      vertex 2.8514845371246338 -3.4521989822387695 1.5569518804550171
    endloop
  endfacet
  facet normal -0.053696080324356056 -0.99840518251472821 -0.017430504454335888
    outer loop
      vertex 3.2847023010253906 -3.4953830242156982 2.6959364414215088
      vertex 2.8514845371246338 -3.4521989822387695 1.5569518804550171
      vertex 3.6010720729827881 -3.4914727210998535 1.4973547458648682
    endloop
  endfacet
  facet normal 0.11343801589185327 -0.99059289101146997 -0.076534572763278463
    outer loop
      vertex 16.378253936767578 -3.3204915523529053 2.6287429332733154
      vertex 16.169942855834961 -3.3730301856994629 3
      vertex 16.192272186279297 -3.3416588306427002 2.6270542144775391
    endloop
  endfacet
  facet normal 0.29894517162382211 -0.90917528372235967 -0.28988288640616572
    outer loop
      vertex 20.799999237060547 -2.5752794742584229 3.4403042793273926
      vertex 21.052515029907227 -2.6328492164611816 3.8812732696533203
      vertex 20.799999237060547 -2.7158787250518799 3.8812732696533203
    endloop
  endfacet
  facet normal 0.34015431308807725 -0.8873234745839339 -0.31137131328989376
    outer loop
      vertex 21.569238662719727 -2.4419171810150146 3.8812732696533203
      vertex 21.308822631835938 -2.5417473316192627 3.8812732696533203
      vertex 21.358781814575195 -2.3294951915740967 3.3309898376464844
    endloop
  endfacet
  facet normal 0.36312294154022379 -0.87586287995977341 -0.31781432446594809
    outer loop
      vertex 21.569238662719727 -2.4419171810150146 3.8812732696533203
      vertex 21.358781814575195 -2.3294951915740967 3.3309898376464844
      vertex 21.529256820678711 -2.2609579563140869 3.3368868827819824
    endloop
  endfacet
  facet normal 0.31953299176157224 -0.89897958749840101 -0.29955695357828588
    outer loop
      vertex 21.308822631835938 -2.5417473316192627 3.8812732696533203
      vertex 21.052515029907227 -2.6328492164611816 3.8812732696533203
      vertex 21.013528823852539 -2.4596648216247559 3.319955587387085
    endloop
  endfacet
  facet normal 0.33754980174003552 -0.88960809826633824 -0.30766469222875109
    outer loop
      vertex 21.308822631835938 -2.5417473316192627 3.8812732696533203
      vertex 21.013528823852539 -2.4596648216247559 3.319955587387085
      vertex 21.185230255126953 -2.3963608741760254 3.3252928256988525
    endloop
  endfacet
  facet normal 0.38251276972635567 -0.86402381103434811 -0.32733291151662863
    outer loop
      vertex 22.10371208190918 -2.2133083343505859 3.8812732696533203
      vertex 21.834085464477539 -2.3326749801635742 3.8812732696533203
      vertex 21.870779037475586 -2.1150133609771729 3.3496155738830566
    endloop
  endfacet
  facet normal 0.40002247136952546 -0.85382323946552074 -0.33311844462296231
    outer loop
      vertex 22.10371208190918 -2.2133083343505859 3.8812732696533203
      vertex 21.870779037475586 -2.1150133609771729 3.3496155738830566
      vertex 22.041906356811523 -2.0375089645385742 3.3564591407775879
    endloop
  endfacet
  facet normal 0.41909965943395944 -0.84161880181761495 -0.34063656276069565
    outer loop
      vertex 22.378475189208984 -2.0830767154693604 3.8812732696533203
      vertex 22.379167556762695 -1.8761502504348755 3.3708670139312744
      vertex 22.517900466918945 -2.0136473178863525 3.8812732696533203
    endloop
  endfacet
  facet normal 0.42976635246954503 -0.83569054908380691 -0.34193886654931216
    outer loop
      vertex 22.658754348754883 -1.9412111043930054 3.8812732696533203
      vertex 22.517900466918945 -2.0136473178863525 3.8812732696533203
      vertex 22.379167556762695 -1.8761502504348755 3.3708670139312744
    endloop
  endfacet
  facet normal 0.43480850178777586 -0.83212729427745458 -0.34424661638359227
    outer loop
      vertex 22.658754348754883 -1.9412111043930054 3.8812732696533203
      vertex 22.379167556762695 -1.8761502504348755 3.3708670139312744
      vertex 22.545101165771484 -1.7925645112991333 3.378406286239624
    endloop
  endfacet
  facet normal 0.40386108176129271 -0.85206746791189836 -0.33298236704787282
    outer loop
      vertex 22.378475189208984 -2.0830767154693604 3.8812732696533203
      vertex 22.10371208190918 -2.2133083343505859 3.8812732696533203
      vertex 22.041906356811523 -2.0375089645385742 3.3564591407775879
    endloop
  endfacet
  facet normal 0.41184755847715487 -0.84640382744916987 -0.33761242491324611
    outer loop
      vertex 22.378475189208984 -2.0830767154693604 3.8812732696533203
      vertex 22.041906356811523 -2.0375089645385742 3.3564591407775879
      vertex 22.209497451782227 -1.9587563276290894 3.3634655475616455
    endloop
  endfacet
  facet normal 0.36152830720077817 -0.876489261116708 -0.31790542341964945
    outer loop
      vertex 21.834085464477539 -2.3326749801635742 3.8812732696533203
      vertex 21.569238662719727 -2.4419171810150146 3.8812732696533203
      vertex 21.529256820678711 -2.2609579563140869 3.3368868827819824
    endloop
  endfacet
  facet normal 0.3754907261318734 -0.86811753924193902 -0.32462078283664891
    outer loop
      vertex 21.834085464477539 -2.3326749801635742 3.8812732696533203
      vertex 21.529256820678711 -2.2609579563140869 3.3368868827819824
      vertex 21.701675415039062 -2.1887264251708984 3.3431591987609863
    endloop
  endfacet
  facet normal 0.32306403792466881 -0.90030350210580046 -0.29169030065437401
    outer loop
      vertex 20.799999237060547 -2.4326248168945312 3
      vertex 21.013528823852539 -2.4596648216247559 3.319955587387085
      vertex 20.799999237060547 -2.5752794742584229 3.4403042793273926
    endloop
  endfacet
  facet normal 0.3507282651464404 -0.88398638896214587 -0.30912416301064821
    outer loop
      vertex 21.185230255126953 -2.3963608741760254 3.3252928256988525
      vertex 21.358781814575195 -2.3294951915740967 3.3309898376464844
      vertex 21.308822631835938 -2.5417473316192627 3.8812732696533203
    endloop
  endfacet
  facet normal 0.38818279597015293 -0.86196002398256644 -0.32609666353516731
    outer loop
      vertex 21.701675415039062 -2.1887264251708984 3.3431591987609863
      vertex 21.870779037475586 -2.1150133609771729 3.3496155738830566
      vertex 21.834085464477539 -2.3326749801635742 3.8812732696533203
    endloop
  endfacet
  facet normal 0.318142858747815 -0.89945571619084586 -0.29960730304747318
    outer loop
      vertex 20.799999237060547 -2.5752794742584229 3.4403042793273926
      vertex 21.013528823852539 -2.4596648216247559 3.319955587387085
      vertex 21.052515029907227 -2.6328492164611816 3.8812732696533203
    endloop
  endfacet
  facet normal 0.44010823656671522 -0.82919857041799006 -0.34457868611232756
    outer loop
      vertex 22.801084518432617 -1.865667462348938 3.8812732696533203
      vertex 22.658754348754883 -1.9412111043930054 3.8812732696533203
      vertex 22.545101165771484 -1.7925645112991333 3.378406286239624
    endloop
  endfacet
  facet normal 0.44586152466067064 -0.8251398925893193 -0.34691736549926261
    outer loop
      vertex 22.801084518432617 -1.865667462348938 3.8812732696533203
      vertex 22.545101165771484 -1.7925645112991333 3.378406286239624
      vertex 22.713150024414062 -1.7050975561141968 3.3863449096679688
    endloop
  endfacet
  facet normal 0.45036515695971463 -0.82268840786531705 -0.34692219439044436
    outer loop
      vertex 22.944944381713867 -1.7869141101837158 3.8812732696533203
      vertex 22.801084518432617 -1.865667462348938 3.8812732696533203
      vertex 22.713150024414062 -1.7050975561141968 3.3863449096679688
    endloop
  endfacet
  facet normal 0.45660974527202425 -0.81830396429454211 -0.349121988053537
    outer loop
      vertex 22.944944381713867 -1.7869141101837158 3.8812732696533203
      vertex 22.713150024414062 -1.7050975561141968 3.3863449096679688
      vertex 22.877283096313477 -1.6169455051422119 3.3943924903869629
    endloop
  endfacet
  facet normal 0.47063706561519147 -0.8096873379787578 -0.35058118487162815
    outer loop
      vertex 23.090383529663086 -1.7048470973968506 3.8812732696533203
      vertex 23.043548583984375 -1.5249167680740356 3.4028403759002686
      vertex 23.237455368041992 -1.6193604469299316 3.8812732696533203
    endloop
  endfacet
  facet normal 0.46054554004366843 -0.81617873809687713 -0.34892703108884393
    outer loop
      vertex 23.090383529663086 -1.7048470973968506 3.8812732696533203
      vertex 22.944944381713867 -1.7869141101837158 3.8812732696533203
      vertex 22.877283096313477 -1.6169455051422119 3.3943924903869629
    endloop
  endfacet
  facet normal 0.46705566220884592 -0.81159926229948631 -0.35094963432604676
    outer loop
      vertex 23.090383529663086 -1.7048470973968506 3.8812732696533203
      vertex 22.877283096313477 -1.6169455051422119 3.3943924903869629
      vertex 23.043548583984375 -1.5249167680740356 3.4028403759002686
    endloop
  endfacet
  facet normal 0.49027620673146827 -0.79639312652625494 -0.35410059183054049
    outer loop
      vertex 23.536712646484375 -1.4376959800720215 3.8812732696533203
      vertex 23.386213302612305 -1.5303465127944946 3.8812732696533203
      vertex 23.205738067626953 -1.4325159788131714 3.4113664627075195
    endloop
  endfacet
  facet normal 0.48720580965251481 -0.79921726671631899 -0.35196911742840969
    outer loop
      vertex 23.536712646484375 -1.4376959800720215 3.8812732696533203
      vertex 23.205738067626953 -1.4325159788131714 3.4113664627075195
      vertex 23.370063781738281 -1.3362724781036377 3.420290470123291
    endloop
  endfacet
  facet normal 0.5097476023039279 -0.78375525780319844 -0.35480287176295305
    outer loop
      vertex 23.843162536621094 -1.2410386800765991 3.8812732696533203
      vertex 23.689010620117188 -1.3412977457046509 3.8812732696533203
      vertex 23.530162811279297 -1.2399860620498657 3.4292593002319336
    endloop
  endfacet
  facet normal 0.50600902833159589 -0.78733362624856251 -0.35222240732980492
    outer loop
      vertex 23.843162536621094 -1.2410386800765991 3.8812732696533203
      vertex 23.530162811279297 -1.2399860620498657 3.4292593002319336
      vertex 23.6923828125 -1.139917254447937 3.4386205673217773
    endloop
  endfacet
  facet normal 0.51932472225933546 -0.77756817636498221 -0.35452724007429914
    outer loop
      vertex 23.999229431152344 -1.1368042230606079 3.8812732696533203
      vertex 23.843162536621094 -1.2410386800765991 3.8812732696533203
      vertex 23.6923828125 -1.139917254447937 3.4386205673217773
    endloop
  endfacet
  facet normal 0.51489370946874613 -0.78191102512264676 -0.35142512252422448
    outer loop
      vertex 23.999229431152344 -1.1368042230606079 3.8812732696533203
      vertex 23.6923828125 -1.139917254447937 3.4386205673217773
      vertex 23.845979690551758 -1.0428694486618042 3.4477357864379883
    endloop
  endfacet
  facet normal 0.5000709810471119 -0.79005385924191474 -0.35460388239771973
    outer loop
      vertex 23.689010620117188 -1.3412977457046509 3.8812732696533203
      vertex 23.536712646484375 -1.4376959800720215 3.8812732696533203
      vertex 23.370063781738281 -1.3362724781036377 3.420290470123291
    endloop
  endfacet
  facet normal 0.49675413046680761 -0.79315187780422713 -0.352342777135837
    outer loop
      vertex 23.689010620117188 -1.3412977457046509 3.8812732696533203
      vertex 23.370063781738281 -1.3362724781036377 3.420290470123291
      vertex 23.530162811279297 -1.2399860620498657 3.4292593002319336
    endloop
  endfacet
  facet normal 0.48064490106646746 -0.8032421377490313 -0.35182743955406859
    outer loop
      vertex 23.205738067626953 -1.4325159788131714 3.4113664627075195
      vertex 23.386213302612305 -1.5303465127944946 3.8812732696533203
      vertex 23.237455368041992 -1.6193604469299316 3.8812732696533203
    endloop
  endfacet
  facet normal 0.5380921714882585 -0.76536649433722237 -0.35308772894140811
    outer loop
      vertex 24.31733512878418 -0.91594159603118896 3.8812732696533203
      vertex 24.157266616821289 -1.0284780263900757 3.8812732696533203
      vertex 24.001552581787109 -0.94232159852981567 3.4572150707244873
    endloop
  endfacet
  facet normal 0.531866822454369 -0.77200157456332885 -0.34803915303315192
    outer loop
      vertex 24.31733512878418 -0.91594159603118896 3.8812732696533203
      vertex 24.001552581787109 -0.94232159852981567 3.4572150707244873
      vertex 24.15916633605957 -0.83817672729492188 3.4670689105987549
    endloop
  endfacet
  facet normal 0.55650319354049316 -0.75374831000151399 -0.34952493580443444
    outer loop
      vertex 24.643817901611328 -0.67775660753250122 3.8812732696533203
      vertex 24.479499816894531 -0.79907500743865967 3.8812732696533203
      vertex 24.318881988525391 -0.73033642768859863 3.4773080348968506
    endloop
  endfacet
  facet normal 0.54841663087100823 -0.76316135300663812 -0.34179518466644554
    outer loop
      vertex 24.643817901611328 -0.67775660753250122 3.8812732696533203
      vertex 24.318881988525391 -0.73033642768859863 3.4773080348968506
      vertex 24.471641540527344 -0.62505322694778442 3.4873368740081787
    endloop
  endfacet
  facet normal 0.54733155058216354 -0.75948011542099136 -0.35159369735170459
    outer loop
      vertex 24.479499816894531 -0.79907500743865967 3.8812732696533203
      vertex 24.31733512878418 -0.91594159603118896 3.8812732696533203
      vertex 24.15916633605957 -0.83817672729492188 3.4670689105987549
    endloop
  endfacet
  facet normal 0.54026003775903386 -0.76735301936190636 -0.34538157923776619
    outer loop
      vertex 24.479499816894531 -0.79907500743865967 3.8812732696533203
      vertex 24.15916633605957 -0.83817672729492188 3.4670689105987549
      vertex 24.318881988525391 -0.73033642768859863 3.4773080348968506
    endloop
  endfacet
  facet normal 0.57443671574997557 -0.74258173645986503 -0.34437599259331853
    outer loop
      vertex 24.810356140136719 -0.55186271667480469 3.8812732696533203
      vertex 24.626388549804688 -0.51630276441574097 3.497727632522583
      vertex 24.979177474975586 -0.42126810550689697 3.8812732696533203
    endloop
  endfacet
  facet normal 0.59191282980617188 -0.73193005871252748 -0.33751680115799537
    outer loop
      vertex 25.323932647705078 -0.14546649158000946 3.8812732696533203
      vertex 25.150346755981445 -0.28584563732147217 3.8812732696533203
      vertex 24.928848266601562 -0.29777604341506958 3.5186970233917236
    endloop
  endfacet
  facet normal 0.58035319223723913 -0.74999339009610078 -0.31733277024632084
    outer loop
      vertex 25.323932647705078 -0.14546649158000946 3.8812732696533203
      vertex 24.928848266601562 -0.29777604341506958 3.5186970233917236
      vertex 25.125272750854492 -0.1517360508441925 3.5327723026275635
    endloop
  endfacet
  facet normal 0.60132210178203516 -0.7278184081242387 -0.32968484148340033
    outer loop
      vertex 25.323932647705078 -0.14546649158000946 3.8812732696533203
      vertex 25.125272750854492 -0.1517360508441925 3.5327723026275635
      vertex 25.5 0 3.8812732696533203
    endloop
  endfacet
  facet normal 0.58503309262173819 -0.73946144366223465 -0.33306614039017551
    outer loop
      vertex 24.928848266601562 -0.29777604341506958 3.5186970233917236
      vertex 25.150346755981445 -0.28584563732147217 3.8812732696533203
      vertex 24.979177474975586 -0.42126810550689697 3.8812732696533203
    endloop
  endfacet
  facet normal 0.56550689412854749 -0.74807857141048284 -0.34724689154769217
    outer loop
      vertex 24.810356140136719 -0.55186271667480469 3.8812732696533203
      vertex 24.643817901611328 -0.67775660753250122 3.8812732696533203
      vertex 24.471641540527344 -0.62505322694778442 3.4873368740081787
    endloop
  endfacet
  facet normal 0.5563456093097422 -0.75943055876301502 -0.3372607143126316
    outer loop
      vertex 24.810356140136719 -0.55186271667480469 3.8812732696533203
      vertex 24.471641540527344 -0.62505322694778442 3.4873368740081787
      vertex 24.626388549804688 -0.51630276441574097 3.497727632522583
    endloop
  endfacet
  facet normal 0.52875728246761733 -0.7714044745547074 -0.3540492520461469
    outer loop
      vertex 24.157266616821289 -1.0284780263900757 3.8812732696533203
      vertex 23.999229431152344 -1.1368042230606079 3.8812732696533203
      vertex 23.845979690551758 -1.0428694486618042 3.4477357864379883
    endloop
  endfacet
  facet normal 0.52341758955219664 -0.77685911692529208 -0.35003419746851006
    outer loop
      vertex 24.157266616821289 -1.0284780263900757 3.8812732696533203
      vertex 23.845979690551758 -1.0428694486618042 3.4477357864379883
      vertex 24.001552581787109 -0.94232159852981567 3.4572150707244873
    endloop
  endfacet
  facet normal 0.42362920224572376 -0.83967057821701963 -0.33984057892098113
    outer loop
      vertex 22.209497451782227 -1.9587563276290894 3.3634655475616455
      vertex 22.379167556762695 -1.8761502504348755 3.3708670139312744
      vertex 22.378475189208984 -2.0830767154693604 3.8812732696533203
    endloop
  endfacet
  facet normal 0.12661758947119037 -0.98543073702383621 -0.11355284481317134
    outer loop
      vertex 17.124044418334961 -3.2248387336730957 2.6368324756622314
      vertex 17.347797393798828 -3.2379372119903564 3
      vertex 17.054145812988281 -3.2756683826446533 3
    endloop
  endfacet
  facet normal 0.13727027141284887 -0.98197198668328944 -0.12995341455889559
    outer loop
      vertex 17.497848510742188 -3.1695675849914551 2.6418755054473877
      vertex 17.640790939331055 -3.1969795227050781 3
      vertex 17.347797393798828 -3.2379372119903564 3
    endloop
  endfacet
  facet normal 0.11698783009645512 -0.98752346178887396 -0.10540996170116518
    outer loop
      vertex 16.759904861450195 -3.3105258941650391 3
      vertex 16.937984466552734 -3.2504253387451172 2.6345927715301514
      vertex 17.054145812988281 -3.2756683826446533 3
    endloop
  endfacet
  facet normal 0.16203152044490779 -0.9743650266642454 -0.15607235884645226
    outer loop
      vertex 18.224519729614258 -3.1039738655090332 3
      vertex 17.933055877685547 -3.1524426937103271 3
      vertex 18.063232421875 -3.0749268531799316 2.6512129306793213
    endloop
  endfacet
  facet normal 0.19107707995455001 -0.96436319821524186 -0.18301139703338928
    outer loop
      vertex 18.625221252441406 -2.9654810428619385 2.6631643772125244
      vertex 18.80476188659668 -2.9938299655914307 3
      vertex 18.515111923217773 -3.0512206554412842 3
    endloop
  endfacet
  facet normal 0.17586873542773343 -0.96877671611998017 -0.17476230200714729
    outer loop
      vertex 18.443866729736328 -3.0026340484619141 2.6589689254760742
      vertex 18.515111923217773 -3.0512206554412842 3
      vertex 18.224519729614258 -3.1039738655090332 3
    endloop
  endfacet
  facet normal 0.14899124398418087 -0.97772826941783053 -0.1478142090506204
    outer loop
      vertex 17.933055877685547 -3.1524426937103271 3
      vertex 17.640790939331055 -3.1969795227050781 3
      vertex 17.874090194702148 -3.1081862449645996 2.6478271484375
    endloop
  endfacet
  facet normal 0.10860548530779587 -0.98997556501905393 -0.090295233685189893
    outer loop
      vertex 16.564817428588867 -3.2982313632965088 2.6305580139160156
      vertex 16.759904861450195 -3.3105258941650391 3
      vertex 16.465147018432617 -3.3428623676300049 3
    endloop
  endfacet
  facet normal 0.12451741488906161 -0.9873052791034157 -0.09860881930066874
    outer loop
      vertex 16.564817428588867 -3.2982313632965088 2.6305580139160156
      vertex 16.751125335693359 -3.2749285697937012 2.6325011253356934
      vertex 16.759904861450195 -3.3105258941650391 3
    endloop
  endfacet
  facet normal 0.2069205382292745 -0.95743543837170841 -0.20124927877853832
    outer loop
      vertex 19.093400955200195 -2.9314494132995605 3
      vertex 18.80476188659668 -2.9938299655914307 3
      vertex 18.989437103271484 -2.8851230144500732 2.6727104187011719
    endloop
  endfacet
  facet normal 0.13047024683179076 -0.98652956505694578 -0.098675893511054352
    outer loop
      vertex 16.751125335693359 -3.2749285697937012 2.6325011253356934
      vertex 16.937984466552734 -3.2504253387451172 2.6345927715301514
      vertex 16.759904861450195 -3.3105258941650391 3
    endloop
  endfacet
  facet normal 0.22411207929598281 -0.95158241974685376 -0.21039171642998078
    outer loop
      vertex 19.172458648681641 -2.8416659832000732 2.678131103515625
      vertex 19.380954742431641 -2.8637261390686035 3
      vertex 19.093400955200195 -2.9314494132995605 3
    endloop
  endfacet
  facet normal 0.26067554164026724 -0.93546252553921083 -0.23865901471001388
    outer loop
      vertex 19.952529907226562 -2.7108407020568848 3
      vertex 19.667354583740234 -2.7903075218200684 3
      vertex 19.714967727661133 -2.6997368335723877 2.6969990730285645
    endloop
  endfacet
  facet normal 0.24173138738721417 -0.94297377942494065 -0.22883703299268637
    outer loop
      vertex 19.380954742431641 -2.8637261390686035 3
      vertex 19.535371780395508 -2.7489750385284424 2.690260648727417
      vertex 19.667354583740234 -2.7903075218200684 3
    endloop
  endfacet
  facet normal 0.27983334408252031 -0.92513491727777009 -0.25655152381743396
    outer loop
      vertex 20.074113845825195 -2.5942177772521973 2.7120707035064697
      vertex 20.236410140991211 -2.6249730587005615 3
      vertex 19.952529907226562 -2.7108407020568848 3
    endloop
  endfacet
  facet normal 0.29950027031776655 -0.91354366843486956 -0.27520456744419447
    outer loop
      vertex 20.518924713134766 -2.5323522090911865 3
      vertex 20.236410140991211 -2.6249730587005615 3
      vertex 20.430412292480469 -2.4798197746276855 2.7292916774749756
    endloop
  endfacet
  facet normal 0.11886154442557639 -0.98905519738319581 -0.087417102365923413
    outer loop
      vertex 16.378253936767578 -3.3204915523529053 2.6287429332733154
      vertex 16.564817428588867 -3.2982313632965088 2.6305580139160156
      vertex 16.465147018432617 -3.3428623676300049 3
    endloop
  endfacet
  facet normal 0.1013090038375106 -0.99134911157969485 -0.083447137228313331
    outer loop
      vertex 16.378253936767578 -3.3204915523529053 2.6287429332733154
      vertex 16.465147018432617 -3.3428623676300049 3
      vertex 16.169942855834961 -3.3730301856994629 3
    endloop
  endfacet
  facet normal 0.47718497351120709 -0.80508424116294497 -0.35232636246269405
    outer loop
      vertex 23.237455368041992 -1.6193604469299316 3.8812732696533203
      vertex 23.043548583984375 -1.5249167680740356 3.4028403759002686
      vertex 23.205738067626953 -1.4325159788131714 3.4113664627075195
    endloop
  endfacet
  facet normal 0.32074021533093505 -0.90398336246697442 -0.28273626341940739
    outer loop
      vertex 20.518924713134766 -2.5323522090911865 3
      vertex 20.608676910400391 -2.4188165664672852 2.7388124465942383
      vertex 20.799999237060547 -2.4326248168945312 3
    endloop
  endfacet
  facet normal 0.56694570498925778 -0.75255411122156746 -0.33501474188123459
    outer loop
      vertex 24.979177474975586 -0.42126810550689697 3.8812732696533203
      vertex 24.626388549804688 -0.51630276441574097 3.497727632522583
      vertex 24.928848266601562 -0.29777604341506958 3.5186970233917236
    endloop
  endfacet
  facet normal 0.56587627160432608 -0.75045442891727432 -0.34147063615138973
    outer loop
      vertex 24.928848266601562 -0.29777604341506958 3.5186970233917236
      vertex 24.626388549804688 -0.51630276441574097 3.497727632522583
      vertex 24.468069076538086 -0.46116238832473755 3.1141819953918457
    endloop
  endfacet
  facet normal 0.55500120153229138 -0.76679805203278972 -0.32248164861962564
    outer loop
      vertex 24.928848266601562 -0.29777604341506958 3.5186970233917236
      vertex 24.468069076538086 -0.46116238832473755 3.1141819953918457
      vertex 24.76324462890625 -0.26515471935272217 3.156120777130127
    endloop
  endfacet
  facet normal 0.33684584285798908 -0.89241367070328115 -0.30022111599816975
    outer loop
      vertex 21.013528823852539 -2.4596648216247559 3.319955587387085
      vertex 20.799999237060547 -2.4326248168945312 3
      vertex 20.947128295898438 -2.2958924770355225 2.7586379051208496
    endloop
  endfacet
  facet normal 0.13670370435511875 -0.98432188463739367 -0.1114563799855261
    outer loop
      vertex 17.124044418334961 -3.2248387336730957 2.6368324756622314
      vertex 17.054145812988281 -3.2756683826446533 3
      vertex 16.937984466552734 -3.2504253387451172 2.6345927715301514
    endloop
  endfacet
  facet normal 0.58961104479073601 -0.74620673997520459 -0.30908626154579205
    outer loop
      vertex 25.149999618530273 0 3.2136147022247314
      vertex 25.5 0 3.8812732696533203
      vertex 25.125272750854492 -0.1517360508441925 3.5327723026275635
    endloop
  endfacet
  facet normal 0.10988455192864038 -0.99197697254490469 -0.062506569159468381
    outer loop
      vertex 15.436324119567871 -3.3839616775512695 1.9908697605133057
      vertex 15.806270599365234 -3.3035588264465332 1.3652335405349731
      vertex 15.631801605224609 -3.3624320030212402 1.9928377866744995
    endloop
  endfacet
  facet normal 0.12234394618186414 -0.99061509567015349 -0.060940061232836559
    outer loop
      vertex 16.028573989868164 -3.3149905204772949 1.9973609447479248
      vertex 15.827940940856934 -3.339622974395752 1.9949822425842285
      vertex 15.806270599365234 -3.3035588264465332 1.3652335405349731
    endloop
  endfacet
  facet normal 0.14077908698886873 -0.98774609553650428 -0.067371354587624249
    outer loop
      vertex 16.028573989868164 -3.3149905204772949 1.9973609447479248
      vertex 15.806270599365234 -3.3035588264465332 1.3652335405349731
      vertex 16.036516189575195 -3.2709896564483643 1.3688507080078125
    endloop
  endfacet
  facet normal 0.11595351633738483 -0.99139418197771545 -0.060764775896339183
    outer loop
      vertex 15.806270599365234 -3.3035588264465332 1.3652335405349731
      vertex 15.827940940856934 -3.339622974395752 1.9949822425842285
      vertex 15.631801605224609 -3.3624320030212402 1.9928377866744995
    endloop
  endfacet
  facet normal 0.14241024398649679 -0.9863244808006818 -0.082965902520082235
    outer loop
      vertex 16.412988662719727 -3.2639238834381104 2.0024776458740234
      vertex 16.498760223388672 -3.1989448070526123 1.3772122859954834
      vertex 16.596599578857422 -3.2376422882080078 2.0052003860473633
    endloop
  endfacet
  facet normal 0.14928676503819199 -0.98452702910665568 -0.09176050753376426
    outer loop
      vertex 16.596599578857422 -3.2376422882080078 2.0052003860473633
      vertex 16.730648040771484 -3.159233570098877 1.3820146322250366
      vertex 16.77983283996582 -3.2101297378540039 2.0081150531768799
    endloop
  endfacet
  facet normal 0.13578438604038007 -0.9878978362639651 -0.074969764656248411
    outer loop
      vertex 16.412988662719727 -3.2639238834381104 2.0024776458740234
      vertex 16.229820251464844 -3.2889077663421631 1.999944806098938
      vertex 16.267366409301758 -3.2361569404602051 1.3728353977203369
    endloop
  endfacet
  facet normal 0.15974515215352525 -0.98388407763490093 -0.080334352178673282
    outer loop
      vertex 16.412988662719727 -3.2639238834381104 2.0024776458740234
      vertex 16.267366409301758 -3.2361569404602051 1.3728353977203369
      vertex 16.498760223388672 -3.1989448070526123 1.3772122859954834
    endloop
  endfacet
  facet normal 0.12909078479264774 -0.98932391964618904 -0.067629514988052877
    outer loop
      vertex 16.229820251464844 -3.2889077663421631 1.999944806098938
      vertex 16.028573989868164 -3.3149905204772949 1.9973609447479248
      vertex 16.036516189575195 -3.2709896564483643 1.3688507080078125
    endloop
  endfacet
  facet normal 0.15003931400417922 -0.9859106092808344 -0.073949136307660021
    outer loop
      vertex 16.229820251464844 -3.2889077663421631 1.999944806098938
      vertex 16.036516189575195 -3.2709896564483643 1.3688507080078125
      vertex 16.267366409301758 -3.2361569404602051 1.3728353977203369
    endloop
  endfacet
  facet normal -0.050862032869519146 -0.99856943362112549 -0.016496661782454999
    outer loop
      vertex 4.2731838226318359 -3.5249397754669189 1.4509336948394775
      vertex 3.6936602592468262 -3.5157358646392822 2.6805765628814697
      vertex 3.6010720729827881 -3.4914727210998535 1.4973547458648682
    endloop
  endfacet
  facet normal 0.15641140628720693 -0.98337668770273923 -0.092226688469485965
    outer loop
      vertex 16.963481903076172 -3.1812136173248291 2.0112526416778564
      vertex 16.77983283996582 -3.2101297378540039 2.0081150531768799
      vertex 16.730648040771484 -3.159233570098877 1.3820146322250366
    endloop
  endfacet
  facet normal 0.180555395359664 -0.9783668349747866 -0.10098557039465697
    outer loop
      vertex 16.963481903076172 -3.1812136173248291 2.0112526416778564
      vertex 16.730648040771484 -3.159233570098877 1.3820146322250366
      vertex 16.963003158569336 -3.1168975830078125 1.3872910737991333
    endloop
  endfacet
  facet normal 0.16383214785725439 -0.98127615036022464 -0.10127262247368089
    outer loop
      vertex 17.146224975585938 -3.1510498523712158 2.0146119594573975
      vertex 16.963481903076172 -3.1812136173248291 2.0112526416778564
      vertex 16.963003158569336 -3.1168975830078125 1.3872910737991333
    endloop
  endfacet
  facet normal 0.19162102180811022 -0.97538989766404105 -0.10906847177872718
    outer loop
      vertex 17.146224975585938 -3.1510498523712158 2.0146119594573975
      vertex 16.963003158569336 -3.1168975830078125 1.3872910737991333
      vertex 17.195835113525391 -3.0718066692352295 1.3931064605712891
    endloop
  endfacet
  facet normal -0.058820860857827936 -0.99812507208726886 -0.01692473925141361
    outer loop
      vertex 1.0657567977905273 -3.3533098697662354 1.72499680519104
      vertex 0.83826649188995361 -3.3583419322967529 2.8123874664306641
      vertex 0.54892182350158691 -3.3237683773040771 1.7790344953536987
    endloop
  endfacet
  facet normal -0.059198570755796161 -0.99813895376649941 -0.01463414481234755
    outer loop
      vertex 0.54892182350158691 -3.3237683773040771 1.7790344953536987
      vertex 1.0658141036401503e-14 -3.3091135025024414 3
      vertex 1.0658141036401503e-14 -3.2920851707458496 1.8385627269744873
    endloop
  endfacet
  facet normal 0.15027655312108565 -0.98080137485936447 -0.12428041139305183
    outer loop
      vertex 17.347797393798828 -3.2379372119903564 3
      vertex 17.310659408569336 -3.1979160308837891 2.6392529010772705
      vertex 17.497848510742188 -3.1695675849914551 2.6418755054473877
    endloop
  endfacet
  facet normal 0.16555181972647948 -0.97669724929073698 -0.13658359423136882
    outer loop
      vertex 17.640790939331055 -3.1969795227050781 3
      vertex 17.685646057128906 -3.1396939754486084 2.6447246074676514
      vertex 17.874090194702148 -3.1081862449645996 2.6478271484375
    endloop
  endfacet
  facet normal 0.15763843972439906 -0.97783966153839452 -0.1377668996665567
    outer loop
      vertex 17.640790939331055 -3.1969795227050781 3
      vertex 17.497848510742188 -3.1695675849914551 2.6418755054473877
      vertex 17.685646057128906 -3.1396939754486084 2.6447246074676514
    endloop
  endfacet
  facet normal 0.18255960866051568 -0.96922737605115927 -0.16513716359046521
    outer loop
      vertex 18.224519729614258 -3.1039738655090332 3
      vertex 18.063232421875 -3.0749268531799316 2.6512129306793213
      vertex 18.253135681152344 -3.0397882461547852 2.6549150943756104
    endloop
  endfacet
  facet normal 0.20142290283902023 -0.96295916545999172 -0.17927202756843788
    outer loop
      vertex 18.515111923217773 -3.0512206554412842 3
      vertex 18.443866729736328 -3.0026340484619141 2.6589689254760742
      vertex 18.625221252441406 -2.9654810428619385 2.6631643772125244
    endloop
  endfacet
  facet normal 0.21106575876691858 -0.95819908147032651 -0.19314700553093714
    outer loop
      vertex 18.80476188659668 -2.9938299655914307 3
      vertex 18.625221252441406 -2.9654810428619385 2.6631643772125244
      vertex 18.807466506958008 -2.9262604713439941 2.6677443981170654
    endloop
  endfacet
  facet normal 0.19197255877728936 -0.96759152972819817 -0.16405233395092395
    outer loop
      vertex 18.224519729614258 -3.1039738655090332 3
      vertex 18.253135681152344 -3.0397882461547852 2.6549150943756104
      vertex 18.443866729736328 -3.0026340484619141 2.6589689254760742
    endloop
  endfacet
  facet normal 0.17381813983194155 -0.97307221961484536 -0.15138596262269921
    outer loop
      vertex 17.933055877685547 -3.1524426937103271 3
      vertex 17.874090194702148 -3.1081862449645996 2.6478271484375
      vertex 18.063232421875 -3.0749268531799316 2.6512129306793213
    endloop
  endfacet
  facet normal 0.1715328634016044 -0.97889180442221357 -0.11111845934978296
    outer loop
      vertex 17.329395294189453 -3.1193647384643555 2.0182425975799561
      vertex 17.146224975585938 -3.1510498523712158 2.0146119594573975
      vertex 17.195835113525391 -3.0718066692352295 1.3931064605712891
    endloop
  endfacet
  facet normal 0.20312962139096213 -0.97209406761549311 -0.11735195192381387
    outer loop
      vertex 17.329395294189453 -3.1193647384643555 2.0182425975799561
      vertex 17.195835113525391 -3.0718066692352295 1.3931064605712891
      vertex 17.429172515869141 -3.0238251686096191 1.3995418548583984
    endloop
  endfacet
  facet normal 0.18790537127450244 -0.97310378092413341 -0.13326891234397939
    outer loop
      vertex 17.51301383972168 -3.0860815048217773 2.0221765041351318
      vertex 17.663078308105469 -2.9728124141693115 1.4066941738128662
      vertex 17.697113037109375 -3.0511174201965332 2.0264501571655273
    endloop
  endfacet
  facet normal 0.1795545116757164 -0.97618062274613737 -0.12178492974033603
    outer loop
      vertex 17.429172515869141 -3.0238251686096191 1.3995418548583984
      vertex 17.51301383972168 -3.0860815048217773 2.0221765041351318
      vertex 17.329395294189453 -3.1193647384643555 2.0182425975799561
    endloop
  endfacet
  facet normal 0.20566567788268789 -0.96781404574187091 -0.14504344799337307
    outer loop
      vertex 18.066938400268555 -2.9757890701293945 2.0361828804016113
      vertex 17.881736755371094 -3.0143842697143555 2.0311040878295898
      vertex 17.897638320922852 -2.9186229705810547 1.4146769046783447
    endloop
  endfacet
  facet normal 0.24010844377416166 -0.95852170943058124 -0.15357105123891937
    outer loop
      vertex 18.066938400268555 -2.9757890701293945 2.0361828804016113
      vertex 17.897638320922852 -2.9186229705810547 1.4146769046783447
      vertex 18.132968902587891 -2.8611056804656982 1.423619270324707
    endloop
  endfacet
  facet normal 0.22476106563792964 -0.95943944284941396 -0.17017173348740569
    outer loop
      vertex 18.252777099609375 -2.9352319240570068 2.0417361259460449
      vertex 18.369213104248047 -2.8001046180725098 1.4336669445037842
      vertex 18.439327239990234 -2.892608642578125 2.0478167533874512
    endloop
  endfacet
  facet normal 0.23462399674238046 -0.95694169890897252 -0.17092151719968102
    outer loop
      vertex 18.616615295410156 -2.8502650260925293 2.054110050201416
      vertex 18.439327239990234 -2.892608642578125 2.0478167533874512
      vertex 18.369213104248047 -2.8001046180725098 1.4336669445037842
    endloop
  endfacet
  facet normal 0.26648915021396691 -0.9463498949711765 -0.18277146688222695
    outer loop
      vertex 18.616615295410156 -2.8502650260925293 2.054110050201416
      vertex 18.369213104248047 -2.8001046180725098 1.4336669445037842
      vertex 18.606542587280273 -2.7354586124420166 1.444981575012207
    endloop
  endfacet
  facet normal 0.21505010585155834 -0.96385647283925724 -0.15727095008010819
    outer loop
      vertex 18.132968902587891 -2.8611056804656982 1.423619270324707
      vertex 18.252777099609375 -2.9352319240570068 2.0417361259460449
      vertex 18.066938400268555 -2.9757890701293945 2.0361828804016113
    endloop
  endfacet
  facet normal 0.19662662658051738 -0.97134386968240316 -0.13352549026302235
    outer loop
      vertex 17.881736755371094 -3.0143842697143555 2.0311040878295898
      vertex 17.697113037109375 -3.0511174201965332 2.0264501571655273
      vertex 17.663078308105469 -2.9728124141693115 1.4066941738128662
    endloop
  endfacet
  facet normal 0.22740085504854146 -0.96313199189515464 -0.14375540793745506
    outer loop
      vertex 17.881736755371094 -3.0143842697143555 2.0311040878295898
      vertex 17.663078308105469 -2.9728124141693115 1.4066941738128662
      vertex 17.897638320922852 -2.9186229705810547 1.4146769046783447
    endloop
  endfacet
  facet normal -0.047436253979784251 -0.99877168497561331 -0.014315135323828497
    outer loop
      vertex 4.2731838226318359 -3.5249397754669189 1.4509336948394775
      vertex 4.8800754547119141 -3.5532572269439697 1.4155867099761963
      vertex 4.4761457443237305 -3.5518405437469482 2.6552515029907227
    endloop
  endfacet
  facet normal 0.1432652967613712 -0.9819254000120945 -0.12368331963108134
    outer loop
      vertex 17.347797393798828 -3.2379372119903564 3
      vertex 17.124044418334961 -3.2248387336730957 2.6368324756622314
      vertex 17.310659408569336 -3.1979160308837891 2.6392529010772705
    endloop
  endfacet
  facet normal -0.034365769188901413 -0.99938020164961416 -0.0076293157512391501
    outer loop
      vertex 5.942108154296875 -3.596776008605957 1.3706203699111938
      vertex 6.416651725769043 -3.6129956245422363 1.3577107191085815
      vertex 6.042759895324707 -3.6097927093505859 2.622326135635376
    endloop
  endfacet
  facet normal 0.0068583591976245518 -0.99997509138633267 0.0016671880553998848
    outer loop
      vertex 9.3275823593139648 -3.6555051803588867 1.3394241333007812
      vertex 10.142687797546387 -3.6499147415161133 1.3394323587417603
      vertex 9.5417041778564453 -3.6519176959991455 2.6103489398956299
    endloop
  endfacet
  facet normal 0.037080728681787925 -0.99930229509378998 -0.0044657116691308096
    outer loop
      vertex 11.812861442565918 -3.6132535934448242 1.3400849103927612
      vertex 12.240290641784668 -3.597395658493042 1.3406481742858887
      vertex 11.912433624267578 -3.6152374744415283 2.6108131408691406
    endloop
  endfacet
  facet normal -0.0021690944206738121 -0.99999677749667115 0.0013191003249623931
    outer loop
      vertex 8.5207643508911133 -3.6537549495697021 1.3395459651947021
      vertex 9.3275823593139648 -3.6555051803588867 1.3394241333007812
      vertex 8.7658805847167969 -3.6526103019714355 2.6103546619415283
    endloop
  endfacet
  facet normal 0.094630462482086605 -0.99438996224627418 -0.047261808622602174
    outer loop
      vertex 14.995065689086914 -3.4557938575744629 2.6187067031860352
      vertex 15.347824096679688 -3.3623523712158203 1.3590091466903687
      vertex 15.436324119567871 -3.3839616775512695 1.9908697605133057
    endloop
  endfacet
  facet normal 0.12772423843799832 -0.99045805488741467 -0.051762538810148438
    outer loop
      vertex 15.436324119567871 -3.3839616775512695 1.9908697605133057
      vertex 15.347824096679688 -3.3623523712158203 1.3590091466903687
      vertex 15.806270599365234 -3.3035588264465332 1.3652335405349731
    endloop
  endfacet
  facet normal 0.11174640853349502 -0.9928337907439867 -0.042353324979161347
    outer loop
      vertex 14.892449378967285 -3.4133918285369873 1.3539849519729614
      vertex 15.347824096679688 -3.3623523712158203 1.3590091466903687
      vertex 14.995065689086914 -3.4557938575744629 2.6187067031860352
    endloop
  endfacet
  facet normal 0.16990459276394715 -0.98161627019905229 -0.08695934359353473
    outer loop
      vertex 16.596599578857422 -3.2376422882080078 2.0052003860473633
      vertex 16.498760223388672 -3.1989448070526123 1.3772122859954834
      vertex 16.730648040771484 -3.159233570098877 1.3820146322250366
    endloop
  endfacet
  facet normal 0.25316101119694528 -0.95352183104484045 -0.16341854279926429
    outer loop
      vertex 18.252777099609375 -2.9352319240570068 2.0417361259460449
      vertex 18.132968902587891 -2.8611056804656982 1.423619270324707
      vertex 18.369213104248047 -2.8001046180725098 1.4336669445037842
    endloop
  endfacet
  facet normal 0.21506009251383151 -0.96846522819518588 -0.12579450856372373
    outer loop
      vertex 17.51301383972168 -3.0860815048217773 2.0221765041351318
      vertex 17.429172515869141 -3.0238251686096191 1.3995418548583984
      vertex 17.663078308105469 -2.9728124141693115 1.4066941738128662
    endloop
  endfacet
  facet normal 0.24443575774177545 -0.95214457751820614 -0.18349894778957399
    outer loop
      vertex 18.794689178466797 -2.8058736324310303 2.0609798431396484
      vertex 18.616615295410156 -2.8502650260925293 2.054110050201416
      vertex 18.606542587280273 -2.7354586124420166 1.444981575012207
    endloop
  endfacet
  facet normal 0.28010652323600732 -0.9403580781194556 -0.19304667973347825
    outer loop
      vertex 18.794689178466797 -2.8058736324310303 2.0609798431396484
      vertex 18.606542587280273 -2.7354586124420166 1.444981575012207
      vertex 18.845157623291016 -2.6670012474060059 1.4577411413192749
    endloop
  endfacet
  facet normal 0.23179119626571409 -0.95023912061122062 -0.20813086026277627
    outer loop
      vertex 19.093400955200195 -2.9314494132995605 3
      vertex 18.989437103271484 -2.8851230144500732 2.6727104187011719
      vertex 19.172458648681641 -2.8416659832000732 2.678131103515625
    endloop
  endfacet
  facet normal 0.25389833473132201 -0.94136778283677458 -0.22217635575739483
    outer loop
      vertex 19.380954742431641 -2.8637261390686035 3
      vertex 19.353311538696289 -2.796586275100708 2.6839363574981689
      vertex 19.535371780395508 -2.7489750385284424 2.690260648727417
    endloop
  endfacet
  facet normal 0.24253349726412177 -0.94443991169058106 -0.22183497449843545
    outer loop
      vertex 19.380954742431641 -2.8637261390686035 3
      vertex 19.172458648681641 -2.8416659832000732 2.678131103515625
      vertex 19.353311538696289 -2.796586275100708 2.6839363574981689
    endloop
  endfacet
  facet normal 0.27655856588069555 -0.92768597401749897 -0.250826819238329
    outer loop
      vertex 19.952529907226562 -2.7108407020568848 3
      vertex 19.714967727661133 -2.6997368335723877 2.6969990730285645
      vertex 19.895933151245117 -2.6477670669555664 2.7043185234069824
    endloop
  endfacet
  facet normal 0.30018247593777758 -0.91574637879393606 -0.26701882118243692
    outer loop
      vertex 20.236410140991211 -2.6249730587005615 3
      vertex 20.074113845825195 -2.5942177772521973 2.7120707035064697
      vertex 20.253820419311523 -2.5377566814422607 2.7204623222351074
    endloop
  endfacet
  facet normal 0.3125210130881364 -0.91216004884918944 -0.26513140451823047
    outer loop
      vertex 20.236410140991211 -2.6249730587005615 3
      vertex 20.253820419311523 -2.5377566814422607 2.7204623222351074
      vertex 20.430412292480469 -2.4798197746276855 2.7292916774749756
    endloop
  endfacet
  facet normal 0.28855816642030113 -0.92363382149922446 -0.25225928798538322
    outer loop
      vertex 19.952529907226562 -2.7108407020568848 3
      vertex 19.895933151245117 -2.6477670669555664 2.7043185234069824
      vertex 20.074113845825195 -2.5942177772521973 2.7120707035064697
    endloop
  endfacet
  facet normal 0.2651119451962145 -0.9344683716155836 -0.23766471964597286
    outer loop
      vertex 19.667354583740234 -2.7903075218200684 3
      vertex 19.535371780395508 -2.7489750385284424 2.690260648727417
      vertex 19.714967727661133 -2.6997368335723877 2.6969990730285645
    endloop
  endfacet
  facet normal 0.25447562239270588 -0.9468661439735947 -0.19668925492873437
    outer loop
      vertex 18.845157623291016 -2.6670012474060059 1.4577411413192749
      vertex 18.972415924072266 -2.7596559524536133 2.0684289932250977
      vertex 18.794689178466797 -2.8058736324310303 2.0609798431396484
    endloop
  endfacet
  facet normal 0.27530140491842831 -0.93791881468100824 -0.21099154844996137
    outer loop
      vertex 19.327583312988281 -2.661367654800415 2.0852680206298828
      vertex 19.151094436645508 -2.7112123966217041 2.0765600204467773
      vertex 19.085281372070312 -2.5945613384246826 1.4721393585205078
    endloop
  endfacet
  facet normal 0.30788017895949793 -0.92505105024253698 -0.22246426645429335
    outer loop
      vertex 19.327583312988281 -2.661367654800415 2.0852680206298828
      vertex 19.085281372070312 -2.5945613384246826 1.4721393585205078
      vertex 19.327169418334961 -2.5179622173309326 1.4883866310119629
    endloop
  endfacet
  facet normal 0.26472377626771071 -0.94108030577897517 -0.21044994738301481
    outer loop
      vertex 19.151094436645508 -2.7112123966217041 2.0765600204467773
      vertex 18.972415924072266 -2.7596559524536133 2.0684289932250977
      vertex 19.085281372070312 -2.5945613384246826 1.4721393585205078
    endloop
  endfacet
  facet normal 0.3072907465190759 -0.92117104297335106 -0.23878087589071614
    outer loop
      vertex 19.856748580932617 -2.499631404876709 2.1158411502838135
      vertex 19.680328369140625 -2.5556368827819824 2.1048617362976074
      vertex 19.57110595703125 -2.4370222091674805 1.5067089796066284
    endloop
  endfacet
  facet normal 0.33605031236087579 -0.907811843168434 -0.25089409113266964
    outer loop
      vertex 19.856748580932617 -2.499631404876709 2.1158411502838135
      vertex 19.57110595703125 -2.4370222091674805 1.5067089796066284
      vertex 19.817399978637695 -2.3515543937683105 1.5273491144180298
    endloop
  endfacet
  facet normal 0.31795467874899364 -0.91419782042709918 -0.25129100140666705
    outer loop
      vertex 20.030406951904297 -2.4424300193786621 2.127469539642334
      vertex 19.856748580932617 -2.499631404876709 2.1158411502838135
      vertex 19.817399978637695 -2.3515543937683105 1.5273491144180298
    endloop
  endfacet
  facet normal 0.35018327563171958 -0.89971766454492963 -0.26053751663370217
    outer loop
      vertex 20.030406951904297 -2.4424300193786621 2.127469539642334
      vertex 19.817399978637695 -2.3515543937683105 1.5273491144180298
      vertex 20.066389083862305 -2.2613670825958252 1.5505653619766235
    endloop
  endfacet
  facet normal 0.29642063628649573 -0.92503975393185345 -0.23756317060774629
    outer loop
      vertex 19.680328369140625 -2.5556368827819824 2.1048617362976074
      vertex 19.50518798828125 -2.6091632843017578 2.0947542190551758
      vertex 19.57110595703125 -2.4370222091674805 1.5067089796066284
    endloop
  endfacet
  facet normal 0.28583263104190038 -0.93171928364529633 -0.22405107345237329
    outer loop
      vertex 19.50518798828125 -2.6091632843017578 2.0947542190551758
      vertex 19.327583312988281 -2.661367654800415 2.0852680206298828
      vertex 19.327169418334961 -2.5179622173309326 1.4883866310119629
    endloop
  endfacet
  facet normal 0.32411581817360968 -0.9032415085159019 -0.28125382433590052
    outer loop
      vertex 20.518924713134766 -2.5323522090911865 3
      vertex 20.430412292480469 -2.4798197746276855 2.7292916774749756
      vertex 20.608676910400391 -2.4188165664672852 2.7388124465942383
    endloop
  endfacet
  facet normal 0.34735016924595669 -0.89081448223124904 -0.29291196317644141
    outer loop
      vertex 20.799999237060547 -2.4326248168945312 3
      vertex 20.777067184448242 -2.3588318824768066 2.7483842372894287
      vertex 20.947128295898438 -2.2958924770355225 2.7586379051208496
    endloop
  endfacet
  facet normal 0.46110002800629052 -0.81639297896525687 -0.34769134022697767
    outer loop
      vertex 22.602800369262695 -1.556640625 2.8914163112640381
      vertex 22.492448806762695 -1.4081836938858032 2.3964879512786865
      vertex 22.762714385986328 -1.4731757640838623 2.9075117111206055
    endloop
  endfacet
  facet normal 0.47850806230997178 -0.8044900298019465 -0.3518889402263437
    outer loop
      vertex 22.924724578857422 -1.3865184783935547 2.9244077205657959
      vertex 22.798675537109375 -1.0540218353271484 1.9928475618362427
      vertex 23.08277702331543 -1.2999681234359741 2.9414598941802979
    endloop
  endfacet
  facet normal 0.4949713597942153 -0.79405531914469796 -0.35281652897997468
    outer loop
      vertex 23.242927551269531 -1.2102718353271484 2.9593074321746826
      vertex 23.1075439453125 -0.89778393507003784 2.0660848617553711
      vertex 23.398979187011719 -1.1209677457809448 2.9772450923919678
    endloop
  endfacet
  facet normal 0.50265726286291434 -0.78869891487642785 -0.35396284799948741
    outer loop
      vertex 23.398979187011719 -1.1209677457809448 2.9772450923919678
      vertex 23.1075439453125 -0.89778393507003784 2.0660848617553711
      vertex 23.557119369506836 -1.0285837650299072 2.9959678649902344
    endloop
  endfacet
  facet normal 0.48683709707691802 -0.79900441642061915 -0.3529611642235802
    outer loop
      vertex 22.798675537109375 -1.0540218353271484 1.9928475618362427
      vertex 23.242927551269531 -1.2102718353271484 2.9593074321746826
      vertex 23.08277702331543 -1.2999681234359741 2.9414598941802979
    endloop
  endfacet
  facet normal 0.46980197054737716 -0.80979380779141852 -0.35145426065489138
    outer loop
      vertex 22.492448806762695 -1.4081836938858032 2.3964879512786865
      vertex 22.924724578857422 -1.3865184783935547 2.9244077205657959
      vertex 22.762714385986328 -1.4731757640838623 2.9075117111206055
    endloop
  endfacet
  facet normal 0.51725750653661173 -0.77998080863290142 -0.3522422605195068
    outer loop
      vertex 23.706869125366211 -0.93937915563583374 3.0141983032226562
      vertex 23.425329208374023 -0.73412305116653442 2.1462602615356445
      vertex 23.858570098876953 -0.84733784198760986 3.0331568717956543
    endloop
  endfacet
  facet normal 0.53138974749115164 -0.77267249723803655 -0.34727820011228261
    outer loop
      vertex 24.012279510498047 -0.75238758325576782 3.0528645515441895
      vertex 23.752725601196289 -0.56278049945831299 2.2338426113128662
      vertex 24.168062210083008 -0.65445506572723389 3.0733425617218018
    endloop
  endfacet
  facet normal 0.5247580991719546 -0.7776183556263746 -0.34632157072058062
    outer loop
      vertex 23.752725601196289 -0.56278049945831299 2.2338426113128662
      vertex 24.012279510498047 -0.75238758325576782 3.0528645515441895
      vertex 23.858570098876953 -0.84733784198760986 3.0331568717956543
    endloop
  endfacet
  facet normal 0.54482582448737304 -0.76738529241222675 -0.33806010406591214
    outer loop
      vertex 24.317085266113281 -0.55920231342315674 3.093400239944458
      vertex 24.090463638305664 -0.38349261879920959 2.3293161392211914
      vertex 24.468069076538086 -0.46116238832473755 3.1141819953918457
    endloop
  endfacet
  facet normal 0.56371169720354219 -0.7592422837383318 -0.32523879999118221
    outer loop
      vertex 24.76324462890625 -0.26515471935272217 3.156120777130127
      vertex 24.439292907714844 -0.19599044322967529 2.4331817626953125
      vertex 24.954988479614258 -0.13485023379325867 3.1842710971832275
    endloop
  endfacet
  facet normal 0.57267424638015796 -0.76283649257213326 -0.30020774995519972
    outer loop
      vertex 24.954988479614258 -0.13485023379325867 3.1842710971832275
      vertex 24.799999237060547 0 2.5459563732147217
      vertex 25.149999618530273 0 3.2136147022247314
    endloop
  endfacet
  facet normal 0.57133774377635871 -0.75749579911932707 -0.31586911348391145
    outer loop
      vertex 25.125272750854492 -0.1517360508441925 3.5327723026275635
      vertex 24.954988479614258 -0.13485023379325867 3.1842710971832275
      vertex 25.149999618530273 0 3.2136147022247314
    endloop
  endfacet
  facet normal 0.55313690756034872 -0.75995899268276934 -0.34132373333122396
    outer loop
      vertex 24.76324462890625 -0.26515471935272217 3.156120777130127
      vertex 24.468069076538086 -0.46116238832473755 3.1141819953918457
      vertex 24.090463638305664 -0.38349261879920959 2.3293161392211914
    endloop
  endfacet
  facet normal 0.52004385562573108 -0.79620670225429924 -0.30920749588465257
    outer loop
      vertex 24.76324462890625 -0.26515471935272217 3.156120777130127
      vertex 24.090463638305664 -0.38349261879920959 2.3293161392211914
      vertex 24.439292907714844 -0.19599044322967529 2.4331817626953125
    endloop
  endfacet
  facet normal 0.53881246515747971 -0.77194134650710722 -0.33732430233191613
    outer loop
      vertex 24.090463638305664 -0.38349261879920959 2.3293161392211914
      vertex 24.317085266113281 -0.55920231342315674 3.093400239944458
      vertex 24.168062210083008 -0.65445506572723389 3.0733425617218018
    endloop
  endfacet
  facet normal 0.51036096598579794 -0.78498315690399634 -0.35118816576741202
    outer loop
      vertex 23.425329208374023 -0.73412305116653442 2.1462602615356445
      vertex 23.706869125366211 -0.93937915563583374 3.0141983032226562
      vertex 23.557119369506836 -1.0285837650299072 2.9959678649902344
    endloop
  endfacet
  facet normal 0.33557052148160632 -0.89524453096408707 -0.29313760402148042
    outer loop
      vertex 20.799999237060547 -2.4326248168945312 3
      vertex 20.608676910400391 -2.4188165664672852 2.7388124465942383
      vertex 20.777067184448242 -2.3588318824768066 2.7483842372894287
    endloop
  endfacet
  facet normal 0.33909359410222822 -0.89896024463771818 -0.27728327212388215
    outer loop
      vertex 20.205509185791016 -2.3826487064361572 2.140056848526001
      vertex 20.318439483642578 -2.1662631034851074 1.5766326189041138
      vertex 20.377536773681641 -2.3218438625335693 2.1533007621765137
    endloop
  endfacet
  facet normal 0.36000703505223941 -0.88702123646108844 -0.28911634471253533
    outer loop
      vertex 20.573942184448242 -2.0660402774810791 1.6058416366577148
      vertex 20.715141296386719 -2.1965069770812988 2.1819398403167725
      vertex 20.55116081237793 -2.2583804130554199 2.1675820350646973
    endloop
  endfacet
  facet normal 0.34988318646274441 -0.8948195707922858 -0.27727187300154726
    outer loop
      vertex 20.55116081237793 -2.2583804130554199 2.1675820350646973
      vertex 20.377536773681641 -2.3218438625335693 2.1533007621765137
      vertex 20.318439483642578 -2.1662631034851074 1.5766326189041138
    endloop
  endfacet
  facet normal 0.37807293220759175 -0.88044804158162704 -0.28613301803013053
    outer loop
      vertex 20.55116081237793 -2.2583804130554199 2.1675820350646973
      vertex 20.318439483642578 -2.1662631034851074 1.5766326189041138
      vertex 20.573942184448242 -2.0660402774810791 1.6058416366577148
    endloop
  endfacet
  facet normal 0.29394423648135087 -0.93402449802825138 -0.20296557078102903
    outer loop
      vertex 19.085281372070312 -2.5945613384246826 1.4721393585205078
      vertex 18.972415924072266 -2.7596559524536133 2.0684289932250977
      vertex 18.845157623291016 -2.6670012474060059 1.4577411413192749
    endloop
  endfacet
  facet normal 0.37009751363439347 -0.88239097248472664 -0.29054087849922
    outer loop
      vertex 20.880727767944336 -2.13211989402771 2.1973199844360352
      vertex 20.715141296386719 -2.1965069770812988 2.1819398403167725
      vertex 20.573942184448242 -2.0660402774810791 1.6058416366577148
    endloop
  endfacet
  facet normal 0.39171689476877747 -0.86968769398432344 -0.30033512828994252
    outer loop
      vertex 20.880727767944336 -2.13211989402771 2.1973199844360352
      vertex 20.573942184448242 -2.0660402774810791 1.6058416366577148
      vertex 20.833320617675781 -1.9604912996292114 1.63849937915802
    endloop
  endfacet
  facet normal 0.38919650073846168 -0.86685209857032364 -0.31159833603079917
    outer loop
      vertex 21.043590545654297 -2.0669276714324951 2.213331937789917
      vertex 21.097023010253906 -1.8494036197662354 1.6749290227890015
      vertex 21.208179473876953 -1.9991745948791504 2.2304229736328125
    endloop
  endfacet
  facet normal 0.39879762697516413 -0.86223276262667237 -0.31227410358874519
    outer loop
      vertex 21.369831085205078 -1.9308151006698608 2.2481141090393066
      vertex 21.208179473876953 -1.9991745948791504 2.2304229736328125
      vertex 21.097023010253906 -1.8494036197662354 1.6749290227890015
    endloop
  endfacet
  facet normal 0.41825319180795179 -0.85016439934784593 -0.31981988935020439
    outer loop
      vertex 21.369831085205078 -1.9308151006698608 2.2481141090393066
      vertex 21.097023010253906 -1.8494036197662354 1.6749290227890015
      vertex 21.36552619934082 -1.7325596809387207 1.7154698371887207
    endloop
  endfacet
  facet normal 0.37975069046185567 -0.87478941064634341 -0.30088685600199788
    outer loop
      vertex 20.833320617675781 -1.9604912996292114 1.63849937915802
      vertex 21.043590545654297 -2.0669276714324951 2.213331937789917
      vertex 20.880727767944336 -2.13211989402771 2.1973199844360352
    endloop
  endfacet
  facet normal 0.32198056142721831 -0.91773855289404271 -0.23256067293280996
    outer loop
      vertex 19.327169418334961 -2.5179622173309326 1.4883866310119629
      vertex 19.57110595703125 -2.4370222091674805 1.5067089796066284
      vertex 19.50518798828125 -2.6091632843017578 2.0947542190551758
    endloop
  endfacet
  facet normal 0.36423968124540457 -0.89149634129368516 -0.26937655441077135
    outer loop
      vertex 20.205509185791016 -2.3826487064361572 2.140056848526001
      vertex 20.066389083862305 -2.2613670825958252 1.5505653619766235
      vertex 20.318439483642578 -2.1662631034851074 1.5766326189041138
    endloop
  endfacet
  facet normal 0.40517423261791319 -0.86093166965027601 -0.30762071031657345
    outer loop
      vertex 21.043590545654297 -2.0669276714324951 2.213331937789917
      vertex 20.833320617675781 -1.9604912996292114 1.63849937915802
      vertex 21.097023010253906 -1.8494036197662354 1.6749290227890015
    endloop
  endfacet
  facet normal 0.32857428991650695 -0.90679980108156966 -0.26410803994632437
    outer loop
      vertex 20.030406951904297 -2.4424300193786621 2.127469539642334
      vertex 20.066389083862305 -2.2613670825958252 1.5505653619766235
      vertex 20.205509185791016 -2.3826487064361572 2.140056848526001
    endloop
  endfacet
  facet normal 0.4166658533603807 -0.84668102344147522 -0.33093928625589586
    outer loop
      vertex 21.639335632324219 -1.6097368001937866 1.7604774236679077
      vertex 21.693649291992188 -1.7885347604751587 2.2863004207611084
      vertex 21.533313751220703 -1.8598678112030029 2.2669312953948975
    endloop
  endfacet
  facet normal 0.43101744638741157 -0.84161580228023303 -0.32543325315934579
    outer loop
      vertex 21.533313751220703 -1.8598678112030029 2.2669312953948975
      vertex 21.36552619934082 -1.7325596809387207 1.7154698371887207
      vertex 21.639335632324219 -1.6097368001937866 1.7604774236679077
    endloop
  endfacet
  facet normal 0.40786964362067579 -0.8546059673010854 -0.32138916357917069
    outer loop
      vertex 21.36552619934082 -1.7325596809387207 1.7154698371887207
      vertex 21.533313751220703 -1.8598678112030029 2.2669312953948975
      vertex 21.369831085205078 -1.9308151006698608 2.2481141090393066
    endloop
  endfacet
  facet normal 0.42564112519019326 -0.84241082027362146 -0.33041434961688754
    outer loop
      vertex 21.855901718139648 -1.714606761932373 2.306830883026123
      vertex 21.693649291992188 -1.7885347604751587 2.2863004207611084
      vertex 21.639335632324219 -1.6097368001937866 1.7604774236679077
    endloop
  endfacet
  facet normal 0.43399637976693506 -0.83501352898549919 -0.33823002344614095
    outer loop
      vertex 21.855901718139648 -1.714606761932373 2.306830883026123
      vertex 21.918979644775391 -1.480707049369812 1.8103231191635132
      vertex 22.014808654785156 -1.6405292749404907 2.3278501033782959
    endloop
  endfacet
  facet normal 0.4503154099379334 -0.82378850237218271 -0.34436686096636454
    outer loop
      vertex 22.175697326660156 -1.563868522644043 2.3500545024871826
      vertex 22.205020904541016 -1.3452376127243042 1.8653947114944458
      vertex 22.333059310913086 -1.4873030185699463 2.3726720809936523
    endloop
  endfacet
  facet normal 0.45817699184057525 -0.81915336312979481 -0.3450530565305398
    outer loop
      vertex 22.333059310913086 -1.4873030185699463 2.3726720809936523
      vertex 22.205020904541016 -1.3452376127243042 1.8653947114944458
      vertex 22.492448806762695 -1.4081836938858032 2.3964879512786865
    endloop
  endfacet
  facet normal 0.4424262961908198 -0.83050862182959995 -0.33839976581784381
    outer loop
      vertex 21.918979644775391 -1.480707049369812 1.8103231191635132
      vertex 22.175697326660156 -1.563868522644043 2.3500545024871826
      vertex 22.014808654785156 -1.6405292749404907 2.3278501033782959
    endloop
  endfacet
  facet normal 0.44332718489344836 -0.83128910488468555 -0.33529007028909846
    outer loop
      vertex 21.918979644775391 -1.480707049369812 1.8103231191635132
      vertex 21.855901718139648 -1.714606761932373 2.306830883026123
      vertex 21.639335632324219 -1.6097368001937866 1.7604774236679077
    endloop
  endfacet
  facet normal 0.45518557393263126 -0.82163699457280159 -0.34310165029185574
    outer loop
      vertex 22.175697326660156 -1.563868522644043 2.3500545024871826
      vertex 21.918979644775391 -1.480707049369812 1.8103231191635132
      vertex 22.205020904541016 -1.3452376127243042 1.8653947114944458
    endloop
  endfacet
  facet normal 0.47737986393918663 -0.80512731126816095 -0.35196374551295084
    outer loop
      vertex 22.498048782348633 -1.2030903100967407 1.9260962009429932
      vertex 22.798675537109375 -1.0540218353271484 1.9928475618362427
      vertex 22.924724578857422 -1.3865184783935547 2.9244077205657959
    endloop
  endfacet
  facet normal 0.48762189602648776 -0.79840876362569591 -0.35322561158729832
    outer loop
      vertex 22.798675537109375 -1.0540218353271484 1.9928475618362427
      vertex 23.1075439453125 -0.89778393507003784 2.0660848617553711
      vertex 23.242927551269531 -1.2102718353271484 2.9593074321746826
    endloop
  endfacet
  facet normal 0.46655026331379462 -0.81280203855229149 -0.34883190497296557
    outer loop
      vertex 22.492448806762695 -1.4081836938858032 2.3964879512786865
      vertex 22.205020904541016 -1.3452376127243042 1.8653947114944458
      vertex 22.498048782348633 -1.2030903100967407 1.9260962009429932
    endloop
  endfacet
  facet normal 0.50609539261145176 -0.78917007634932579 -0.347962705145623
    outer loop
      vertex 23.425329208374023 -0.73412305116653442 2.1462602615356445
      vertex 23.752725601196289 -0.56278049945831299 2.2338426113128662
      vertex 23.858570098876953 -0.84733784198760986 3.0331568717956543
    endloop
  endfacet
  facet normal 0.52583821940622277 -0.79737096619275749 -0.29613123659033569
    outer loop
      vertex 24.439292907714844 -0.19599044322967529 2.4331817626953125
      vertex 24.799999237060547 0 2.5459563732147217
      vertex 24.954988479614258 -0.13485023379325867 3.1842710971832275
    endloop
  endfacet
  facet normal 0.51414168561324536 -0.78729043736881055 -0.34034114406342009
    outer loop
      vertex 23.752725601196289 -0.56278049945831299 2.2338426113128662
      vertex 24.090463638305664 -0.38349261879920959 2.3293161392211914
      vertex 24.168062210083008 -0.65445506572723389 3.0733425617218018
    endloop
  endfacet
  facet normal 0.49721329885092952 -0.79304219945258869 -0.35194176412181716
    outer loop
      vertex 23.1075439453125 -0.89778393507003784 2.0660848617553711
      vertex 23.425329208374023 -0.73412305116653442 2.1462602615356445
      vertex 23.557119369506836 -1.0285837650299072 2.9959678649902344
    endloop
  endfacet
  facet normal 0.46670477583699094 -0.81272797714311606 -0.34879777433321235
    outer loop
      vertex 22.492448806762695 -1.4081836938858032 2.3964879512786865
      vertex 22.498048782348633 -1.2030903100967407 1.9260962009429932
      vertex 22.924724578857422 -1.3865184783935547 2.9244077205657959
    endloop
  endfacet
  facet normal 0.22137121398881474 -0.95597884819795165 -0.19261159730202104
    outer loop
      vertex 18.80476188659668 -2.9938299655914307 3
      vertex 18.807466506958008 -2.9262604713439941 2.6677443981170654
      vertex 18.989437103271484 -2.8851230144500732 2.6727104187011719
    endloop
  endfacet
  facet normal -0 0 1
    outer loop
      vertex 25.353847503662109 -0.090788781642913818 3.8812732696533203
      vertex 25.5 0 3.8812732696533203
      vertex 25.372413635253906 -0.045394390821456909 3.8812732696533203
    endloop
  endfacet
  facet normal 0 -0 1
    outer loop
      vertex 25.209144592285156 -0.17860691249370575 3.8812732696533203
      vertex 25.353847503662109 -0.090788781642913818 3.8812732696533203
      vertex 25.372413635253906 -0.045394390821456909 3.8812732696533203
    endloop
  endfacet
  facet normal -0 0 1
    outer loop
      vertex 25.209144592285156 -0.17860691249370575 3.8812732696533203
      vertex 25.372413635253906 -0.045394390821456909 3.8812732696533203
      vertex 25.245552062988281 -0.089303456246852875 3.8812732696533203
    endloop
  endfacet
  facet normal 0 0 1
    outer loop
      vertex 25.057367324829102 -0.26849120855331421 3.8812732696533203
      vertex 25.209144592285156 -0.17860691249370575 3.8812732696533203
      vertex 25.245552062988281 -0.089303456246852875 3.8812732696533203
    endloop
  endfacet
  facet normal -0 0 1
    outer loop
      vertex 25.057367324829102 -0.26849120855331421 3.8812732696533203
      vertex 25.245552062988281 -0.089303456246852875 3.8812732696533203
      vertex 25.111909866333008 -0.1342456042766571 3.8812732696533203
    endloop
  endfacet
  facet normal -0 0 1
    outer loop
      vertex 24.908447265625 -0.35445693135261536 3.8812732696533203
      vertex 25.057367324829102 -0.26849120855331421 3.8812732696533203
      vertex 25.111909866333008 -0.1342456042766571 3.8812732696533203
    endloop
  endfacet
  facet normal -0 0 1
    outer loop
      vertex 24.908447265625 -0.35445693135261536 3.8812732696533203
      vertex 25.111909866333008 -0.1342456042766571 3.8812732696533203
      vertex 24.980199813842773 -0.17722846567630768 3.8812732696533203
    endloop
  endfacet
  facet normal 0 0 1
    outer loop
      vertex 24.757749557495117 -0.43919119238853455 3.8812732696533203
      vertex 24.908447265625 -0.35445693135261536 3.8812732696533203
      vertex 24.980199813842773 -0.17722846567630768 3.8812732696533203
    endloop
  endfacet
  facet normal -0 0 1
    outer loop
      vertex 24.757749557495117 -0.43919119238853455 3.8812732696533203
      vertex 24.980199813842773 -0.17722846567630768 3.8812732696533203
      vertex 24.846334457397461 -0.21959559619426727 3.8812732696533203
    endloop
  endfacet
  facet normal -0 0 1
    outer loop
      vertex 24.605224609375 -0.52263283729553223 3.8812732696533203
      vertex 24.757749557495117 -0.43919119238853455 3.8812732696533203
      vertex 24.846334457397461 -0.21959559619426727 3.8812732696533203
    endloop
  endfacet
  facet normal 0 -0 1
    outer loop
      vertex 24.605224609375 -0.52263283729553223 3.8812732696533203
      vertex 24.846334457397461 -0.21959559619426727 3.8812732696533203
      vertex 24.710245132446289 -0.26131641864776611 3.8812732696533203
    endloop
  endfacet
  facet normal -0 0 1
    outer loop
      vertex 24.450820922851562 -0.60471785068511963 3.8812732696533203
      vertex 24.605224609375 -0.52263283729553223 3.8812732696533203
      vertex 24.710245132446289 -0.26131641864776611 3.8812732696533203
    endloop
  endfacet
  facet normal -0 0 1
    outer loop
      vertex 24.450820922851562 -0.60471785068511963 3.8812732696533203
      vertex 24.710245132446289 -0.26131641864776611 3.8812732696533203
      vertex 24.571863174438477 -0.30235892534255981 3.8812732696533203
    endloop
  endfacet
  facet normal -0 0 1
    outer loop
      vertex 24.288732528686523 -0.68830227851867676 3.8812732696533203
      vertex 24.450820922851562 -0.60471785068511963 3.8812732696533203
      vertex 24.571863174438477 -0.30235892534255981 3.8812732696533203
    endloop
  endfacet
  facet normal -0 0 1
    outer loop
      vertex 24.288732528686523 -0.68830227851867676 3.8812732696533203
      vertex 24.571863174438477 -0.30235892534255981 3.8812732696533203
      vertex 24.425926208496094 -0.34415113925933838 3.8812732696533203
    endloop
  endfacet
  facet normal 0 0 1
    outer loop
      vertex 24.128320693969727 -0.76841199398040771 3.8812732696533203
      vertex 24.288732528686523 -0.68830227851867676 3.8812732696533203
      vertex 24.425926208496094 -0.34415113925933838 3.8812732696533203
    endloop
  endfacet
  facet normal -0 0 1
    outer loop
      vertex 24.128320693969727 -0.76841199398040771 3.8812732696533203
      vertex 24.425926208496094 -0.34415113925933838 3.8812732696533203
      vertex 24.280828475952148 -0.38420599699020386 3.8812732696533203
    endloop
  endfacet
  facet normal -0 0 1
    outer loop
      vertex 23.969532012939453 -0.84515553712844849 3.8812732696533203
      vertex 24.128320693969727 -0.76841199398040771 3.8812732696533203
      vertex 24.280828475952148 -0.38420599699020386 3.8812732696533203
    endloop
  endfacet
  facet normal 0 -0 1
    outer loop
      vertex 23.969532012939453 -0.84515553712844849 3.8812732696533203
      vertex 24.280828475952148 -0.38420599699020386 3.8812732696533203
      vertex 24.136541366577148 -0.42257776856422424 3.8812732696533203
    endloop
  endfacet
  facet normal -0 0 1
    outer loop
      vertex 23.812309265136719 -0.9186396598815918 3.8812732696533203
      vertex 23.969532012939453 -0.84515553712844849 3.8812732696533203
      vertex 24.136541366577148 -0.42257776856422424 3.8812732696533203
    endloop
  endfacet
  facet normal -0 0 1
    outer loop
      vertex 23.812309265136719 -0.9186396598815918 3.8812732696533203
      vertex 24.136541366577148 -0.42257776856422424 3.8812732696533203
      vertex 23.993038177490234 -0.4593198299407959 3.8812732696533203
    endloop
  endfacet
  facet normal -0 0 1
    outer loop
      vertex 23.655427932739258 -0.98949092626571655 3.8812732696533203
      vertex 23.812309265136719 -0.9186396598815918 3.8812732696533203
      vertex 23.993038177490234 -0.4593198299407959 3.8812732696533203
    endloop
  endfacet
  facet normal -0 0 1
    outer loop
      vertex 23.655427932739258 -0.98949092626571655 3.8812732696533203
      vertex 23.993038177490234 -0.4593198299407959 3.8812732696533203
      vertex 23.849214553833008 -0.49474546313285828 3.8812732696533203
    endloop
  endfacet
  facet normal -0 0 1
    outer loop
      vertex 23.489828109741211 -1.0616092681884766 3.8812732696533203
      vertex 23.655427932739258 -0.98949092626571655 3.8812732696533203
      vertex 23.849214553833008 -0.49474546313285828 3.8812732696533203
    endloop
  endfacet
  facet normal -0 0 1
    outer loop
      vertex 23.489828109741211 -1.0616092681884766 3.8812732696533203
      vertex 23.849214553833008 -0.49474546313285828 3.8812732696533203
      vertex 23.69671630859375 -0.53080463409423828 3.8812732696533203
    endloop
  endfacet
  facet normal -0 0 1
    outer loop
      vertex 23.320781707763672 -1.1324163675308228 3.8812732696533203
      vertex 23.489828109741211 -1.0616092681884766 3.8812732696533203
      vertex 23.69671630859375 -0.53080463409423828 3.8812732696533203
    endloop
  endfacet
  facet normal 0 -0 1
    outer loop
      vertex 23.320781707763672 -1.1324163675308228 3.8812732696533203
      vertex 23.69671630859375 -0.53080463409423828 3.8812732696533203
      vertex 23.540328979492188 -0.56620818376541138 3.8812732696533203
    endloop
  endfacet
  facet normal -0 0 1
    outer loop
      vertex 23.14952278137207 -1.2012757062911987 3.8812732696533203
      vertex 23.320781707763672 -1.1324163675308228 3.8812732696533203
      vertex 23.540328979492188 -0.56620818376541138 3.8812732696533203
    endloop
  endfacet
  facet normal -0 0 1
    outer loop
      vertex 23.14952278137207 -1.2012757062911987 3.8812732696533203
      vertex 23.540328979492188 -0.56620818376541138 3.8812732696533203
      vertex 23.38116455078125 -0.60063785314559937 3.8812732696533203
    endloop
  endfacet
  facet normal -0 0 1
    outer loop
      vertex 22.976030349731445 -1.2681102752685547 3.8812732696533203
      vertex 23.14952278137207 -1.2012757062911987 3.8812732696533203
      vertex 23.38116455078125 -0.60063785314559937 3.8812732696533203
    endloop
  endfacet
  facet normal 0 -0 1
    outer loop
      vertex 22.976030349731445 -1.2681102752685547 3.8812732696533203
      vertex 23.38116455078125 -0.60063785314559937 3.8812732696533203
      vertex 23.219184875488281 -0.63405513763427734 3.8812732696533203
    endloop
  endfacet
  facet normal -0 0 1
    outer loop
      vertex 22.800291061401367 -1.3328449726104736 3.8812732696533203
      vertex 22.976030349731445 -1.2681102752685547 3.8812732696533203
      vertex 23.219184875488281 -0.63405513763427734 3.8812732696533203
    endloop
  endfacet
  facet normal 0 -0 1
    outer loop
      vertex 22.800291061401367 -1.3328449726104736 3.8812732696533203
      vertex 23.219184875488281 -0.63405513763427734 3.8812732696533203
      vertex 23.054359436035156 -0.66642248630523682 3.8812732696533203
    endloop
  endfacet
  facet normal -0 0 1
    outer loop
      vertex 22.622304916381836 -1.3954079151153564 3.8812732696533203
      vertex 22.800291061401367 -1.3328449726104736 3.8812732696533203
      vertex 23.054359436035156 -0.66642248630523682 3.8812732696533203
    endloop
  endfacet
  facet normal 0 -0 1
    outer loop
      vertex 22.622304916381836 -1.3954079151153564 3.8812732696533203
      vertex 23.054359436035156 -0.66642248630523682 3.8812732696533203
      vertex 22.886669158935547 -0.69770395755767822 3.8812732696533203
    endloop
  endfacet
  facet normal -0 0 1
    outer loop
      vertex 22.442073822021484 -1.4557313919067383 3.8812732696533203
      vertex 22.622304916381836 -1.3954079151153564 3.8812732696533203
      vertex 22.886669158935547 -0.69770395755767822 3.8812732696533203
    endloop
  endfacet
  facet normal 0 -0 1
    outer loop
      vertex 22.442073822021484 -1.4557313919067383 3.8812732696533203
      vertex 22.886669158935547 -0.69770395755767822 3.8812732696533203
      vertex 22.716104507446289 -0.72786569595336914 3.8812732696533203
    endloop
  endfacet
  facet normal -0 0 1
    outer loop
      vertex 22.259616851806641 -1.5137534141540527 3.8812732696533203
      vertex 22.442073822021484 -1.4557313919067383 3.8812732696533203
      vertex 22.716104507446289 -0.72786569595336914 3.8812732696533203
    endloop
  endfacet
  facet normal 0 -0 1
    outer loop
      vertex 22.259616851806641 -1.5137534141540527 3.8812732696533203
      vertex 22.716104507446289 -0.72786569595336914 3.8812732696533203
      vertex 22.542667388916016 -0.75687670707702637 3.8812732696533203
    endloop
  endfacet
  facet normal 0 0 1
    outer loop
      vertex 22.074960708618164 -1.5694191455841064 3.8812732696533203
      vertex 22.259616851806641 -1.5137534141540527 3.8812732696533203
      vertex 22.542667388916016 -0.75687670707702637 3.8812732696533203
    endloop
  endfacet
  facet normal -0 0 1
    outer loop
      vertex 22.074960708618164 -1.5694191455841064 3.8812732696533203
      vertex 22.542667388916016 -0.75687670707702637 3.8812732696533203
      vertex 22.366373062133789 -0.78470957279205322 3.8812732696533203
    endloop
  endfacet
  facet normal -0 0 1
    outer loop
      vertex 21.888141632080078 -1.6226825714111328 3.8812732696533203
      vertex 22.074960708618164 -1.5694191455841064 3.8812732696533203
      vertex 22.366373062133789 -0.78470957279205322 3.8812732696533203
    endloop
  endfacet
  facet normal -0 0 1
    outer loop
      vertex 21.888141632080078 -1.6226825714111328 3.8812732696533203
      vertex 22.366373062133789 -0.78470957279205322 3.8812732696533203
      vertex 22.187252044677734 -0.81134128570556641 3.8812732696533203
    endloop
  endfacet
  facet normal -0 0 1
    outer loop
      vertex 21.699209213256836 -1.6735074520111084 3.8812732696533203
      vertex 21.888141632080078 -1.6226825714111328 3.8812732696533203
      vertex 22.187252044677734 -0.81134128570556641 3.8812732696533203
    endloop
  endfacet
  facet normal 0 -0 1
    outer loop
      vertex 21.699209213256836 -1.6735074520111084 3.8812732696533203
      vertex 22.187252044677734 -0.81134128570556641 3.8812732696533203
      vertex 22.005344390869141 -0.8367537260055542 3.8812732696533203
    endloop
  endfacet
  facet normal 0 0 1
    outer loop
      vertex 21.508224487304688 -1.7218693494796753 3.8812732696533203
      vertex 21.699209213256836 -1.6735074520111084 3.8812732696533203
      vertex 22.005344390869141 -0.8367537260055542 3.8812732696533203
    endloop
  endfacet
  facet normal -0 0 1
    outer loop
      vertex 21.508224487304688 -1.7218693494796753 3.8812732696533203
      vertex 22.005344390869141 -0.8367537260055542 3.8812732696533203
      vertex 21.820709228515625 -0.86093467473983765 3.8812732696533203
    endloop
  endfacet
  facet normal -0 0 1
    outer loop
      vertex 21.315256118774414 -1.767756462097168 3.8812732696533203
      vertex 21.508224487304688 -1.7218693494796753 3.8812732696533203
      vertex 21.820709228515625 -0.86093467473983765 3.8812732696533203
    endloop
  endfacet
  facet normal -0 0 1
    outer loop
      vertex 21.315256118774414 -1.767756462097168 3.8812732696533203
      vertex 21.820709228515625 -0.86093467473983765 3.8812732696533203
      vertex 21.633413314819336 -0.88387823104858398 3.8812732696533203
    endloop
  endfacet
  facet normal 0 0 1
    outer loop
      vertex 21.112972259521484 -1.8127652406692505 3.8812732696533203
      vertex 21.315256118774414 -1.767756462097168 3.8812732696533203
      vertex 21.633413314819336 -0.88387823104858398 3.8812732696533203
    endloop
  endfacet
  facet normal -0 0 1
    outer loop
      vertex 21.112972259521484 -1.8127652406692505 3.8812732696533203
      vertex 21.633413314819336 -0.88387823104858398 3.8812732696533203
      vertex 21.436307907104492 -0.90638262033462524 3.8812732696533203
    endloop
  endfacet
  facet normal -0 0 1
    outer loop
      vertex 20.912263870239258 -1.854422926902771 3.8812732696533203
      vertex 21.112972259521484 -1.8127652406692505 3.8812732696533203
      vertex 21.436307907104492 -0.90638262033462524 3.8812732696533203
    endloop
  endfacet
  facet normal 0 -0 1
    outer loop
      vertex 20.912263870239258 -1.854422926902771 3.8812732696533203
      vertex 21.436307907104492 -0.90638262033462524 3.8812732696533203
      vertex 21.239988327026367 -0.9272114634513855 3.8812732696533203
    endloop
  endfacet
  facet normal 0 0 1
    outer loop
      vertex 25.245552062988281 -0.089303456246852875 3.8812732696533203
      vertex 25.372413635253906 -0.045394390821456909 3.8812732696533203
      vertex 25.5 0 3.8812732696533203
    endloop
  endfacet
  facet normal 0 0 1
    outer loop
      vertex 25.5 0 3.8812732696533203
      vertex 25.111909866333008 -0.1342456042766571 3.8812732696533203
      vertex 25.245552062988281 -0.089303456246852875 3.8812732696533203
    endloop
  endfacet
  facet normal 0 0 1
    outer loop
      vertex 24.912500381469727 1.3183898417423734e-16 3.8812732696533203
      vertex 25.111909866333008 -0.1342456042766571 3.8812732696533203
      vertex 25.5 0 3.8812732696533203
    endloop
  endfacet
  facet normal 0 0 1
    outer loop
      vertex 24.980199813842773 -0.17722846567630768 3.8812732696533203
      vertex 25.111909866333008 -0.1342456042766571 3.8812732696533203
      vertex 24.912500381469727 1.3183898417423734e-16 3.8812732696533203
    endloop
  endfacet
  facet normal 0 0 1
    outer loop
      vertex 24.325000762939453 2.6367796834847468e-16 3.8812732696533203
      vertex 24.425926208496094 -0.34415113925933838 3.8812732696533203
      vertex 24.571863174438477 -0.30235892534255981 3.8812732696533203
    endloop
  endfacet
  facet normal 0 0 1
    outer loop
      vertex 24.325000762939453 2.6367796834847468e-16 3.8812732696533203
      vertex 24.571863174438477 -0.30235892534255981 3.8812732696533203
      vertex 24.912500381469727 1.3183898417423734e-16 3.8812732696533203
    endloop
  endfacet
  facet normal -0 0 1
    outer loop
      vertex 24.980199813842773 -0.17722846567630768 3.8812732696533203
      vertex 24.912500381469727 1.3183898417423734e-16 3.8812732696533203
      vertex 24.846334457397461 -0.21959559619426727 3.8812732696533203
    endloop
  endfacet
  facet normal -0 0 1
    outer loop
      vertex 24.846334457397461 -0.21959559619426727 3.8812732696533203
      vertex 24.912500381469727 1.3183898417423734e-16 3.8812732696533203
      vertex 24.710245132446289 -0.26131641864776611 3.8812732696533203
    endloop
  endfacet
  facet normal 0 0 1
    outer loop
      vertex 24.912500381469727 1.3183898417423734e-16 3.8812732696533203
      vertex 24.571863174438477 -0.30235892534255981 3.8812732696533203
      vertex 24.710245132446289 -0.26131641864776611 3.8812732696533203
    endloop
  endfacet
  facet normal -0 0 1
    outer loop
      vertex 24.280828475952148 -0.38420599699020386 3.8812732696533203
      vertex 24.425926208496094 -0.34415113925933838 3.8812732696533203
      vertex 24.325000762939453 2.6367796834847468e-16 3.8812732696533203
    endloop
  endfacet
  facet normal 0 -0 1
    outer loop
      vertex 25.353847503662109 -0.090788781642913818 3.8812732696533203
      vertex 25.323932647705078 -0.14546649158000946 3.8812732696533203
      vertex 25.5 0 3.8812732696533203
    endloop
  endfacet
  facet normal -0 0 1
    outer loop
      vertex 25.209144592285156 -0.17860691249370575 3.8812732696533203
      vertex 25.150346755981445 -0.28584563732147217 3.8812732696533203
      vertex 25.323932647705078 -0.14546649158000946 3.8812732696533203
    endloop
  endfacet
  facet normal 0 -0 1
    outer loop
      vertex 25.209144592285156 -0.17860691249370575 3.8812732696533203
      vertex 25.323932647705078 -0.14546649158000946 3.8812732696533203
      vertex 25.353847503662109 -0.090788781642913818 3.8812732696533203
    endloop
  endfacet
  facet normal 0 0 1
    outer loop
      vertex 24.908447265625 -0.35445693135261536 3.8812732696533203
      vertex 24.810356140136719 -0.55186271667480469 3.8812732696533203
      vertex 24.979177474975586 -0.42126810550689697 3.8812732696533203
    endloop
  endfacet
  facet normal 0 -0 1
    outer loop
      vertex 24.908447265625 -0.35445693135261536 3.8812732696533203
      vertex 24.979177474975586 -0.42126810550689697 3.8812732696533203
      vertex 25.057367324829102 -0.26849120855331421 3.8812732696533203
    endloop
  endfacet
  facet normal 0 0 1
    outer loop
      vertex 24.757749557495117 -0.43919119238853455 3.8812732696533203
      vertex 24.643817901611328 -0.67775660753250122 3.8812732696533203
      vertex 24.810356140136719 -0.55186271667480469 3.8812732696533203
    endloop
  endfacet
  facet normal 0 -0 1
    outer loop
      vertex 24.757749557495117 -0.43919119238853455 3.8812732696533203
      vertex 24.810356140136719 -0.55186271667480469 3.8812732696533203
      vertex 24.908447265625 -0.35445693135261536 3.8812732696533203
    endloop
  endfacet
  facet normal -0 0 1
    outer loop
      vertex 25.057367324829102 -0.26849120855331421 3.8812732696533203
      vertex 24.979177474975586 -0.42126810550689697 3.8812732696533203
      vertex 25.150346755981445 -0.28584563732147217 3.8812732696533203
    endloop
  endfacet
  facet normal 0 0 1
    outer loop
      vertex 25.057367324829102 -0.26849120855331421 3.8812732696533203
      vertex 25.150346755981445 -0.28584563732147217 3.8812732696533203
      vertex 25.209144592285156 -0.17860691249370575 3.8812732696533203
    endloop
  endfacet
  facet normal 0 0 1
    outer loop
      vertex 24.325000762939453 2.6367796834847468e-16 3.8812732696533203
      vertex 24.136541366577148 -0.42257776856422424 3.8812732696533203
      vertex 24.280828475952148 -0.38420599699020386 3.8812732696533203
    endloop
  endfacet
  facet normal 0 0 1
    outer loop
      vertex 24.325000762939453 2.6367796834847468e-16 3.8812732696533203
      vertex 23.993038177490234 -0.4593198299407959 3.8812732696533203
      vertex 24.136541366577148 -0.42257776856422424 3.8812732696533203
    endloop
  endfacet
  facet normal 0 0 1
    outer loop
      vertex 24.450820922851562 -0.60471785068511963 3.8812732696533203
      vertex 24.31733512878418 -0.91594159603118896 3.8812732696533203
      vertex 24.479499816894531 -0.79907500743865967 3.8812732696533203
    endloop
  endfacet
  facet normal 0 -0 1
    outer loop
      vertex 24.450820922851562 -0.60471785068511963 3.8812732696533203
      vertex 24.479499816894531 -0.79907500743865967 3.8812732696533203
      vertex 24.605224609375 -0.52263283729553223 3.8812732696533203
    endloop
  endfacet
  facet normal 0 0 1
    outer loop
      vertex 24.325000762939453 2.6367796834847468e-16 3.8812732696533203
      vertex 23.849214553833008 -0.49474546313285828 3.8812732696533203
      vertex 23.993038177490234 -0.4593198299407959 3.8812732696533203
    endloop
  endfacet
  facet normal 0 0 1
    outer loop
      vertex 24.605224609375 -0.52263283729553223 3.8812732696533203
      vertex 24.479499816894531 -0.79907500743865967 3.8812732696533203
      vertex 24.643817901611328 -0.67775660753250122 3.8812732696533203
    endloop
  endfacet
  facet normal 0 -0 1
    outer loop
      vertex 24.605224609375 -0.52263283729553223 3.8812732696533203
      vertex 24.643817901611328 -0.67775660753250122 3.8812732696533203
      vertex 24.757749557495117 -0.43919119238853455 3.8812732696533203
    endloop
  endfacet
  facet normal 0 0 1
    outer loop
      vertex 23.737499237060547 3.9551695252271202e-16 3.8812732696533203
      vertex 23.69671630859375 -0.53080463409423828 3.8812732696533203
      vertex 23.849214553833008 -0.49474546313285828 3.8812732696533203
    endloop
  endfacet
  facet normal 0 0 1
    outer loop
      vertex 23.737499237060547 3.9551695252271202e-16 3.8812732696533203
      vertex 23.849214553833008 -0.49474546313285828 3.8812732696533203
      vertex 24.325000762939453 2.6367796834847468e-16 3.8812732696533203
    endloop
  endfacet
  facet normal -0 0 1
    outer loop
      vertex 23.540328979492188 -0.56620818376541138 3.8812732696533203
      vertex 23.69671630859375 -0.53080463409423828 3.8812732696533203
      vertex 23.737499237060547 3.9551695252271202e-16 3.8812732696533203
    endloop
  endfacet
  facet normal 0 0 1
    outer loop
      vertex 23.38116455078125 -0.60063785314559937 3.8812732696533203
      vertex 23.540328979492188 -0.56620818376541138 3.8812732696533203
      vertex 23.737499237060547 3.9551695252271202e-16 3.8812732696533203
    endloop
  endfacet
  facet normal 0 0 1
    outer loop
      vertex 23.737499237060547 3.9551695252271202e-16 3.8812732696533203
      vertex 23.219184875488281 -0.63405513763427734 3.8812732696533203
      vertex 23.38116455078125 -0.60063785314559937 3.8812732696533203
    endloop
  endfacet
  facet normal 0 0 1
    outer loop
      vertex 23.149999618530273 5.2735593669694936e-16 3.8812732696533203
      vertex 23.054359436035156 -0.66642248630523682 3.8812732696533203
      vertex 23.219184875488281 -0.63405513763427734 3.8812732696533203
    endloop
  endfacet
  facet normal 0 0 1
    outer loop
      vertex 23.149999618530273 5.2735593669694936e-16 3.8812732696533203
      vertex 23.219184875488281 -0.63405513763427734 3.8812732696533203
      vertex 23.737499237060547 3.9551695252271202e-16 3.8812732696533203
    endloop
  endfacet
  facet normal 0 0 1
    outer loop
      vertex 22.5625 6.591949208711867e-16 3.8812732696533203
      vertex 22.542667388916016 -0.75687670707702637 3.8812732696533203
      vertex 22.716104507446289 -0.72786569595336914 3.8812732696533203
    endloop
  endfacet
  facet normal 0 0 1
    outer loop
      vertex 22.5625 6.591949208711867e-16 3.8812732696533203
      vertex 22.716104507446289 -0.72786569595336914 3.8812732696533203
      vertex 23.149999618530273 5.2735593669694936e-16 3.8812732696533203
    endloop
  endfacet
  facet normal 0 0 1
    outer loop
      vertex 21.975000381469727 7.9103390504542404e-16 3.8812732696533203
      vertex 21.820709228515625 -0.86093467473983765 3.8812732696533203
      vertex 22.005344390869141 -0.8367537260055542 3.8812732696533203
    endloop
  endfacet
  facet normal 0 0 1
    outer loop
      vertex 21.975000381469727 7.9103390504542404e-16 3.8812732696533203
      vertex 22.005344390869141 -0.8367537260055542 3.8812732696533203
      vertex 22.5625 6.591949208711867e-16 3.8812732696533203
    endloop
  endfacet
  facet normal 0 0 1
    outer loop
      vertex 20.799999237060547 1.0547118733938987e-15 3.8812732696533203
      vertex 20.799999237060547 -0.67896968126296997 3.8812732696533203
      vertex 21.387500762939453 9.2287288921966137e-16 3.8812732696533203
    endloop
  endfacet
  facet normal 0 -0 1
    outer loop
      vertex 21.387500762939453 9.2287288921966137e-16 3.8812732696533203
      vertex 20.799999237060547 -0.67896968126296997 3.8812732696533203
      vertex 20.952964782714844 -0.95499926805496216 3.8812732696533203
    endloop
  endfacet
  facet normal 0 0 1
    outer loop
      vertex 21.387500762939453 9.2287288921966137e-16 3.8812732696533203
      vertex 21.239988327026367 -0.9272114634513855 3.8812732696533203
      vertex 21.436307907104492 -0.90638262033462524 3.8812732696533203
    endloop
  endfacet
  facet normal 0 0 1
    outer loop
      vertex 21.387500762939453 9.2287288921966137e-16 3.8812732696533203
      vertex 21.436307907104492 -0.90638262033462524 3.8812732696533203
      vertex 21.975000381469727 7.9103390504542404e-16 3.8812732696533203
    endloop
  endfacet
  facet normal 0 0 1
    outer loop
      vertex 23.149999618530273 5.2735593669694936e-16 3.8812732696533203
      vertex 22.886669158935547 -0.69770395755767822 3.8812732696533203
      vertex 23.054359436035156 -0.66642248630523682 3.8812732696533203
    endloop
  endfacet
  facet normal -0 0 1
    outer loop
      vertex 23.149999618530273 5.2735593669694936e-16 3.8812732696533203
      vertex 22.716104507446289 -0.72786569595336914 3.8812732696533203
      vertex 22.886669158935547 -0.69770395755767822 3.8812732696533203
    endloop
  endfacet
  facet normal 0 0 1
    outer loop
      vertex 22.5625 6.591949208711867e-16 3.8812732696533203
      vertex 22.187252044677734 -0.81134128570556641 3.8812732696533203
      vertex 22.366373062133789 -0.78470957279205322 3.8812732696533203
    endloop
  endfacet
  facet normal 0 0 1
    outer loop
      vertex 22.5625 6.591949208711867e-16 3.8812732696533203
      vertex 22.005344390869141 -0.8367537260055542 3.8812732696533203
      vertex 22.187252044677734 -0.81134128570556641 3.8812732696533203
    endloop
  endfacet
  facet normal 0 0 1
    outer loop
      vertex 22.5625 6.591949208711867e-16 3.8812732696533203
      vertex 22.366373062133789 -0.78470957279205322 3.8812732696533203
      vertex 22.542667388916016 -0.75687670707702637 3.8812732696533203
    endloop
  endfacet
  facet normal 0 0 1
    outer loop
      vertex 21.975000381469727 7.9103390504542404e-16 3.8812732696533203
      vertex 21.633413314819336 -0.88387823104858398 3.8812732696533203
      vertex 21.820709228515625 -0.86093467473983765 3.8812732696533203
    endloop
  endfacet
  facet normal -0 0 1
    outer loop
      vertex 21.975000381469727 7.9103390504542404e-16 3.8812732696533203
      vertex 21.436307907104492 -0.90638262033462524 3.8812732696533203
      vertex 21.633413314819336 -0.88387823104858398 3.8812732696533203
    endloop
  endfacet
  facet normal 0 -0 1
    outer loop
      vertex 20.799999237060547 -1.3579393625259399 3.8812732696533203
      vertex 20.799999237060547 -2.0369091033935547 3.8812732696533203
      vertex 20.952964782714844 -0.95499926805496216 3.8812732696533203
    endloop
  endfacet
  facet normal 0 -0 1
    outer loop
      vertex 20.952964782714844 -0.95499926805496216 3.8812732696533203
      vertex 20.799999237060547 -2.0369091033935547 3.8812732696533203
      vertex 21.239988327026367 -0.9272114634513855 3.8812732696533203
    endloop
  endfacet
  facet normal 0 0 1
    outer loop
      vertex 20.799999237060547 -0.67896968126296997 3.8812732696533203
      vertex 20.799999237060547 -1.3579393625259399 3.8812732696533203
      vertex 20.952964782714844 -0.95499926805496216 3.8812732696533203
    endloop
  endfacet
  facet normal 0 0 1
    outer loop
      vertex 21.387500762939453 9.2287288921966137e-16 3.8812732696533203
      vertex 20.952964782714844 -0.95499926805496216 3.8812732696533203
      vertex 21.239988327026367 -0.9272114634513855 3.8812732696533203
    endloop
  endfacet
  facet normal -0 0 1
    outer loop
      vertex 24.128320693969727 -0.76841199398040771 3.8812732696533203
      vertex 23.999229431152344 -1.1368042230606079 3.8812732696533203
      vertex 24.157266616821289 -1.0284780263900757 3.8812732696533203
    endloop
  endfacet
  facet normal 0 -0 1
    outer loop
      vertex 24.128320693969727 -0.76841199398040771 3.8812732696533203
      vertex 24.157266616821289 -1.0284780263900757 3.8812732696533203
      vertex 24.288732528686523 -0.68830227851867676 3.8812732696533203
    endloop
  endfacet
  facet normal 0 0 1
    outer loop
      vertex 23.969532012939453 -0.84515553712844849 3.8812732696533203
      vertex 23.843162536621094 -1.2410386800765991 3.8812732696533203
      vertex 23.999229431152344 -1.1368042230606079 3.8812732696533203
    endloop
  endfacet
  facet normal 0 -0 1
    outer loop
      vertex 23.969532012939453 -0.84515553712844849 3.8812732696533203
      vertex 23.999229431152344 -1.1368042230606079 3.8812732696533203
      vertex 24.128320693969727 -0.76841199398040771 3.8812732696533203
    endloop
  endfacet
  facet normal 0 0 1
    outer loop
      vertex 23.812309265136719 -0.9186396598815918 3.8812732696533203
      vertex 23.689010620117188 -1.3412977457046509 3.8812732696533203
      vertex 23.843162536621094 -1.2410386800765991 3.8812732696533203
    endloop
  endfacet
  facet normal 0 -0 1
    outer loop
      vertex 23.812309265136719 -0.9186396598815918 3.8812732696533203
      vertex 23.843162536621094 -1.2410386800765991 3.8812732696533203
      vertex 23.969532012939453 -0.84515553712844849 3.8812732696533203
    endloop
  endfacet
  facet normal 0 0 1
    outer loop
      vertex 23.489828109741211 -1.0616092681884766 3.8812732696533203
      vertex 23.237455368041992 -1.6193604469299316 3.8812732696533203
      vertex 23.386213302612305 -1.5303465127944946 3.8812732696533203
    endloop
  endfacet
  facet normal 0 -0 1
    outer loop
      vertex 23.489828109741211 -1.0616092681884766 3.8812732696533203
      vertex 23.386213302612305 -1.5303465127944946 3.8812732696533203
      vertex 23.655427932739258 -0.98949092626571655 3.8812732696533203
    endloop
  endfacet
  facet normal 0 0 1
    outer loop
      vertex 23.320781707763672 -1.1324163675308228 3.8812732696533203
      vertex 23.090383529663086 -1.7048470973968506 3.8812732696533203
      vertex 23.237455368041992 -1.6193604469299316 3.8812732696533203
    endloop
  endfacet
  facet normal -0 0 1
    outer loop
      vertex 23.320781707763672 -1.1324163675308228 3.8812732696533203
      vertex 23.237455368041992 -1.6193604469299316 3.8812732696533203
      vertex 23.489828109741211 -1.0616092681884766 3.8812732696533203
    endloop
  endfacet
  facet normal -0 0 1
    outer loop
      vertex 23.655427932739258 -0.98949092626571655 3.8812732696533203
      vertex 23.536712646484375 -1.4376959800720215 3.8812732696533203
      vertex 23.689010620117188 -1.3412977457046509 3.8812732696533203
    endloop
  endfacet
  facet normal 0 -0 1
    outer loop
      vertex 23.655427932739258 -0.98949092626571655 3.8812732696533203
      vertex 23.689010620117188 -1.3412977457046509 3.8812732696533203
      vertex 23.812309265136719 -0.9186396598815918 3.8812732696533203
    endloop
  endfacet
  facet normal 0 0 1
    outer loop
      vertex 24.288732528686523 -0.68830227851867676 3.8812732696533203
      vertex 24.157266616821289 -1.0284780263900757 3.8812732696533203
      vertex 24.31733512878418 -0.91594159603118896 3.8812732696533203
    endloop
  endfacet
  facet normal 0 -0 1
    outer loop
      vertex 24.288732528686523 -0.68830227851867676 3.8812732696533203
      vertex 24.31733512878418 -0.91594159603118896 3.8812732696533203
      vertex 24.450820922851562 -0.60471785068511963 3.8812732696533203
    endloop
  endfacet
  facet normal 0 0 1
    outer loop
      vertex 23.655427932739258 -0.98949092626571655 3.8812732696533203
      vertex 23.386213302612305 -1.5303465127944946 3.8812732696533203
      vertex 23.536712646484375 -1.4376959800720215 3.8812732696533203
    endloop
  endfacet
  facet normal 0 -0 1
    outer loop
      vertex 23.090383529663086 -1.7048470973968506 3.8812732696533203
      vertex 23.320781707763672 -1.1324163675308228 3.8812732696533203
      vertex 23.14952278137207 -1.2012757062911987 3.8812732696533203
    endloop
  endfacet
  facet normal 0 0 1
    outer loop
      vertex 23.090383529663086 -1.7048470973968506 3.8812732696533203
      vertex 23.14952278137207 -1.2012757062911987 3.8812732696533203
      vertex 22.944944381713867 -1.7869141101837158 3.8812732696533203
    endloop
  endfacet
  facet normal 0 0 1
    outer loop
      vertex 22.976030349731445 -1.2681102752685547 3.8812732696533203
      vertex 22.801084518432617 -1.865667462348938 3.8812732696533203
      vertex 22.944944381713867 -1.7869141101837158 3.8812732696533203
    endloop
  endfacet
  facet normal -0 0 1
    outer loop
      vertex 22.976030349731445 -1.2681102752685547 3.8812732696533203
      vertex 22.944944381713867 -1.7869141101837158 3.8812732696533203
      vertex 23.14952278137207 -1.2012757062911987 3.8812732696533203
    endloop
  endfacet
  facet normal 0 0 1
    outer loop
      vertex 22.800291061401367 -1.3328449726104736 3.8812732696533203
      vertex 22.517900466918945 -2.0136473178863525 3.8812732696533203
      vertex 22.658754348754883 -1.9412111043930054 3.8812732696533203
    endloop
  endfacet
  facet normal -0 0 1
    outer loop
      vertex 22.800291061401367 -1.3328449726104736 3.8812732696533203
      vertex 22.658754348754883 -1.9412111043930054 3.8812732696533203
      vertex 22.976030349731445 -1.2681102752685547 3.8812732696533203
    endloop
  endfacet
  facet normal 0 0 1
    outer loop
      vertex 22.442073822021484 -1.4557313919067383 3.8812732696533203
      vertex 22.10371208190918 -2.2133083343505859 3.8812732696533203
      vertex 22.378475189208984 -2.0830767154693604 3.8812732696533203
    endloop
  endfacet
  facet normal 0 -0 1
    outer loop
      vertex 22.442073822021484 -1.4557313919067383 3.8812732696533203
      vertex 22.378475189208984 -2.0830767154693604 3.8812732696533203
      vertex 22.622304916381836 -1.3954079151153564 3.8812732696533203
    endloop
  endfacet
  facet normal -0 0 1
    outer loop
      vertex 22.10371208190918 -2.2133083343505859 3.8812732696533203
      vertex 22.442073822021484 -1.4557313919067383 3.8812732696533203
      vertex 22.259616851806641 -1.5137534141540527 3.8812732696533203
    endloop
  endfacet
  facet normal 0 0 1
    outer loop
      vertex 22.622304916381836 -1.3954079151153564 3.8812732696533203
      vertex 22.378475189208984 -2.0830767154693604 3.8812732696533203
      vertex 22.517900466918945 -2.0136473178863525 3.8812732696533203
    endloop
  endfacet
  facet normal -0 0 1
    outer loop
      vertex 22.622304916381836 -1.3954079151153564 3.8812732696533203
      vertex 22.517900466918945 -2.0136473178863525 3.8812732696533203
      vertex 22.800291061401367 -1.3328449726104736 3.8812732696533203
    endloop
  endfacet
  facet normal 0 0 1
    outer loop
      vertex 21.888141632080078 -1.6226825714111328 3.8812732696533203
      vertex 21.569238662719727 -2.4419171810150146 3.8812732696533203
      vertex 21.834085464477539 -2.3326749801635742 3.8812732696533203
    endloop
  endfacet
  facet normal -0 0 1
    outer loop
      vertex 21.888141632080078 -1.6226825714111328 3.8812732696533203
      vertex 21.834085464477539 -2.3326749801635742 3.8812732696533203
      vertex 22.074960708618164 -1.5694191455841064 3.8812732696533203
    endloop
  endfacet
  facet normal 0 0 1
    outer loop
      vertex 21.699209213256836 -1.6735074520111084 3.8812732696533203
      vertex 21.308822631835938 -2.5417473316192627 3.8812732696533203
      vertex 21.569238662719727 -2.4419171810150146 3.8812732696533203
    endloop
  endfacet
  facet normal 0 -0 1
    outer loop
      vertex 21.699209213256836 -1.6735074520111084 3.8812732696533203
      vertex 21.569238662719727 -2.4419171810150146 3.8812732696533203
      vertex 21.888141632080078 -1.6226825714111328 3.8812732696533203
    endloop
  endfacet
  facet normal -0 0 1
    outer loop
      vertex 21.052515029907227 -2.6328492164611816 3.8812732696533203
      vertex 21.508224487304688 -1.7218693494796753 3.8812732696533203
      vertex 21.315256118774414 -1.767756462097168 3.8812732696533203
    endloop
  endfacet
  facet normal -0 0 1
    outer loop
      vertex 21.112972259521484 -1.8127652406692505 3.8812732696533203
      vertex 20.799999237060547 -2.7158787250518799 3.8812732696533203
      vertex 21.052515029907227 -2.6328492164611816 3.8812732696533203
    endloop
  endfacet
  facet normal 0 -0 1
    outer loop
      vertex 21.112972259521484 -1.8127652406692505 3.8812732696533203
      vertex 21.052515029907227 -2.6328492164611816 3.8812732696533203
      vertex 21.315256118774414 -1.767756462097168 3.8812732696533203
    endloop
  endfacet
  facet normal 0 -0 1
    outer loop
      vertex 21.508224487304688 -1.7218693494796753 3.8812732696533203
      vertex 21.308822631835938 -2.5417473316192627 3.8812732696533203
      vertex 21.699209213256836 -1.6735074520111084 3.8812732696533203
    endloop
  endfacet
  facet normal 0 -0 1
    outer loop
      vertex 22.074960708618164 -1.5694191455841064 3.8812732696533203
      vertex 21.834085464477539 -2.3326749801635742 3.8812732696533203
      vertex 22.259616851806641 -1.5137534141540527 3.8812732696533203
    endloop
  endfacet
  facet normal -0 0 1
    outer loop
      vertex 22.10371208190918 -2.2133083343505859 3.8812732696533203
      vertex 22.259616851806641 -1.5137534141540527 3.8812732696533203
      vertex 21.834085464477539 -2.3326749801635742 3.8812732696533203
    endloop
  endfacet
  facet normal -0 0 1
    outer loop
      vertex 20.799999237060547 -2.7158787250518799 3.8812732696533203
      vertex 20.912263870239258 -1.854422926902771 3.8812732696533203
      vertex 20.799999237060547 -2.0369091033935547 3.8812732696533203
    endloop
  endfacet
  facet normal -0 0 1
    outer loop
      vertex 21.052515029907227 -2.6328492164611816 3.8812732696533203
      vertex 21.308822631835938 -2.5417473316192627 3.8812732696533203
      vertex 21.508224487304688 -1.7218693494796753 3.8812732696533203
    endloop
  endfacet
  facet normal 0 0 1
    outer loop
      vertex 21.239988327026367 -0.9272114634513855 3.8812732696533203
      vertex 20.799999237060547 -2.0369091033935547 3.8812732696533203
      vertex 20.912263870239258 -1.854422926902771 3.8812732696533203
    endloop
  endfacet
  facet normal 0 -0 1
    outer loop
      vertex 21.112972259521484 -1.8127652406692505 3.8812732696533203
      vertex 20.912263870239258 -1.854422926902771 3.8812732696533203
      vertex 20.799999237060547 -2.7158787250518799 3.8812732696533203
    endloop
  endfacet
  facet normal 0 0 1
    outer loop
      vertex 22.801084518432617 -1.865667462348938 3.8812732696533203
      vertex 22.976030349731445 -1.2681102752685547 3.8812732696533203
      vertex 22.658754348754883 -1.9412111043930054 3.8812732696533203
    endloop
  endfacet
  facet normal -1 0 -0
    outer loop
      vertex 20.799999237060547 -0.81087493896484375 3
      vertex 20.799999237060547 -2.4326248168945312 3
      vertex 20.799999237060547 -2.5752794742584229 3.4403042793273926
    endloop
  endfacet
  facet normal -1 0 0
    outer loop
      vertex 20.799999237060547 -1.3579393625259399 3.8812732696533203
      vertex 20.799999237060547 -0.81087493896484375 3
      vertex 20.799999237060547 -2.5752794742584229 3.4403042793273926
    endloop
  endfacet
  facet normal -1 0 -0
    outer loop
      vertex 20.799999237060547 -2.5752794742584229 3.4403042793273926
      vertex 20.799999237060547 -2.7158787250518799 3.8812732696533203
      vertex 20.799999237060547 -2.0369091033935547 3.8812732696533203
    endloop
  endfacet
  facet normal -1 -0 0
    outer loop
      vertex 20.799999237060547 -0.81087493896484375 3
      vertex 20.799999237060547 -1.3579393625259399 3.8812732696533203
      vertex 20.799999237060547 -0.67896968126296997 3.8812732696533203
    endloop
  endfacet
  facet normal -1 -0 0
    outer loop
      vertex 20.799999237060547 -1.3579393625259399 3.8812732696533203
      vertex 20.799999237060547 -2.5752794742584229 3.4403042793273926
      vertex 20.799999237060547 -2.0369091033935547 3.8812732696533203
    endloop
  endfacet
  facet normal -1 -0 0
    outer loop
      vertex 20.799999237060547 -0.67896968126296997 3.8812732696533203
      vertex 20.799999237060547 1.0547118733938987e-15 3.8812732696533203
      vertex 20.799999237060547 -0.81087493896484375 3
    endloop
  endfacet
  facet normal -1 -0 0
    outer loop
      vertex 20.799999237060547 0.81087493896484375 3
      vertex 20.799999237060547 1.0547118733938987e-15 3.8812732696533203
      vertex 20.799999237060547 0.67896968126296997 3.8812732696533203
    endloop
  endfacet
  facet normal -1 -0 0
    outer loop
      vertex 20.799999237060547 -0.81087493896484375 3
      vertex 20.799999237060547 1.0547118733938987e-15 3.8812732696533203
      vertex 20.799999237060547 0.81087493896484375 3
    endloop
  endfacet
  facet normal -1 0 0
    outer loop
      vertex 20.799999237060547 0.81087493896484375 3
      vertex 20.799999237060547 2.5752794742584229 3.4403042793273926
      vertex 20.799999237060547 2.4326248168945312 3
    endloop
  endfacet
  facet normal -1 0 -0
    outer loop
      vertex 20.799999237060547 2.5752794742584229 3.4403042793273926
      vertex 20.799999237060547 0.81087493896484375 3
      vertex 20.799999237060547 1.3579393625259399 3.8812732696533203
    endloop
  endfacet
  facet normal -1 -0 0
    outer loop
      vertex 20.799999237060547 0.81087493896484375 3
      vertex 20.799999237060547 0.67896968126296997 3.8812732696533203
      vertex 20.799999237060547 1.3579393625259399 3.8812732696533203
    endloop
  endfacet
  facet normal -1 0 -0
    outer loop
      vertex 20.799999237060547 2.5752794742584229 3.4403042793273926
      vertex 20.799999237060547 2.0369091033935547 3.8812732696533203
      vertex 20.799999237060547 2.7158787250518799 3.8812732696533203
    endloop
  endfacet
  facet normal -1 -0 -0
    outer loop
      vertex 20.799999237060547 2.0369091033935547 3.8812732696533203
      vertex 20.799999237060547 2.5752794742584229 3.4403042793273926
      vertex 20.799999237060547 1.3579393625259399 3.8812732696533203
    endloop
  endfacet
  facet normal -1 2.9190596062136418e-15 3.5922099046380175e-14
    outer loop
      vertex 1.0658141036401503e-14 -3.2920851707458496 1.8385627269744873
      vertex 5.5511151231257827e-16 -1.1371870040893555 1.382205605506897
      vertex 0 -2.2743740081787109 1.4591611623764038
    endloop
  endfacet
  facet normal -1 0 -0
    outer loop
      vertex 1.0658141036401503e-14 -4.4408920985006262e-16 3
      vertex 1.0658141036401503e-14 -3.2920851707458496 1.8385627269744873
      vertex 1.0658141036401503e-14 -3.3091135025024414 3
    endloop
  endfacet
  facet normal -1 -2.9297399749180099e-15 8.3043258121414108e-15
    outer loop
      vertex 5.5511151231257827e-16 -1.1371870040893555 1.382205605506897
      vertex 1.0658141036401503e-14 -3.2920851707458496 1.8385627269744873
      vertex 1.0658141036401503e-14 -4.4408920985006262e-16 3
    endloop
  endfacet
  facet normal -1 -0 6.2449403697275551e-15
    outer loop
      vertex 1.0658141036401503e-14 -4.4408920985006262e-16 3
      vertex 5.5511151231257827e-16 1.1371870040893555 1.382205605506897
      vertex 5.5511151231257827e-16 -1.1371870040893555 1.382205605506897
    endloop
  endfacet
  facet normal -1 2.9297399749180091e-15 8.3043258121414108e-15
    outer loop
      vertex 5.5511151231257827e-16 1.1371870040893555 1.382205605506897
      vertex 1.0658141036401503e-14 -4.4408920985006262e-16 3
      vertex 1.0658141036401503e-14 3.2920851707458496 1.8385627269744873
    endloop
  endfacet
  facet normal -1 0 -0
    outer loop
      vertex 1.0658141036401503e-14 3.2920851707458496 1.8385627269744873
      vertex 1.0658141036401503e-14 -4.4408920985006262e-16 3
      vertex 1.0658141036401503e-14 3.3091135025024414 3
    endloop
  endfacet
  facet normal -1 -2.9190596062136418e-15 3.5922099046380175e-14
    outer loop
      vertex 0 2.2743740081787109 1.4591611623764038
      vertex 5.5511151231257827e-16 1.1371870040893555 1.382205605506897
      vertex 1.0658141036401503e-14 3.2920851707458496 1.8385627269744873
    endloop
  endfacet
  facet normal -1 0 -7.2133927034074655e-15
    outer loop
      vertex 1.1102230246251565e-15 0 1.3052499294281006
      vertex 5.5511151231257827e-16 -1.1371870040893555 1.382205605506897
      vertex 5.5511151231257827e-16 1.1371870040893555 1.382205605506897
    endloop
  endfacet
  facet normal 0.3698091969013263 0.8769520173981098 -0.30691418518631802
    outer loop
      vertex 21.283481597900391 2.1643350124359131 2.7807064056396484
      vertex 21.114410400390625 2.2316443920135498 2.7693123817443848
      vertex 21.185230255126953 2.3963608741760254 3.3252928256988525
    endloop
  endfacet
  facet normal 0.35039112246580262 0.8827892396856426 -0.31290448956894196
    outer loop
      vertex 21.283481597900391 2.1643350124359131 2.7807064056396484
      vertex 21.185230255126953 2.3963608741760254 3.3252928256988525
      vertex 21.358781814575195 2.3294951915740967 3.3309898376464844
    endloop
  endfacet
  facet normal 0.35862643809041778 0.88385861104910846 -0.3003015710530344
    outer loop
      vertex 21.114410400390625 2.2316443920135498 2.7693123817443848
      vertex 20.947128295898438 2.2958924770355225 2.7586379051208496
      vertex 21.013528823852539 2.4596648216247559 3.319955587387085
    endloop
  endfacet
  facet normal 0.33763469292971843 0.88992316604051436 -0.30665872346092166
    outer loop
      vertex 21.114410400390625 2.2316443920135498 2.7693123817443848
      vertex 21.013528823852539 2.4596648216247559 3.319955587387085
      vertex 21.185230255126953 2.3963608741760254 3.3252928256988525
    endloop
  endfacet
  facet normal 0.39169391258433761 0.86301162389679431 -0.31904046116972617
    outer loop
      vertex 21.617494583129883 2.0242969989776611 2.8050453662872314
      vertex 21.449544906616211 2.0958864688873291 2.7925004959106445
      vertex 21.529256820678711 2.2609579563140869 3.3368868827819824
    endloop
  endfacet
  facet normal 0.37554653609220007 0.86829841276200159 -0.32407200685054333
    outer loop
      vertex 21.617494583129883 2.0242969989776611 2.8050453662872314
      vertex 21.529256820678711 2.2609579563140869 3.3368868827819824
      vertex 21.701675415039062 2.1887264251708984 3.3431591987609863
    endloop
  endfacet
  facet normal 0.38083474111869514 0.86997443542639419 -0.31322417157937099
    outer loop
      vertex 21.449544906616211 2.0958864688873291 2.7925004959106445
      vertex 21.283481597900391 2.1643350124359131 2.7807064056396484
      vertex 21.358781814575195 2.3294951915740967 3.3309898376464844
    endloop
  endfacet
  facet normal 0.36304220888830091 0.87558939200352037 -0.31865902023386816
    outer loop
      vertex 21.449544906616211 2.0958864688873291 2.7925004959106445
      vertex 21.358781814575195 2.3294951915740967 3.3309898376464844
      vertex 21.529256820678711 2.2609579563140869 3.3368868827819824
    endloop
  endfacet
  facet normal 0.41277127365747501 0.84915324145991222 -0.32948239431160742
    outer loop
      vertex 21.948904037475586 1.8760577440261841 2.8316450119018555
      vertex 21.782215118408203 1.9517741203308105 2.8179581165313721
      vertex 21.870779037475586 2.1150133609771729 3.3496155738830566
    endloop
  endfacet
  facet normal 0.39997873139097467 0.85369244615927375 -0.33350595467766686
    outer loop
      vertex 21.948904037475586 1.8760577440261841 2.8316450119018555
      vertex 21.870779037475586 2.1150133609771729 3.3496155738830566
      vertex 22.041906356811523 2.0375089645385742 3.3564591407775879
    endloop
  endfacet
  facet normal 0.40233745096886298 0.85604449780543335 -0.32451871028481716
    outer loop
      vertex 21.782215118408203 1.9517741203308105 2.8179581165313721
      vertex 21.617494583129883 2.0242969989776611 2.8050453662872314
      vertex 21.701675415039062 2.1887264251708984 3.3431591987609863
    endloop
  endfacet
  facet normal 0.38787601812144062 0.86100422858017045 -0.32897403078863402
    outer loop
      vertex 21.782215118408203 1.9517741203308105 2.8179581165313721
      vertex 21.701675415039062 2.1887264251708984 3.3431591987609863
      vertex 21.870779037475586 2.1150133609771729 3.3496155738830566
    endloop
  endfacet
  facet normal 0.43289492966674609 0.8356168834353439 -0.33815145125612833
    outer loop
      vertex 22.277433395385742 1.720009446144104 2.8604607582092285
      vertex 22.112154006958008 1.79964280128479 2.8456578254699707
      vertex 22.209497451782227 1.9587563276290894 3.3634655475616455
    endloop
  endfacet
  facet normal 0.42346904272536612 0.83922543211033029 -0.34113728021500578
    outer loop
      vertex 22.277433395385742 1.720009446144104 2.8604607582092285
      vertex 22.209497451782227 1.9587563276290894 3.3634655475616455
      vertex 22.379167556762695 1.8761502504348755 3.3708670139312744
    endloop
  endfacet
  facet normal 0.42295358991929521 0.84231928898453023 -0.33407854791796515
    outer loop
      vertex 22.112154006958008 1.79964280128479 2.8456578254699707
      vertex 21.948904037475586 1.8760577440261841 2.8316450119018555
      vertex 22.041906356811523 2.0375089645385742 3.3564591407775879
    endloop
  endfacet
  facet normal 0.41185839382073486 0.84643502039824547 -0.3375209914699025
    outer loop
      vertex 22.112154006958008 1.79964280128479 2.8456578254699707
      vertex 22.041906356811523 2.0375089645385742 3.3564591407775879
      vertex 22.209497451782227 1.9587563276290894 3.3634655475616455
    endloop
  endfacet
  facet normal 0.45197083657081327 0.82262697391197903 -0.34497423770754182
    outer loop
      vertex 22.602800369262695 1.556640625 2.8914163112640381
      vertex 22.439081192016602 1.639933705329895 2.8755393028259277
      vertex 22.545101165771484 1.7925645112991333 3.378406286239624
    endloop
  endfacet
  facet normal 0.44586174504072185 0.82514046535506191 -0.3469157199419971
    outer loop
      vertex 22.602800369262695 1.556640625 2.8914163112640381
      vertex 22.545101165771484 1.7925645112991333 3.378406286239624
      vertex 22.713150024414062 1.7050975561141968 3.3863449096679688
    endloop
  endfacet
  facet normal 0.44256410744113334 0.8290312674751108 -0.34182476263934464
    outer loop
      vertex 22.439081192016602 1.639933705329895 2.8755393028259277
      vertex 22.277433395385742 1.720009446144104 2.8604607582092285
      vertex 22.379167556762695 1.8761502504348755 3.3708670139312744
    endloop
  endfacet
  facet normal 0.43480932009511658 0.83212949094758892 -0.34424027285274017
    outer loop
      vertex 22.439081192016602 1.639933705329895 2.8755393028259277
      vertex 22.379167556762695 1.8761502504348755 3.3708670139312744
      vertex 22.545101165771484 1.7925645112991333 3.378406286239624
    endloop
  endfacet
  facet normal 0.46995462448100139 0.81038566871388851 -0.34988243578674344
    outer loop
      vertex 22.924724578857422 1.3865184783935547 2.9244077205657959
      vertex 22.762714385986328 1.4731757640838623 2.9075117111206055
      vertex 22.877283096313477 1.6169455051422119 3.3943924903869629
    endloop
  endfacet
  facet normal 0.46707784271132557 0.81165357912387393 -0.35079446452807589
    outer loop
      vertex 22.924724578857422 1.3865184783935547 2.9244077205657959
      vertex 22.877283096313477 1.6169455051422119 3.3943924903869629
      vertex 23.043548583984375 1.5249167680740356 3.4028403759002686
    endloop
  endfacet
  facet normal 0.46110018926221719 0.81639361894331997 -0.34768962367458828
    outer loop
      vertex 22.762714385986328 1.4731757640838623 2.9075117111206055
      vertex 22.602800369262695 1.556640625 2.8914163112640381
      vertex 22.713150024414062 1.7050975561141968 3.3863449096679688
    endloop
  endfacet
  facet normal 0.45661481886206667 0.81831675358846978 -0.34908537350050861
    outer loop
      vertex 22.762714385986328 1.4731757640838623 2.9075117111206055
      vertex 22.713150024414062 1.7050975561141968 3.3863449096679688
      vertex 22.877283096313477 1.6169455051422119 3.3943924903869629
    endloop
  endfacet
  facet normal 0.48685430093257054 0.79906891763768606 -0.35279137536055866
    outer loop
      vertex 23.242927551269531 1.2102718353271484 2.9593074321746826
      vertex 23.08277702331543 1.2999681234359741 2.9414598941802979
      vertex 23.205738067626953 1.4325159788131714 3.4113664627075195
    endloop
  endfacet
  facet normal 0.48709351968202874 0.79895626116684071 -0.35271631068902415
    outer loop
      vertex 23.242927551269531 1.2102718353271484 2.9593074321746826
      vertex 23.205738067626953 1.4325159788131714 3.4113664627075195
      vertex 23.370063781738281 1.3362724781036377 3.420290470123291
    endloop
  endfacet
  facet normal 0.47853674679161123 0.80459937612266275 -0.35159980931895191
    outer loop
      vertex 23.08277702331543 1.2999681234359741 2.9414598941802979
      vertex 22.924724578857422 1.3865184783935547 2.9244077205657959
      vertex 23.043548583984375 1.5249167680740356 3.4028403759002686
    endloop
  endfacet
  facet normal 0.47723258924407369 0.80519771170015042 -0.35200241595227505
    outer loop
      vertex 23.08277702331543 1.2999681234359741 2.9414598941802979
      vertex 23.043548583984375 1.5249167680740356 3.4028403759002686
      vertex 23.205738067626953 1.4325159788131714 3.4113664627075195
    endloop
  endfacet
  facet normal 0.50269539003318031 0.78883800668793369 -0.35359856340771006
    outer loop
      vertex 23.557119369506836 1.0285837650299072 2.9959678649902344
      vertex 23.398979187011719 1.1209677457809448 2.9772450923919678
      vertex 23.530162811279297 1.2399860620498657 3.4292593002319336
    endloop
  endfacet
  facet normal 0.50595021659617945 0.78720311330557913 -0.35259840715505586
    outer loop
      vertex 23.557119369506836 1.0285837650299072 2.9959678649902344
      vertex 23.530162811279297 1.2399860620498657 3.4292593002319336
      vertex 23.6923828125 1.139917254447937 3.4386205673217773
    endloop
  endfacet
  facet normal 0.49490477161345536 0.7938089717130844 -0.35346369468737376
    outer loop
      vertex 23.398979187011719 1.1209677457809448 2.9772450923919678
      vertex 23.242927551269531 1.2102718353271484 2.9593074321746826
      vertex 23.370063781738281 1.3362724781036377 3.420290470123291
    endloop
  endfacet
  facet normal 0.49666394119331481 0.79294720952281772 -0.35293009566810829
    outer loop
      vertex 23.398979187011719 1.1209677457809448 2.9772450923919678
      vertex 23.370063781738281 1.3362724781036377 3.420290470123291
      vertex 23.530162811279297 1.2399860620498657 3.4292593002319336
    endloop
  endfacet
  facet normal 0.51726486835394903 0.78000721449746824 -0.35217297070995168
    outer loop
      vertex 23.858570098876953 0.84733784198760986 3.0331568717956543
      vertex 23.706869125366211 0.93937915563583374 3.0141983032226562
      vertex 23.845979690551758 1.0428694486618042 3.4477357864379883
    endloop
  endfacet
  facet normal 0.52335274906147167 0.77672071884313165 -0.35043804726314914
    outer loop
      vertex 23.858570098876953 0.84733784198760986 3.0331568717956543
      vertex 23.845979690551758 1.0428694486618042 3.4477357864379883
      vertex 24.001552581787109 0.94232159852981567 3.4572150707244873
    endloop
  endfacet
  facet normal 0.51015623580361269 0.7842408657711768 -0.35313861233963578
    outer loop
      vertex 23.706869125366211 0.93937915563583374 3.0141983032226562
      vertex 23.557119369506836 1.0285837650299072 2.9959678649902344
      vertex 23.6923828125 1.139917254447937 3.4386205673217773
    endloop
  endfacet
  facet normal 0.5148318695628803 0.78177656510470372 -0.35181465054127631
    outer loop
      vertex 23.706869125366211 0.93937915563583374 3.0141983032226562
      vertex 23.6923828125 1.139917254447937 3.4386205673217773
      vertex 23.845979690551758 1.0428694486618042 3.4477357864379883
    endloop
  endfacet
  facet normal 0.53127594038293269 0.77226661872181646 -0.34835347677065487
    outer loop
      vertex 24.168062210083008 0.65445506572723389 3.0733425617218018
      vertex 24.012279510498047 0.75238758325576782 3.0528645515441895
      vertex 24.15916633605957 0.83817672729492188 3.4670689105987549
    endloop
  endfacet
  facet normal 0.54019286773170205 0.76721433272397421 -0.34579449578428351
    outer loop
      vertex 24.168062210083008 0.65445506572723389 3.0733425617218018
      vertex 24.15916633605957 0.83817672729492188 3.4670689105987549
      vertex 24.318881988525391 0.73033642768859863 3.4773080348968506
    endloop
  endfacet
  facet normal 0.52430864580465486 0.77600283219395427 -0.35059955556368128
    outer loop
      vertex 24.012279510498047 0.75238758325576782 3.0528645515441895
      vertex 23.858570098876953 0.84733784198760986 3.0331568717956543
      vertex 24.001552581787109 0.94232159852981567 3.4572150707244873
    endloop
  endfacet
  facet normal 0.53179950504027085 0.77186034977013984 -0.34845499980864164
    outer loop
      vertex 24.012279510498047 0.75238758325576782 3.0528645515441895
      vertex 24.001552581787109 0.94232159852981567 3.4572150707244873
      vertex 24.15916633605957 0.83817672729492188 3.4670689105987549
    endloop
  endfacet
  facet normal 0.54445536734800748 0.76605076205030687 -0.34166443029395088
    outer loop
      vertex 24.468069076538086 0.46116238832473755 3.1141819953918457
      vertex 24.317085266113281 0.55920231342315674 3.093400239944458
      vertex 24.471641540527344 0.62505322694778442 3.4873368740081787
    endloop
  endfacet
  facet normal 0.55611754188174134 0.75897167062082549 -0.33866692015377459
    outer loop
      vertex 24.468069076538086 0.46116238832473755 3.1141819953918457
      vertex 24.471641540527344 0.62505322694778442 3.4873368740081787
      vertex 24.626388549804688 0.51630276441574097 3.497727632522583
    endloop
  endfacet
  facet normal 0.53799293948449611 0.76897876285101707 -0.34530458923818297
    outer loop
      vertex 24.317085266113281 0.55920231342315674 3.093400239944458
      vertex 24.168062210083008 0.65445506572723389 3.0733425617218018
      vertex 24.318881988525391 0.73033642768859863 3.4773080348968506
    endloop
  endfacet
  facet normal 0.5482798368322388 0.76288284141107443 -0.34263536128627953
    outer loop
      vertex 24.317085266113281 0.55920231342315674 3.093400239944458
      vertex 24.318881988525391 0.73033642768859863 3.4773080348968506
      vertex 24.471641540527344 0.62505322694778442 3.4873368740081787
    endloop
  endfacet
  facet normal 0.56366334781249383 0.75906242228817733 -0.3257420289167734
    outer loop
      vertex 24.954988479614258 0.13485023379325867 3.1842710971832275
      vertex 24.76324462890625 0.26515471935272217 3.156120777130127
      vertex 24.928848266601562 0.29777604341506958 3.5186970233917236
    endloop
  endfacet
  facet normal 0.57998669290054106 0.74927261036961124 -0.31969671785647452
    outer loop
      vertex 24.954988479614258 0.13485023379325867 3.1842710971832275
      vertex 24.928848266601562 0.29777604341506958 3.5186970233917236
      vertex 25.125272750854492 0.1517360508441925 3.5327723026275635
    endloop
  endfacet
  facet normal 0.1159388229051371 0.9916158412698769 -0.057063234100475146
    outer loop
      vertex 15.827940940856934 3.339622974395752 1.9949822425842285
      vertex 15.631801605224609 3.3624320030212402 1.9928377866744995
      vertex 15.58600902557373 3.4040098190307617 2.6223163604736328
    endloop
  endfacet
  facet normal 0.097206700251545167 0.99317541010225729 -0.064447359871597498
    outer loop
      vertex 15.827940940856934 3.339622974395752 1.9949822425842285
      vertex 15.58600902557373 3.4040098190307617 2.6223163604736328
      vertex 15.784690856933594 3.3846566677093506 2.6237459182739258
    endloop
  endfacet
  facet normal 0.10984589691665517 0.99258888259473632 -0.051972964894342742
    outer loop
      vertex 15.631801605224609 3.3624320030212402 1.9928377866744995
      vertex 15.436324119567871 3.3839616775512695 1.9908697605133057
      vertex 15.388155937194824 3.4222867488861084 2.6210043430328369
    endloop
  endfacet
  facet normal 0.092212259240977285 0.99399307574141726 -0.058946285920250245
    outer loop
      vertex 15.631801605224609 3.3624320030212402 1.9928377866744995
      vertex 15.388155937194824 3.4222867488861084 2.6210043430328369
      vertex 15.58600902557373 3.4040098190307617 2.6223163604736328
    endloop
  endfacet
  facet normal 0.1290942062940168 0.98926241524864966 -0.068516856887383931
    outer loop
      vertex 16.229820251464844 3.2889077663421631 1.999944806098938
      vertex 16.028573989868164 3.3149905204772949 1.9973609447479248
      vertex 15.988089561462402 3.363767147064209 2.6253316402435303
    endloop
  endfacet
  facet normal 0.10797043364584517 0.99117461974558974 -0.076910718567142877
    outer loop
      vertex 16.229820251464844 3.2889077663421631 1.999944806098938
      vertex 15.988089561462402 3.363767147064209 2.6253316402435303
      vertex 16.192272186279297 3.3416588306427002 2.6270542144775391
    endloop
  endfacet
  facet normal 0.12235052007756343 0.99051536434894516 -0.062527299841158929
    outer loop
      vertex 16.028573989868164 3.3149905204772949 1.9973609447479248
      vertex 15.827940940856934 3.339622974395752 1.9949822425842285
      vertex 15.784690856933594 3.3846566677093506 2.6237459182739258
    endloop
  endfacet
  facet normal 0.10245458493534501 0.99223871994367796 -0.070465457284101932
    outer loop
      vertex 16.028573989868164 3.3149905204772949 1.9973609447479248
      vertex 15.784690856933594 3.3846566677093506 2.6237459182739258
      vertex 15.988089561462402 3.363767147064209 2.6253316402435303
    endloop
  endfacet
  facet normal 0.14240521145580867 0.98647172826724905 -0.081205203525718375
    outer loop
      vertex 16.596599578857422 3.2376422882080078 2.0052003860473633
      vertex 16.412988662719727 3.2639238834381104 2.0024776458740234
      vertex 16.378253936767578 3.3204915523529053 2.6287429332733154
    endloop
  endfacet
  facet normal 0.11885932281826624 0.98884508292352979 -0.089765602304783004
    outer loop
      vertex 16.596599578857422 3.2376422882080078 2.0052003860473633
      vertex 16.378253936767578 3.3204915523529053 2.6287429332733154
      vertex 16.564817428588867 3.2982313632965088 2.6305580139160156
    endloop
  endfacet
  facet normal 0.13578438591357139 0.98789783910105444 -0.074969727500780112
    outer loop
      vertex 16.412988662719727 3.2639238834381104 2.0024776458740234
      vertex 16.229820251464844 3.2889077663421631 1.999944806098938
      vertex 16.192272186279297 3.3416588306427002 2.6270542144775391
    endloop
  endfacet
  facet normal 0.11343739628547483 0.99006078427679978 -0.083136036477454364
    outer loop
      vertex 16.412988662719727 3.2639238834381104 2.0024776458740234
      vertex 16.192272186279297 3.3416588306427002 2.6270542144775391
      vertex 16.378253936767578 3.3204915523529053 2.6287429332733154
    endloop
  endfacet
  facet normal 0.15641677255890049 0.98312748561161112 -0.09483744143137017
    outer loop
      vertex 16.963481903076172 3.1812136173248291 2.0112526416778564
      vertex 16.77983283996582 3.2101297378540039 2.0081150531768799
      vertex 16.751125335693359 3.2749285697937012 2.6325011253356934
    endloop
  endfacet
  facet normal 0.13045795132807253 0.98596942049057434 -0.10413944878269463
    outer loop
      vertex 16.963481903076172 3.1812136173248291 2.0112526416778564
      vertex 16.751125335693359 3.2749285697937012 2.6325011253356934
      vertex 16.937984466552734 3.2504253387451172 2.6345927715301514
    endloop
  endfacet
  facet normal 0.14927826891997162 0.98488619768122265 -0.087836074851282739
    outer loop
      vertex 16.77983283996582 3.2101297378540039 2.0081150531768799
      vertex 16.596599578857422 3.2376422882080078 2.0052003860473633
      vertex 16.564817428588867 3.2982313632965088 2.6305580139160156
    endloop
  endfacet
  facet normal 0.12452096033536118 0.98748808455406867 -0.096756463871391585
    outer loop
      vertex 16.77983283996582 3.2101297378540039 2.0081150531768799
      vertex 16.564817428588867 3.2982313632965088 2.6305580139160156
      vertex 16.751125335693359 3.2749285697937012 2.6325011253356934
    endloop
  endfacet
  facet normal 0.17153254881678975 0.9790196507573512 -0.10998685433891464
    outer loop
      vertex 17.329395294189453 3.1193647384643555 2.0182425975799561
      vertex 17.146224975585938 3.1510498523712158 2.0146119594573975
      vertex 17.124044418334961 3.2248387336730957 2.6368324756622314
    endloop
  endfacet
  facet normal 0.14328334967507222 0.98238717501246198 -0.11993881805706284
    outer loop
      vertex 17.329395294189453 3.1193647384643555 2.0182425975799561
      vertex 17.124044418334961 3.2248387336730957 2.6368324756622314
      vertex 17.310659408569336 3.1979160308837891 2.6392529010772705
    endloop
  endfacet
  facet normal 0.16383334136027686 0.98117542773874988 -0.10224194961173395
    outer loop
      vertex 17.146224975585938 3.1510498523712158 2.0146119594573975
      vertex 16.963481903076172 3.1812136173248291 2.0112526416778564
      vertex 16.937984466552734 3.2504253387451172 2.6345927715301514
    endloop
  endfacet
  facet normal 0.13670232179065828 0.98427720472864755 -0.11185195335175689
    outer loop
      vertex 17.146224975585938 3.1510498523712158 2.0146119594573975
      vertex 16.937984466552734 3.2504253387451172 2.6345927715301514
      vertex 17.124044418334961 3.2248387336730957 2.6368324756622314
    endloop
  endfacet
  facet normal 0.18791907333258553 0.9739889428379831 -0.12661738074676115
    outer loop
      vertex 17.697113037109375 3.0511174201965332 2.0264501571655273
      vertex 17.51301383972168 3.0860815048217773 2.0221765041351318
      vertex 17.497848510742188 3.1695675849914551 2.6418755054473877
    endloop
  endfacet
  facet normal 0.15764257339368992 0.97792187146909459 -0.13717737552599082
    outer loop
      vertex 17.697113037109375 3.0511174201965332 2.0264501571655273
      vertex 17.497848510742188 3.1695675849914551 2.6418755054473877
      vertex 17.685646057128906 3.1396939754486084 2.6447246074676514
    endloop
  endfacet
  facet normal 0.17955750689081537 0.97663075997083104 -0.11811630030589322
    outer loop
      vertex 17.51301383972168 3.0860815048217773 2.0221765041351318
      vertex 17.329395294189453 3.1193647384643555 2.0182425975799561
      vertex 17.310659408569336 3.1979160308837891 2.6392529010772705
    endloop
  endfacet
  facet normal 0.15025447796359648 0.98027578110325342 -0.12838607726032233
    outer loop
      vertex 17.51301383972168 3.0860815048217773 2.0221765041351318
      vertex 17.310659408569336 3.1979160308837891 2.6392529010772705
      vertex 17.497848510742188 3.1695675849914551 2.6418755054473877
    endloop
  endfacet
  facet normal 0.20566705847001898 0.96787104112451183 -0.14466066781555773
    outer loop
      vertex 18.066938400268555 2.9757890701293945 2.0361828804016113
      vertex 17.881736755371094 3.0143842697143555 2.0311040878295898
      vertex 17.874090194702148 3.1081862449645996 2.6478271484375
    endloop
  endfacet
  facet normal 0.1737769610673531 0.97239931849962591 -0.15569564278957526
    outer loop
      vertex 18.066938400268555 2.9757890701293945 2.0361828804016113
      vertex 17.874090194702148 3.1081862449645996 2.6478271484375
      vertex 18.063232421875 3.0749268531799316 2.6512129306793213
    endloop
  endfacet
  facet normal 0.19662223355334629 0.97107498356113597 -0.13547351613593264
    outer loop
      vertex 17.881736755371094 3.0143842697143555 2.0311040878295898
      vertex 17.697113037109375 3.0511174201965332 2.0264501571655273
      vertex 17.685646057128906 3.1396939754486084 2.6447246074676514
    endloop
  endfacet
  facet normal 0.1654785267659995 0.97530317337576333 -0.14628936113921737
    outer loop
      vertex 17.881736755371094 3.0143842697143555 2.0311040878295898
      vertex 17.685646057128906 3.1396939754486084 2.6447246074676514
      vertex 17.874090194702148 3.1081862449645996 2.6478271484375
    endloop
  endfacet
  facet normal 0.22480360635895272 0.960518299430275 -0.16391441372735291
    outer loop
      vertex 18.439327239990234 2.892608642578125 2.0478167533874512
      vertex 18.252777099609375 2.9352319240570068 2.0417361259460449
      vertex 18.253135681152344 3.0397882461547852 2.6549150943756104
    endloop
  endfacet
  facet normal 0.1918328348922739 0.96565027308238605 -0.17527040124649323
    outer loop
      vertex 18.439327239990234 2.892608642578125 2.0478167533874512
      vertex 18.253135681152344 3.0397882461547852 2.6549150943756104
      vertex 18.443866729736328 3.0026340484619141 2.6589689254760742
    endloop
  endfacet
  facet normal 0.21506607042452575 0.96435689270286018 -0.15415047469481716
    outer loop
      vertex 18.252777099609375 2.9352319240570068 2.0417361259460449
      vertex 18.066938400268555 2.9757890701293945 2.0361828804016113
      vertex 18.063232421875 3.0749268531799316 2.6512129306793213
    endloop
  endfacet
  facet normal 0.18255691862112358 0.96918850573455773 -0.16536811003206042
    outer loop
      vertex 18.252777099609375 2.9352319240570068 2.0417361259460449
      vertex 18.063232421875 3.0749268531799316 2.6512129306793213
      vertex 18.253135681152344 3.0397882461547852 2.6549150943756104
    endloop
  endfacet
  facet normal 0.24443512165371961 0.9521309709245761 -0.18357038298253633
    outer loop
      vertex 18.794689178466797 2.8058736324310303 2.0609798431396484
      vertex 18.616615295410156 2.8502650260925293 2.054110050201416
      vertex 18.625221252441406 2.9654810428619385 2.6631643772125244
    endloop
  endfacet
  facet normal 0.21104189483523259 0.95792962559646477 -0.19450488690254369
    outer loop
      vertex 18.794689178466797 2.8058736324310303 2.0609798431396484
      vertex 18.625221252441406 2.9654810428619385 2.6631643772125244
      vertex 18.807466506958008 2.9262604713439941 2.6677443981170654
    endloop
  endfacet
  facet normal 0.2346025863766561 0.95640584129840855 -0.17392381434313939
    outer loop
      vertex 18.616615295410156 2.8502650260925293 2.054110050201416
      vertex 18.439327239990234 2.892608642578125 2.0478167533874512
      vertex 18.443866729736328 3.0026340484619141 2.6589689254760742
    endloop
  endfacet
  facet normal 0.20133990772051844 0.96192813305411951 -0.18481479485720084
    outer loop
      vertex 18.616615295410156 2.8502650260925293 2.054110050201416
      vertex 18.443866729736328 3.0026340484619141 2.6589689254760742
      vertex 18.625221252441406 2.9654810428619385 2.6631643772125244
    endloop
  endfacet
  facet normal 0.26481850426348763 0.94264962029724197 -0.2031818228905212
    outer loop
      vertex 19.151094436645508 2.7112123966217041 2.0765600204467773
      vertex 18.972415924072266 2.7596559524536133 2.0684289932250977
      vertex 18.989437103271484 2.8851230144500732 2.6727104187011719
    endloop
  endfacet
  facet normal 0.23166239754505688 0.94896278320546745 -0.21401441459539319
    outer loop
      vertex 19.151094436645508 2.7112123966217041 2.0765600204467773
      vertex 18.989437103271484 2.8851230144500732 2.6727104187011719
      vertex 19.172458648681641 2.8416659832000732 2.678131103515625
    endloop
  endfacet
  facet normal 0.25451181815556789 0.94754203817986193 -0.19335930363212492
    outer loop
      vertex 18.972415924072266 2.7596559524536133 2.0684289932250977
      vertex 18.794689178466797 2.8058736324310303 2.0609798431396484
      vertex 18.807466506958008 2.9262604713439941 2.6677443981170654
    endloop
  endfacet
  facet normal 0.22115386618219496 0.95361503165656203 -0.20422864361132595
    outer loop
      vertex 18.972415924072266 2.7596559524536133 2.0684289932250977
      vertex 18.807466506958008 2.9262604713439941 2.6677443981170654
      vertex 18.989437103271484 2.8851230144500732 2.6727104187011719
    endloop
  endfacet
  facet normal 0.28585229277140395 0.9320144590420455 -0.22279478192698987
    outer loop
      vertex 19.50518798828125 2.6091632843017578 2.0947542190551758
      vertex 19.327583312988281 2.661367654800415 2.0852680206298828
      vertex 19.353311538696289 2.796586275100708 2.6839363574981689
    endloop
  endfacet
  facet normal 0.25360226940324115 0.93876404695315552 -0.23325512449174596
    outer loop
      vertex 19.50518798828125 2.6091632843017578 2.0947542190551758
      vertex 19.353311538696289 2.796586275100708 2.6839363574981689
      vertex 19.535371780395508 2.7489750385284424 2.690260648727417
    endloop
  endfacet
  facet normal 0.2752735573687784 0.93745741189049059 -0.21306822734776945
    outer loop
      vertex 19.327583312988281 2.661367654800415 2.0852680206298828
      vertex 19.151094436645508 2.7112123966217041 2.0765600204467773
      vertex 19.172458648681641 2.8416659832000732 2.678131103515625
    endloop
  endfacet
  facet normal 0.24248810433696572 0.94402485214783383 -0.22364390844001417
    outer loop
      vertex 19.327583312988281 2.661367654800415 2.0852680206298828
      vertex 19.172458648681641 2.8416659832000732 2.678131103515625
      vertex 19.353311538696289 2.796586275100708 2.6839363574981689
    endloop
  endfacet
  facet normal 0.30723164044753376 0.92036388333076313 -0.24194842708361367
    outer loop
      vertex 19.856748580932617 2.499631404876709 2.1158411502838135
      vertex 19.680328369140625 2.5556368827819824 2.1048617362976074
      vertex 19.714967727661133 2.6997368335723877 2.6969990730285645
    endloop
  endfacet
  facet normal 0.27652272396410443 0.92741453427883058 -0.25186795099784226
    outer loop
      vertex 19.856748580932617 2.499631404876709 2.1158411502838135
      vertex 19.714967727661133 2.6997368335723877 2.6969990730285645
      vertex 19.895933151245117 2.6477670669555664 2.7043185234069824
    endloop
  endfacet
  facet normal 0.29651230632353986 0.92629528801223937 -0.23250267010298589
    outer loop
      vertex 19.680328369140625 2.5556368827819824 2.1048617362976074
      vertex 19.50518798828125 2.6091632843017578 2.0947542190551758
      vertex 19.535371780395508 2.7489750385284424 2.690260648727417
    endloop
  endfacet
  facet normal 0.26496065475575675 0.93323988882771458 -0.24260907100155107
    outer loop
      vertex 19.680328369140625 2.5556368827819824 2.1048617362976074
      vertex 19.535371780395508 2.7489750385284424 2.690260648727417
      vertex 19.714967727661133 2.6997368335723877 2.6969990730285645
    endloop
  endfacet
  facet normal 0.32866516486718794 0.90786899026882573 -0.26029426791822952
    outer loop
      vertex 20.205509185791016 2.3826487064361572 2.140056848526001
      vertex 20.030406951904297 2.4424300193786621 2.127469539642334
      vertex 20.074113845825195 2.5942177772521973 2.7120707035064697
    endloop
  endfacet
  facet normal 0.30007974311685848 0.91504826396474437 -0.26951590377198092
    outer loop
      vertex 20.205509185791016 2.3826487064361572 2.140056848526001
      vertex 20.074113845825195 2.5942177772521973 2.7120707035064697
      vertex 20.253820419311523 2.5377566814422607 2.7204623222351074
    endloop
  endfacet
  facet normal 0.31795450555048699 0.91419563049179819 -0.25129918740387658
    outer loop
      vertex 20.030406951904297 2.4424300193786621 2.127469539642334
      vertex 19.856748580932617 2.499631404876709 2.1158411502838135
      vertex 19.895933151245117 2.6477670669555664 2.7043185234069824
    endloop
  endfacet
  facet normal 0.28824627599985236 0.92136308409602974 -0.26077605648768681
    outer loop
      vertex 20.030406951904297 2.4424300193786621 2.127469539642334
      vertex 19.895933151245117 2.6477670669555664 2.7043185234069824
      vertex 20.074113845825195 2.5942177772521973 2.7120707035064697
    endloop
  endfacet
  facet normal 0.34987648180950881 0.89474571518169477 -0.27751856269553898
    outer loop
      vertex 20.55116081237793 2.2583804130554199 2.1675820350646973
      vertex 20.377536773681641 2.3218438625335693 2.1533007621765137
      vertex 20.430412292480469 2.4798197746276855 2.7292916774749756
    endloop
  endfacet
  facet normal 0.32389147981371819 0.90185943274408931 -0.2859088541381487
    outer loop
      vertex 20.55116081237793 2.2583804130554199 2.1675820350646973
      vertex 20.430412292480469 2.4798197746276855 2.7292916774749756
      vertex 20.608676910400391 2.4188165664672852 2.7388124465942383
    endloop
  endfacet
  facet normal 0.33931174004268794 0.90135501187873091 -0.26912206455490861
    outer loop
      vertex 20.377536773681641 2.3218438625335693 2.1533007621765137
      vertex 20.205509185791016 2.3826487064361572 2.140056848526001
      vertex 20.253820419311523 2.5377566814422607 2.7204623222351074
    endloop
  endfacet
  facet normal 0.31197503657992004 0.90856095146510674 -0.27782831753400794
    outer loop
      vertex 20.377536773681641 2.3218438625335693 2.1533007621765137
      vertex 20.253820419311523 2.5377566814422607 2.7204623222351074
      vertex 20.430412292480469 2.4798197746276855 2.7292916774749756
    endloop
  endfacet
  facet normal 0.37001926976220867 0.88158198185949632 -0.29308522525935099
    outer loop
      vertex 20.880727767944336 2.13211989402771 2.1973199844360352
      vertex 20.715141296386719 2.1965069770812988 2.1819398403167725
      vertex 20.777067184448242 2.3588318824768066 2.7483842372894287
    endloop
  endfacet
  facet normal 0.34694404063698903 0.88851694227104772 -0.30027899687421855
    outer loop
      vertex 20.880727767944336 2.13211989402771 2.1973199844360352
      vertex 20.777067184448242 2.3588318824768066 2.7483842372894287
      vertex 20.947128295898438 2.2958924770355225 2.7586379051208496
    endloop
  endfacet
  facet normal 0.36010997362750419 0.88808955344946361 -0.28568820757590019
    outer loop
      vertex 20.715141296386719 2.1965069770812988 2.1819398403167725
      vertex 20.55116081237793 2.2583804130554199 2.1675820350646973
      vertex 20.608676910400391 2.4188165664672852 2.7388124465942383
    endloop
  endfacet
  facet normal 0.33556585179665643 0.89521730194561844 -0.29322609264046029
    outer loop
      vertex 20.715141296386719 2.1965069770812988 2.1819398403167725
      vertex 20.608676910400391 2.4188165664672852 2.7388124465942383
      vertex 20.777067184448242 2.3588318824768066 2.7483842372894287
    endloop
  endfacet
  facet normal 0.38936697062569264 0.86845435360031398 -0.30688824985396856
    outer loop
      vertex 21.208179473876953 1.9991745948791504 2.2304229736328125
      vertex 21.043590545654297 2.0669276714324951 2.213331937789917
      vertex 21.114410400390625 2.2316443920135498 2.7693123817443848
    endloop
  endfacet
  facet normal 0.36941698394059014 0.87491202828147485 -0.31314538914796997
    outer loop
      vertex 21.208179473876953 1.9991745948791504 2.2304229736328125
      vertex 21.114410400390625 2.2316443920135498 2.7693123817443848
      vertex 21.283481597900391 2.1643350124359131 2.7807064056396484
    endloop
  endfacet
  facet normal 0.37977292050113293 0.87500844858316451 -0.30022115808537525
    outer loop
      vertex 21.043590545654297 2.0669276714324951 2.213331937789917
      vertex 20.880727767944336 2.13211989402771 2.1973199844360352
      vertex 20.947128295898438 2.2958924770355225 2.7586379051208496
    endloop
  endfacet
  facet normal 0.35823884097693165 0.8817589705647364 -0.30686487359116393
    outer loop
      vertex 21.043590545654297 2.0669276714324951 2.213331937789917
      vertex 20.947128295898438 2.2958924770355225 2.7586379051208496
      vertex 21.114410400390625 2.2316443920135498 2.7693123817443848
    endloop
  endfacet
  facet normal 0.40795886757731703 0.85541357266000373 -0.31911938529973621
    outer loop
      vertex 21.533313751220703 1.8598678112030029 2.2669312953948975
      vertex 21.369831085205078 1.9308151006698608 2.2481141090393066
      vertex 21.449544906616211 2.0958864688873291 2.7925004959106445
    endloop
  endfacet
  facet normal 0.39131733839907301 0.86119462452459117 -0.3243679382402242
    outer loop
      vertex 21.533313751220703 1.8598678112030029 2.2669312953948975
      vertex 21.449544906616211 2.0958864688873291 2.7925004959106445
      vertex 21.617494583129883 2.0242969989776611 2.8050453662872314
    endloop
  endfacet
  facet normal 0.39876158593425859 0.86189399852429471 -0.3132537835222397
    outer loop
      vertex 21.369831085205078 1.9308151006698608 2.2481141090393066
      vertex 21.208179473876953 1.9991745948791504 2.2304229736328125
      vertex 21.283481597900391 2.1643350124359131 2.7807064056396484
    endloop
  endfacet
  facet normal 0.38045351725592941 0.86806665068931954 -0.31892853614660938
    outer loop
      vertex 21.369831085205078 1.9308151006698608 2.2481141090393066
      vertex 21.283481597900391 2.1643350124359131 2.7807064056396484
      vertex 21.449544906616211 2.0958864688873291 2.7925004959106445
    endloop
  endfacet
  facet normal 0.42567339942474614 0.84269393331709497 -0.32964995339411746
    outer loop
      vertex 21.855901718139648 1.714606761932373 2.306830883026123
      vertex 21.693649291992188 1.7885347604751587 2.2863004207611084
      vertex 21.782215118408203 1.9517741203308105 2.8179581165313721
    endloop
  endfacet
  facet normal 0.41243035560292535 0.84761458311073357 -0.33384235841975102
    outer loop
      vertex 21.855901718139648 1.714606761932373 2.306830883026123
      vertex 21.782215118408203 1.9517741203308105 2.8179581165313721
      vertex 21.948904037475586 1.8760577440261841 2.8316450119018555
    endloop
  endfacet
  facet normal 0.41693035416971236 0.84898493607780534 -0.32464389426706158
    outer loop
      vertex 21.693649291992188 1.7885347604751587 2.2863004207611084
      vertex 21.533313751220703 1.8598678112030029 2.2669312953948975
      vertex 21.617494583129883 2.0242969989776611 2.8050453662872314
    endloop
  endfacet
  facet normal 0.4019818145985678 0.85438660600937122 -0.32929340747095137
    outer loop
      vertex 21.693649291992188 1.7885347604751587 2.2863004207611084
      vertex 21.617494583129883 2.0242969989776611 2.8050453662872314
      vertex 21.782215118408203 1.9517741203308105 2.8179581165313721
    endloop
  endfacet
  facet normal 0.44242727203394633 0.83051698361289172 -0.33837796750253102
    outer loop
      vertex 22.175697326660156 1.563868522644043 2.3500545024871826
      vertex 22.014808654785156 1.6405292749404907 2.3278501033782959
      vertex 22.112154006958008 1.79964280128479 2.8456578254699707
    endloop
  endfacet
  facet normal 0.43261062294323582 0.83440674735985298 -0.3414870844951769
    outer loop
      vertex 22.175697326660156 1.563868522644043 2.3500545024871826
      vertex 22.112154006958008 1.79964280128479 2.8456578254699707
      vertex 22.277433395385742 1.720009446144104 2.8604607582092285
    endloop
  endfacet
  facet normal 0.434172196902949 0.83651160875168451 -0.33427957140713144
    outer loop
      vertex 22.014808654785156 1.6405292749404907 2.3278501033782959
      vertex 21.855901718139648 1.714606761932373 2.306830883026123
      vertex 21.948904037475586 1.8760577440261841 2.8316450119018555
    endloop
  endfacet
  facet normal 0.42264363485524342 0.84096214492642685 -0.33786836004143872
    outer loop
      vertex 22.014808654785156 1.6405292749404907 2.3278501033782959
      vertex 21.948904037475586 1.8760577440261841 2.8316450119018555
      vertex 22.112154006958008 1.79964280128479 2.8456578254699707
    endloop
  endfacet
  facet normal 0.4581696802720559 0.81909155665876887 -0.34520945220216231
    outer loop
      vertex 22.492448806762695 1.4081836938858032 2.3964879512786865
      vertex 22.333059310913086 1.4873030185699463 2.3726720809936523
      vertex 22.439081192016602 1.639933705329895 2.8755393028259277
    endloop
  endfacet
  facet normal 0.45176435036172624 0.82179130045393733 -0.34722907458977831
    outer loop
      vertex 22.492448806762695 1.4081836938858032 2.3964879512786865
      vertex 22.439081192016602 1.639933705329895 2.8755393028259277
      vertex 22.602800369262695 1.556640625 2.8914163112640381
    endloop
  endfacet
  facet normal 0.45042249043505184 0.82468869748170737 -0.34206451490356438
    outer loop
      vertex 22.333059310913086 1.4873030185699463 2.3726720809936523
      vertex 22.175697326660156 1.563868522644043 2.3500545024871826
      vertex 22.277433395385742 1.720009446144104 2.8604607582092285
    endloop
  endfacet
  facet normal 0.44232042086531725 0.82802087532006019 -0.34457811207290928
    outer loop
      vertex 22.333059310913086 1.4873030185699463 2.3726720809936523
      vertex 22.277433395385742 1.720009446144104 2.8604607582092285
      vertex 22.439081192016602 1.639933705329895 2.8755393028259277
    endloop
  endfacet
  facet normal -0.047989010961329202 0.9987338320363639 -0.01509263306760944
    outer loop
      vertex 4.0226435661315918 3.5363705158233643 3
      vertex 3.6936602592468262 3.5157358646392822 2.6805765628814697
      vertex 3.4501345157623291 3.5088615417480469 3
    endloop
  endfacet
  facet normal -0.051538618383712577 0.99853923321716676 -0.016222531897661631
    outer loop
      vertex 2.8728978633880615 3.4790680408477783 3
      vertex 3.4501345157623291 3.5088615417480469 3
      vertex 3.2847023010253906 3.4953830242156982 2.6959364414215088
    endloop
  endfacet
  facet normal -0.043897529141837151 0.99895250470977626 -0.012918988710665148
    outer loop
      vertex 4.0226435661315918 3.5363705158233643 3
      vertex 4.588019847869873 3.5612151622772217 3
      vertex 4.4761457443237305 3.5518405437469482 2.6552515029907227
    endloop
  endfacet
  facet normal -0.028106586956789536 0.99958993841889721 -0.0054749229534082344
    outer loop
      vertex 5.7552371025085449 3.6037766933441162 3
      vertex 6.322239875793457 3.6197197437286377 3
      vertex 6.042759895324707 3.6097927093505859 2.622326135635376
    endloop
  endfacet
  facet normal -0.039088435972970244 0.9991767211281114 -0.0108615896103318
    outer loop
      vertex 5.1787543296813965 3.5843250751495361 3
      vertex 4.870964527130127 3.5684213638305664 2.6446564197540283
      vertex 4.588019847869873 3.5612151622772217 3
    endloop
  endfacet
  facet normal -0.033721685847857369 0.9994012203774133 -0.0077491039298195384
    outer loop
      vertex 5.653965950012207 3.5974769592285156 2.6282243728637695
      vertex 5.1787543296813965 3.5843250751495361 3
      vertex 5.7552371025085449 3.6037766933441162 3
    endloop
  endfacet
  facet normal -0.022372740866000256 0.99974587870102527 -0.0027637811884545296
    outer loop
      vertex 6.322239875793457 3.6197197437286377 3
      vertex 6.8845338821411133 3.63230299949646 3
      vertex 6.817253589630127 3.6297321319580078 2.6146693229675293
    endloop
  endfacet
  facet normal -0.054605074547236648 0.99835637951019118 -0.017401877053753283
    outer loop
      vertex 2.4766495227813721 3.4526908397674561 2.7301051616668701
      vertex 2.2933392524719238 3.4473690986633301 3
      vertex 2.8728978633880615 3.4790680408477783 3
    endloop
  endfacet
  facet normal -0.061294731551196024 0.99798418271784906 -0.016447702850349476
    outer loop
      vertex 0.83826649188995361 3.3583419322967529 2.8123874664306641
      vertex 0.56478935480117798 3.344637393951416 3
      vertex 1.1368794441223145 3.3797743320465088 3
    endloop
  endfacet
  facet normal -0.061168569669146682 0.99799495011843709 -0.01626301394973283
    outer loop
      vertex 0.83826649188995361 3.3583419322967529 2.8123874664306641
      vertex 0.54892182350158691 3.3237683773040771 1.7790344953536987
      vertex 0.56478935480117798 3.344637393951416 3
    endloop
  endfacet
  facet normal -0.062765267965802604 0.99789616937789793 -0.016240575054438343
    outer loop
      vertex 1.0658141036401503e-14 3.3091135025024414 3
      vertex 0.56478935480117798 3.344637393951416 3
      vertex 0.54892182350158691 3.3237683773040771 1.7790344953536987
    endloop
  endfacet
  facet normal -0.059821193686998196 0.99803208373193275 -0.018798527271008694
    outer loop
      vertex 1.6589094400405884 3.4067175388336182 2.7692227363586426
      vertex 0.83826649188995361 3.3583419322967529 2.8123874664306641
      vertex 1.1368794441223145 3.3797743320465088 3
    endloop
  endfacet
  facet normal -0.05777353798620332 0.99816075153925043 -0.018366610878318972
    outer loop
      vertex 2.0689516067504883 3.4300801753997803 2.7490818500518799
      vertex 1.6589094400405884 3.4067175388336182 2.7692227363586426
      vertex 1.7138646841049194 3.41414475440979 3
    endloop
  endfacet
  facet normal -0.059453976668569941 0.9980694049510106 -0.017963506312211559
    outer loop
      vertex 1.1368794441223145 3.3797743320465088 3
      vertex 1.7138646841049194 3.41414475440979 3
      vertex 1.6589094400405884 3.4067175388336182 2.7692227363586426
    endloop
  endfacet
  facet normal -0.05622337064870904 0.99824674566470784 -0.018503171693470211
    outer loop
      vertex 2.0689516067504883 3.4300801753997803 2.7490818500518799
      vertex 2.2933392524719238 3.4473690986633301 3
      vertex 2.4766495227813721 3.4526908397674561 2.7301051616668701
    endloop
  endfacet
  facet normal -0.056515212686529391 0.99823728417037694 -0.01812057469139966
    outer loop
      vertex 2.4766495227813721 3.4526908397674561 2.7301051616668701
      vertex 2.443528413772583 3.4301633834838867 1.5923984050750732
      vertex 2.0111453533172607 3.4064030647277832 1.6320099830627441
    endloop
  endfacet
  facet normal -0.056211871348697158 0.99825205769465963 -0.018249789803044751
    outer loop
      vertex 2.4766495227813721 3.4526908397674561 2.7301051616668701
      vertex 2.0111453533172607 3.4064030647277832 1.6320099830627441
      vertex 2.0689516067504883 3.4300801753997803 2.7490818500518799
    endloop
  endfacet
  facet normal -0.055468873558334589 0.99830187124316427 -0.017792637200978213
    outer loop
      vertex 2.8819220066070557 3.4744830131530762 2.7123656272888184
      vertex 2.8514845371246338 3.4521989822387695 1.5569518804550171
      vertex 2.443528413772583 3.4301633834838867 1.5923984050750732
    endloop
  endfacet
  facet normal -0.054478764792235068 0.99834937580391558 -0.018182079601752447
    outer loop
      vertex 2.8819220066070557 3.4744830131530762 2.7123656272888184
      vertex 2.443528413772583 3.4301633834838867 1.5923984050750732
      vertex 2.4766495227813721 3.4526908397674561 2.7301051616668701
    endloop
  endfacet
  facet normal -0.054454892969246112 0.99836070730586712 -0.017622790341956403
    outer loop
      vertex 2.4766495227813721 3.4526908397674561 2.7301051616668701
      vertex 2.8728978633880615 3.4790680408477783 3
      vertex 2.8819220066070557 3.4744830131530762 2.7123656272888184
    endloop
  endfacet
  facet normal -0.057429980814296767 0.99818389678036379 -0.018185310336577394
    outer loop
      vertex 2.0689516067504883 3.4300801753997803 2.7490818500518799
      vertex 2.0111453533172607 3.4064030647277832 1.6320099830627441
      vertex 1.5525157451629639 3.3808193206787109 1.6761009693145752
    endloop
  endfacet
  facet normal -0.057757265428604584 0.99816788355428199 -0.018027049979821227
    outer loop
      vertex 2.0689516067504883 3.4300801753997803 2.7490818500518799
      vertex 1.5525157451629639 3.3808193206787109 1.6761009693145752
      vertex 1.6589094400405884 3.4067175388336182 2.7692227363586426
    endloop
  endfacet
  facet normal -0.057232420497395298 0.99820577078186723 -0.01759798914045679
    outer loop
      vertex 2.0689516067504883 3.4300801753997803 2.7490818500518799
      vertex 1.7138646841049194 3.41414475440979 3
      vertex 2.2933392524719238 3.4473690986633301 3
    endloop
  endfacet
  facet normal -0.059734767586671782 0.99806753850142016 -0.017115669168423383
    outer loop
      vertex 1.0657567977905273 3.3533098697662354 1.72499680519104
      vertex 0.83826649188995361 3.3583419322967529 2.8123874664306641
      vertex 1.6589094400405884 3.4067175388336182 2.7692227363586426
    endloop
  endfacet
  facet normal -0.058216842504478658 0.99814200267006636 -0.017981706109208545
    outer loop
      vertex 1.0657567977905273 3.3533098697662354 1.72499680519104
      vertex 1.6589094400405884 3.4067175388336182 2.7692227363586426
      vertex 1.5525157451629639 3.3808193206787109 1.6761009693145752
    endloop
  endfacet
  facet normal -0.016664926285336282 0.99986081701651153 -0.00079172405459801724
    outer loop
      vertex 7.2041239738464355 3.6373229026794434 2.6125659942626953
      vertex 6.8845338821411133 3.63230299949646 3
      vertex 7.4468913078308105 3.6416759490966797 3
    endloop
  endfacet
  facet normal -0.011127618697105922 0.99993805517880374 0.00024881190419234143
    outer loop
      vertex 7.4468913078308105 3.6416759490966797 3
      vertex 8.0140838623046875 3.6479878425598145 3
      vertex 7.6041111946105957 3.6435222625732422 2.6112880706787109
    endloop
  endfacet
  facet normal 0.0043440350907276619 0.99998359954261107 0.0037322921822321858
    outer loop
      vertex 9.182063102722168 3.6520256996154785 3
      vertex 10.033137321472168 3.6483285427093506 3
      vertex 9.5417041778564453 3.6519176959991455 2.6103489398956299
    endloop
  endfacet
  facet normal -0.0058946224208497166 0.99998026448521271 0.0021734917988419423
    outer loop
      vertex 8.0140838623046875 3.6479878425598145 3
      vertex 8.5908842086791992 3.6513879299163818 3
      vertex 8.3820772171020508 3.6510038375854492 2.6104178428649902
    endloop
  endfacet
  facet normal 0.017644071196549004 0.99984295546675273 -0.0016586606404172025
    outer loop
      vertex 10.904234886169434 3.6383142471313477 3
      vertex 11.345165252685547 3.6305332183837891 3
      vertex 11.123533248901367 3.6337981224060059 2.6104691028594971
    endloop
  endfacet
  facet normal 0.027121121487425633 0.99961776087442833 -0.0053644117718906082
    outer loop
      vertex 12.233530044555664 3.6086142063140869 3
      vertex 11.912433624267578 3.6152374744415283 2.6108131408691406
      vertex 11.788547515869141 3.6206872463226318 3
    endloop
  endfacet
  facet normal 0.022200912578091293 0.99974799872205777 -0.0033254371052210468
    outer loop
      vertex 11.788547515869141 3.6206872463226318 3
      vertex 11.519571304321289 3.6253650188446045 2.610600471496582
      vertex 11.345165252685547 3.6305332183837891 3
    endloop
  endfacet
  facet normal 0.011495390931147299 0.99993124502546171 0.0023154285068185212
    outer loop
      vertex 10.033137321472168 3.6483285427093506 3
      vertex 10.904234886169434 3.6383142471313477 3
      vertex 10.32713794708252 3.6458508968353271 2.6103630065917969
    endloop
  endfacet
  facet normal -0.0010788055706964451 0.99999589989150439 0.0026526173340729411
    outer loop
      vertex 9.182063102722168 3.6520256996154785 3
      vertex 8.7658805847167969 3.6526103019714355 2.6103546619415283
      vertex 8.5908842086791992 3.6513879299163818 3
    endloop
  endfacet
  facet normal 0.044307984209672288 0.99885600895968163 -0.01798543578598754
    outer loop
      vertex 13.124892234802246 3.5771396160125732 3
      vertex 13.56956958770752 3.5574142932891846 3
      vertex 13.460895538330078 3.5552663803100586 2.612987756729126
    endloop
  endfacet
  facet normal 0.050950448237952903 0.99844603251102426 -0.022573701232771248
    outer loop
      vertex 13.56956958770752 3.5574142932891846 3
      vertex 14.012442588806152 3.5348145961761475 3
      vertex 13.838456153869629 3.5349657535552979 2.6139860153198242
    endloop
  endfacet
  facet normal 0.038144757268795397 0.99916854881388573 -0.014394045784930368
    outer loop
      vertex 13.087411880493164 3.572983980178833 2.6122105121612549
      vertex 12.679262161254883 3.5941522121429443 3
      vertex 13.124892234802246 3.5771396160125732 3
    endloop
  endfacet
  facet normal 0.065842501394593217 0.99720676250787765 -0.035262413681711208
    outer loop
      vertex 14.605643272399902 3.4855268001556396 2.616802453994751
      vertex 14.452659606933594 3.5091781616210938 3
      vertex 14.889369010925293 3.4803435802459717 3
    endloop
  endfacet
  facet normal 0.083187403824866765 0.99484156517995237 -0.058052700498604684
    outer loop
      vertex 15.748862266540527 3.4124314785003662 3
      vertex 15.58600902557373 3.4040098190307617 2.6223163604736328
      vertex 15.321721076965332 3.4481484889984131 3
    endloop
  endfacet
  facet normal 0.074188832548472403 0.99629147756687575 -0.0435810607111193
    outer loop
      vertex 14.889369010925293 3.4803435802459717 3
      vertex 15.321721076965332 3.4481484889984131 3
      vertex 14.995065689086914 3.4557938575744629 2.6187067031860352
    endloop
  endfacet
  facet normal 0.058114126180581975 0.99790894413804243 -0.028292888639453277
    outer loop
      vertex 14.220065116882324 3.5118148326873779 2.615243673324585
      vertex 14.012442588806152 3.5348145961761475 3
      vertex 14.452659606933594 3.5091781616210938 3
    endloop
  endfacet
  facet normal 0.032427407883404334 0.99944288345656307 -0.0078984761817755128
    outer loop
      vertex 12.304795265197754 3.6032288074493408 2.6111335754394531
      vertex 12.233530044555664 3.6086142063140869 3
      vertex 12.679262161254883 3.5941522121429443 3
    endloop
  endfacet
  facet normal 0.092938530838339847 0.99323165692344551 -0.069665667087294367
    outer loop
      vertex 15.748862266540527 3.4124314785003662 3
      vertex 16.169942855834961 3.3730301856994629 3
      vertex 15.988089561462402 3.363767147064209 2.6253316402435303
    endloop
  endfacet
  facet normal -0.052526135825454429 0.99846507850816757 -0.017563941895967113
    outer loop
      vertex 3.2847023010253906 3.4953830242156982 2.6959364414215088
      vertex 2.8819220066070557 3.4744830131530762 2.7123656272888184
      vertex 2.8728978633880615 3.4790680408477783 3
    endloop
  endfacet
  facet normal -0.05033143158602707 0.99858988553676564 -0.016881572739835891
    outer loop
      vertex 3.4501345157623291 3.5088615417480469 3
      vertex 3.6936602592468262 3.5157358646392822 2.6805765628814697
      vertex 3.2847023010253906 3.4953830242156982 2.6959364414215088
    endloop
  endfacet
  facet normal -0.050318907882074784 0.99859623745275228 -0.016539711447347717
    outer loop
      vertex 3.6010720729827881 3.4914727210998535 1.4973547458648682
      vertex 3.2847023010253906 3.4953830242156982 2.6959364414215088
      vertex 3.6936602592468262 3.5157358646392822 2.6805765628814697
    endloop
  endfacet
  facet normal -0.04522548914790861 0.99886908939433083 -0.014669607488702652
    outer loop
      vertex 4.0226435661315918 3.5363705158233643 3
      vertex 4.4761457443237305 3.5518405437469482 2.6552515029907227
      vertex 4.0941758155822754 3.5347175598144531 2.6669189929962158
    endloop
  endfacet
  facet normal -0.045226090799403915 0.99886876570081851 -0.014689779383213858
    outer loop
      vertex 4.2731838226318359 3.5249397754669189 1.4509336948394775
      vertex 4.0941758155822754 3.5347175598144531 2.6669189929962158
      vertex 4.4761457443237305 3.5518405437469482 2.6552515029907227
    endloop
  endfacet
  facet normal -0.047847525689791719 0.99874089179946901 -0.015074658635139739
    outer loop
      vertex 4.0941758155822754 3.5347175598144531 2.6669189929962158
      vertex 4.2731838226318359 3.5249397754669189 1.4509336948394775
      vertex 3.6936602592468262 3.5157358646392822 2.6805765628814697
    endloop
  endfacet
  facet normal -0.04785280591145688 0.99873823328194744 -0.015233198851679102
    outer loop
      vertex 4.0226435661315918 3.5363705158233643 3
      vertex 4.0941758155822754 3.5347175598144531 2.6669189929962158
      vertex 3.6936602592468262 3.5157358646392822 2.6805765628814697
    endloop
  endfacet
  facet normal -0.039045650906806374 0.99917798982869244 -0.010898705756078354
    outer loop
      vertex 5.1787543296813965 3.5843250751495361 3
      vertex 5.2634868621826172 3.5836620330810547 2.6356508731842041
      vertex 4.870964527130127 3.5684213638305664 2.6446564197540283
    endloop
  endfacet
  facet normal -0.043472420221257219 0.99899146329188371 -0.011234097651686935
    outer loop
      vertex 5.2634868621826172 3.5836620330810547 2.6356508731842041
      vertex 5.4329795837402344 3.5770230293273926 1.3893944025039673
      vertex 4.8800754547119141 3.5532572269439697 1.4155867099761963
    endloop
  endfacet
  facet normal -0.039084234458281748 0.99915625831020438 -0.012617214286940506
    outer loop
      vertex 5.2634868621826172 3.5836620330810547 2.6356508731842041
      vertex 4.8800754547119141 3.5532572269439697 1.4155867099761963
      vertex 4.870964527130127 3.5684213638305664 2.6446564197540283
    endloop
  endfacet
  facet normal -0.031785289730060229 0.99946044296038394 -0.0082775790065171048
    outer loop
      vertex 5.7552371025085449 3.6037766933441162 3
      vertex 6.042759895324707 3.6097927093505859 2.622326135635376
      vertex 5.653965950012207 3.5974769592285156 2.6282243728637695
    endloop
  endfacet
  facet normal -0.031778743135148092 0.99946419338093717 -0.0078382162602777146
    outer loop
      vertex 5.942108154296875 3.596776008605957 1.3706203699111938
      vertex 5.653965950012207 3.5974769592285156 2.6282243728637695
      vertex 6.042759895324707 3.6097927093505859 2.622326135635376
    endloop
  endfacet
  facet normal -0.027821189462114974 0.99959669959223829 -0.0056938195631499348
    outer loop
      vertex 6.416651725769043 3.6129956245422363 1.3577107191085815
      vertex 6.042759895324707 3.6097927093505859 2.622326135635376
      vertex 6.4303364753723145 3.6205544471740723 2.6178574562072754
    endloop
  endfacet
  facet normal -0.027821104696216532 0.9995967444157865 -0.0056863597180584905
    outer loop
      vertex 6.322239875793457 3.6197197437286377 3
      vertex 6.4303364753723145 3.6205544471740723 2.6178574562072754
      vertex 6.042759895324707 3.6097927093505859 2.622326135635376
    endloop
  endfacet
  facet normal -0.039117199137244589 0.99918928377196137 -0.009519449928001902
    outer loop
      vertex 5.653965950012207 3.5974769592285156 2.6282243728637695
      vertex 5.942108154296875 3.596776008605957 1.3706203699111938
      vertex 5.4329795837402344 3.5770230293273926 1.3893944025039673
    endloop
  endfacet
  facet normal -0.03554843580971264 0.99931632659802716 -0.010158154660552844
    outer loop
      vertex 5.653965950012207 3.5974769592285156 2.6282243728637695
      vertex 5.4329795837402344 3.5770230293273926 1.3893944025039673
      vertex 5.2634868621826172 3.5836620330810547 2.6356508731842041
    endloop
  endfacet
  facet normal -0.035547078673750301 0.99931711243228893 -0.010085335777957736
    outer loop
      vertex 5.1787543296813965 3.5843250751495361 3
      vertex 5.653965950012207 3.5974769592285156 2.6282243728637695
      vertex 5.2634868621826172 3.5836620330810547 2.6356508731842041
    endloop
  endfacet
  facet normal -0.042294272713826964 0.99902524504094703 -0.012639393438143401
    outer loop
      vertex 4.870964527130127 3.5684213638305664 2.6446564197540283
      vertex 4.8800754547119141 3.5532572269439697 1.4155867099761963
      vertex 4.4761457443237305 3.5518405437469482 2.6552515029907227
    endloop
  endfacet
  facet normal -0.042315127995007418 0.9990139904746711 -0.013434164605219128
    outer loop
      vertex 4.588019847869873 3.5612151622772217 3
      vertex 4.870964527130127 3.5684213638305664 2.6446564197540283
      vertex 4.4761457443237305 3.5518405437469482 2.6552515029907227
    endloop
  endfacet
  facet normal -0.019634707775030055 0.9998019634980615 -0.0032422270139183572
    outer loop
      vertex 6.8845338821411133 3.63230299949646 3
      vertex 7.2041239738464355 3.6373229026794434 2.6125659942626953
      vertex 6.817253589630127 3.6297321319580078 2.6146693229675293
    endloop
  endfacet
  facet normal -0.024170064827694394 0.99970501298500747 -0.0023864154858612434
    outer loop
      vertex 7.2041239738464355 3.6373229026794434 2.6125659942626953
      vertex 7.2936391830444336 3.6364593505859375 1.3441842794418335
      vertex 6.8647794723510742 3.6261029243469238 1.3492947816848755
    endloop
  endfacet
  facet normal -0.019636655214747178 0.99980068284344614 -0.0036050461516999744
    outer loop
      vertex 7.2041239738464355 3.6373229026794434 2.6125659942626953
      vertex 6.8647794723510742 3.6261029243469238 1.3492947816848755
      vertex 6.817253589630127 3.6297321319580078 2.6146693229675293
    endloop
  endfacet
  facet normal -0.01148288190760397 0.99993387511526255 0.00062355438457848951
    outer loop
      vertex 8.0140838623046875 3.6479878425598145 3
      vertex 7.9956822395324707 3.6480193138122559 2.6106629371643066
      vertex 7.6041111946105957 3.6435222625732422 2.6112880706787109
    endloop
  endfacet
  facet normal -0.013988285286547242 0.99990212032098891 0.00027866168160246781
    outer loop
      vertex 7.9956822395324707 3.6480193138122559 2.6106629371643066
      vertex 8.1170377731323242 3.6500711441040039 1.3400410413742065
      vertex 7.7093567848205566 3.6443674564361572 1.3413739204406738
    endloop
  endfacet
  facet normal -0.011484335989394859 0.99993401186112396 -0.00028626945306513762
    outer loop
      vertex 7.9956822395324707 3.6480193138122559 2.6106629371643066
      vertex 7.7093567848205566 3.6443674564361572 1.3413739204406738
      vertex 7.6041111946105957 3.6435222625732422 2.6112880706787109
    endloop
  endfacet
  facet normal -0.019025493065442045 0.99981858359120779 -0.00091132830956434463
    outer loop
      vertex 7.6041111946105957 3.6435222625732422 2.6112880706787109
      vertex 7.7093567848205566 3.6443674564361572 1.3413739204406738
      vertex 7.2936391830444336 3.6364593505859375 1.3441842794418335
    endloop
  endfacet
  facet normal -0.015502678370802393 0.99987825104475492 -0.0017748383062667159
    outer loop
      vertex 7.6041111946105957 3.6435222625732422 2.6112880706787109
      vertex 7.2936391830444336 3.6364593505859375 1.3441842794418335
      vertex 7.2041239738464355 3.6373229026794434 2.6125659942626953
    endloop
  endfacet
  facet normal -0.015501873098129195 0.99987868234584143 -0.0015206974693364869
    outer loop
      vertex 7.4468913078308105 3.6416759490966797 3
      vertex 7.6041111946105957 3.6435222625732422 2.6112880706787109
      vertex 7.2041239738464355 3.6373229026794434 2.6125659942626953
    endloop
  endfacet
  facet normal -0.0041853973640206934 0.99999045068063963 0.001257376807567819
    outer loop
      vertex 8.5908842086791992 3.6513879299163818 3
      vertex 8.7658805847167969 3.6526103019714355 2.6103546619415283
      vertex 8.3820772171020508 3.6510038375854492 2.6104178428649902
    endloop
  endfacet
  facet normal -0.0041853203901838689 0.99998978288309126 0.0017079878979584912
    outer loop
      vertex 8.5207643508911133 3.6537549495697021 1.3395459651947021
      vertex 8.3820772171020508 3.6510038375854492 2.6104178428649902
      vertex 8.7658805847167969 3.6526103019714355 2.6103546619415283
    endloop
  endfacet
  facet normal 0.0025494007635574454 0.99999459563846738 0.0020758732151142352
    outer loop
      vertex 9.182063102722168 3.6520256996154785 3
      vertex 9.5417041778564453 3.6519176959991455 2.6103489398956299
      vertex 9.1490182876586914 3.652918815612793 2.6103487014770508
    endloop
  endfacet
  facet normal 0.0025493987631428241 0.99999388655498733 0.0023932025818647513
    outer loop
      vertex 9.3275823593139648 3.6555051803588867 1.3394241333007812
      vertex 9.1490182876586914 3.652918815612793 2.6103487014770508
      vertex 9.5417041778564453 3.6519176959991455 2.6103489398956299
    endloop
  endfacet
  facet normal 0.0059657167719499851 0.99998142983896976 0.0012450705225435844
    outer loop
      vertex 10.142687797546387 3.6499147415161133 1.3394323587417603
      vertex 9.5417041778564453 3.6519176959991455 2.6103489398956299
      vertex 9.9336709976196289 3.6495792865753174 2.6103513240814209
    endloop
  endfacet
  facet normal 0.0059657102190470677 0.99998078200219842 0.0016869878050173306
    outer loop
      vertex 10.033137321472168 3.6483285427093506 3
      vertex 9.9336709976196289 3.6495792865753174 2.6103513240814209
      vertex 9.5417041778564453 3.6519176959991455 2.6103489398956299
    endloop
  endfacet
  facet normal -0.00080519748861519031 0.999997828991672 0.0019218920226915048
    outer loop
      vertex 9.1490182876586914 3.652918815612793 2.6103487014770508
      vertex 9.3275823593139648 3.6555051803588867 1.3394241333007812
      vertex 8.7658805847167969 3.6526103019714355 2.6103546619415283
    endloop
  endfacet
  facet normal -0.00080518991127564163 0.99999689016052118 0.0023603682961215065
    outer loop
      vertex 9.182063102722168 3.6520256996154785 3
      vertex 9.1490182876586914 3.652918815612793 2.6103487014770508
      vertex 8.7658805847167969 3.6526103019714355 2.6103546619415283
    endloop
  endfacet
  facet normal -0.0091226861369070322 0.99995770398843509 0.0011691158302499221
    outer loop
      vertex 8.3820772171020508 3.6510038375854492 2.6104178428649902
      vertex 8.5207643508911133 3.6537549495697021 1.3395459651947021
      vertex 8.1170377731323242 3.6500711441040039 1.3400410413742065
    endloop
  endfacet
  facet normal -0.0077232334901259107 0.99996979069008984 0.00087713834442256682
    outer loop
      vertex 8.3820772171020508 3.6510038375854492 2.6104178428649902
      vertex 8.1170377731323242 3.6500711441040039 1.3400410413742065
      vertex 7.9956822395324707 3.6480193138122559 2.6106629371643066
    endloop
  endfacet
  facet normal -0.0077235092324516464 0.99997007385280834 0.00044587436073262413
    outer loop
      vertex 8.0140838623046875 3.6479878425598145 3
      vertex 8.3820772171020508 3.6510038375854492 2.6104178428649902
      vertex 7.9956822395324707 3.6480193138122559 2.6106629371643066
    endloop
  endfacet
  facet normal -0.029310742537213247 0.99956247311154656 -0.0039677095465889762
    outer loop
      vertex 6.817253589630127 3.6297321319580078 2.6146693229675293
      vertex 6.8647794723510742 3.6261029243469238 1.3492947816848755
      vertex 6.416651725769043 3.6129956245422363 1.3577107191085815
    endloop
  endfacet
  facet normal -0.023760225511596459 0.99970121574423787 -0.0057385471271760528
    outer loop
      vertex 6.817253589630127 3.6297321319580078 2.6146693229675293
      vertex 6.416651725769043 3.6129956245422363 1.3577107191085815
      vertex 6.4303364753723145 3.6205544471740723 2.6178574562072754
    endloop
  endfacet
  facet normal -0.023750457864637354 0.99970763359176518 -0.0045346542947645842
    outer loop
      vertex 6.322239875793457 3.6197197437286377 3
      vertex 6.817253589630127 3.6297321319580078 2.6146693229675293
      vertex 6.4303364753723145 3.6205544471740723 2.6178574562072754
    endloop
  endfacet
  facet normal 0.013158603657454552 0.99991341082594543 -0.00014832467821622244
    outer loop
      vertex 10.904234886169434 3.6383142471313477 3
      vertex 10.723562240600586 3.6406340599060059 2.6103963851928711
      vertex 10.32713794708252 3.6458508968353271 2.6103630065917969
    endloop
  endfacet
  facet normal 0.018900943780236049 0.99982131679480413 0.00029800489979957392
    outer loop
      vertex 10.723562240600586 3.6406340599060059 2.6103963851928711
      vertex 10.970272064208984 3.6363489627838135 1.3395546674728394
      vertex 10.55473804473877 3.6442043781280518 1.3394654989242554
    endloop
  endfacet
  facet normal 0.013158494583270291 0.99991286028856263 0.0010610607180480452
    outer loop
      vertex 10.723562240600586 3.6406340599060059 2.6103963851928711
      vertex 10.55473804473877 3.6442043781280518 1.3394654989242554
      vertex 10.32713794708252 3.6458508968353271 2.6103630065917969
    endloop
  endfacet
  facet normal 0.021289933444242425 0.99976637183867068 -0.003733694481394388
    outer loop
      vertex 11.345165252685547 3.6305332183837891 3
      vertex 11.519571304321289 3.6253650188446045 2.610600471496582
      vertex 11.123533248901367 3.6337981224060059 2.6104691028594971
    endloop
  endfacet
  facet normal 0.030397366569306791 0.99953473870882836 -0.0025112188127819996
    outer loop
      vertex 11.519571304321289 3.6253650188446045 2.610600471496582
      vertex 11.812861442565918 3.6132535934448242 1.3400849103927612
      vertex 11.389573097229004 3.6261255741119385 1.3397427797317505
    endloop
  endfacet
  facet normal 0.021289341009940219 0.999772108758329 -0.0015794012429758033
    outer loop
      vertex 11.519571304321289 3.6253650188446045 2.610600471496582
      vertex 11.389573097229004 3.6261255741119385 1.3397427797317505
      vertex 11.123533248901367 3.6337981224060059 2.6104691028594971
    endloop
  endfacet
  facet normal 0.024375141870474477 0.99970244677570264 -0.00093293593972324559
    outer loop
      vertex 11.123533248901367 3.6337981224060059 2.6104691028594971
      vertex 11.389573097229004 3.6261255741119385 1.3397427797317505
      vertex 10.970272064208984 3.6363489627838135 1.3395546674728394
    endloop
  endfacet
  facet normal 0.017088596627963509 0.99985397781674679 -5.3938064984343953e-05
    outer loop
      vertex 11.123533248901367 3.6337981224060059 2.6104691028594971
      vertex 10.970272064208984 3.6363489627838135 1.3395546674728394
      vertex 10.723562240600586 3.6406340599060059 2.6103963851928711
    endloop
  endfacet
  facet normal 0.017088911939595081 0.99985203056575667 -0.0019713097814185662
    outer loop
      vertex 10.904234886169434 3.6383142471313477 3
      vertex 11.123533248901367 3.6337981224060059 2.6104691028594971
      vertex 10.723562240600586 3.6406340599060059 2.6103963851928711
    endloop
  endfacet
  facet normal 0.030597475492791074 0.99949786687253306 -0.0082345983948228733
    outer loop
      vertex 12.233530044555664 3.6086142063140869 3
      vertex 12.304795265197754 3.6032288074493408 2.6111335754394531
      vertex 11.912433624267578 3.6152374744415283 2.6108131408691406
    endloop
  endfacet
  facet normal 0.030596228575471302 0.99951295188129508 -0.0061424602967568836
    outer loop
      vertex 12.240290641784668 3.597395658493042 1.3406481742858887
      vertex 11.912433624267578 3.6152374744415283 2.6108131408691406
      vertex 12.304795265197754 3.6032288074493408 2.6111335754394531
    endloop
  endfacet
  facet normal 0.041450812674160599 0.9990809827374838 -0.01090963156825271
    outer loop
      vertex 12.679262161254883 3.5941522121429443 3
      vertex 13.087411880493164 3.572983980178833 2.6122105121612549
      vertex 12.696499824523926 3.589195728302002 2.6115896701812744
    endloop
  endfacet
  facet normal 0.052889645531355702 0.9985127456351488 -0.013228083751012421
    outer loop
      vertex 13.087411880493164 3.572983980178833 2.6122105121612549
      vertex 13.107874870300293 3.5550827980041504 1.3427690267562866
      vertex 12.671953201293945 3.5781562328338623 1.3415123224258423
    endloop
  endfacet
  facet normal 0.041449156214641909 0.99909559015876459 -0.0094852081897906469
    outer loop
      vertex 13.087411880493164 3.572983980178833 2.6122105121612549
      vertex 12.671953201293945 3.5781562328338623 1.3415123224258423
      vertex 12.696499824523926 3.589195728302002 2.6115896701812744
    endloop
  endfacet
  facet normal 0.062230023861622991 0.99790946288200533 -0.017439266633941679
    outer loop
      vertex 13.460895538330078 3.5552663803100586 2.612987756729126
      vertex 13.548019409179688 3.5276658535003662 1.3445223569869995
      vertex 13.107874870300293 3.5550827980041504 1.3427690267562866
    endloop
  endfacet
  facet normal 0.047408920512127889 0.99878674600412443 -0.013320295130639545
    outer loop
      vertex 13.460895538330078 3.5552663803100586 2.612987756729126
      vertex 13.107874870300293 3.5550827980041504 1.3427690267562866
      vertex 13.087411880493164 3.572983980178833 2.6122105121612549
    endloop
  endfacet
  facet normal 0.047411668736724234 0.99875847578708388 -0.015285310303033966
    outer loop
      vertex 13.124892234802246 3.5771396160125732 3
      vertex 13.460895538330078 3.5552663803100586 2.612987756729126
      vertex 13.087411880493164 3.572983980178833 2.6122105121612549
    endloop
  endfacet
  facet normal 0.044543357719692957 0.9989618632690862 -0.0095438470760609781
    outer loop
      vertex 12.696499824523926 3.589195728302002 2.6115896701812744
      vertex 12.671953201293945 3.5781562328338623 1.3415123224258423
      vertex 12.240290641784668 3.597395658493042 1.3406481742858887
    endloop
  endfacet
  facet normal 0.035809418756750103 0.99933810311612736 -0.0064063397165658297
    outer loop
      vertex 12.696499824523926 3.589195728302002 2.6115896701812744
      vertex 12.240290641784668 3.597395658493042 1.3406481742858887
      vertex 12.304795265197754 3.6032288074493408 2.6111335754394531
    endloop
  endfacet
  facet normal 0.035813453801180076 0.99929614914881026 -0.011162563468560026
    outer loop
      vertex 12.679262161254883 3.5941522121429443 3
      vertex 12.696499824523926 3.589195728302002 2.6115896701812744
      vertex 12.304795265197754 3.6032288074493408 2.6111335754394531
    endloop
  endfacet
  facet normal 0.025772074425435023 0.99966143405825048 -0.0035801447473774554
    outer loop
      vertex 11.912433624267578 3.6152374744415283 2.6108131408691406
      vertex 11.812861442565918 3.6132535934448242 1.3400849103927612
      vertex 11.519571304321289 3.6253650188446045 2.610600471496582
    endloop
  endfacet
  facet normal 0.025773004658112629 0.99965102994541633 -0.0057940106973810293
    outer loop
      vertex 11.788547515869141 3.6206872463226318 3
      vertex 11.912433624267578 3.6152374744415283 2.6108131408691406
      vertex 11.519571304321289 3.6253650188446045 2.610600471496582
    endloop
  endfacet
  facet normal 0.060621743824978279 0.99779738154420494 -0.026933056995952297
    outer loop
      vertex 14.012442588806152 3.5348145961761475 3
      vertex 14.220065116882324 3.5118148326873779 2.615243673324585
      vertex 13.838456153869629 3.5349657535552979 2.6139860153198242
    endloop
  endfacet
  facet normal 0.084337269070437523 0.9960413826708836 -0.028085388600036572
    outer loop
      vertex 14.220065116882324 3.5118148326873779 2.615243673324585
      vertex 14.44050407409668 3.4574735164642334 1.3499957323074341
      vertex 13.992284774780273 3.4953377246856689 1.3468883037567139
    endloop
  endfacet
  facet normal 0.060616361033105942 0.99787617962916852 -0.023849253736743205
    outer loop
      vertex 14.220065116882324 3.5118148326873779 2.615243673324585
      vertex 13.992284774780273 3.4953377246856689 1.3468883037567139
      vertex 13.838456153869629 3.5349657535552979 2.6139860153198242
    endloop
  endfacet
  facet normal 0.07626843718643167 0.9961598567439105 -0.042996107976080236
    outer loop
      vertex 14.889369010925293 3.4803435802459717 3
      vertex 14.995065689086914 3.4557938575744629 2.6187067031860352
      vertex 14.605643272399902 3.4855268001556396 2.616802453994751
    endloop
  endfacet
  facet normal 0.076262596000526886 0.99630146406648445 -0.03959051843863548
    outer loop
      vertex 14.892449378967285 3.4133918285369873 1.3539849519729614
      vertex 14.605643272399902 3.4855268001556396 2.616802453994751
      vertex 14.995065689086914 3.4557938575744629 2.6187067031860352
    endloop
  endfacet
  facet normal 0.097321984778046267 0.99464739045264317 -0.03471310911757549
    outer loop
      vertex 14.605643272399902 3.4855268001556396 2.616802453994751
      vertex 14.892449378967285 3.4133918285369873 1.3539849519729614
      vertex 14.44050407409668 3.4574735164642334 1.3499957323074341
    endloop
  endfacet
  facet normal 0.068112294370591436 0.99719711191332283 -0.030961836949732615
    outer loop
      vertex 14.605643272399902 3.4855268001556396 2.616802453994751
      vertex 14.44050407409668 3.4574735164642334 1.3499957323074341
      vertex 14.220065116882324 3.5118148326873779 2.615243673324585
    endloop
  endfacet
  facet normal 0.06811839204062943 0.99708586037023117 -0.034346349377411829
    outer loop
      vertex 14.452659606933594 3.5091781616210938 3
      vertex 14.605643272399902 3.4855268001556396 2.616802453994751
      vertex 14.220065116882324 3.5118148326873779 2.615243673324585
    endloop
  endfacet
  facet normal 0.092201535097563 0.99439765741715946 -0.051693092855028135
    outer loop
      vertex 15.321721076965332 3.4481484889984131 3
      vertex 15.58600902557373 3.4040098190307617 2.6223163604736328
      vertex 15.388155937194824 3.4222867488861084 2.6210043430328369
    endloop
  endfacet
  facet normal 0.1024486560014207 0.99270781195962721 -0.063525372551700141
    outer loop
      vertex 15.748862266540527 3.4124314785003662 3
      vertex 15.988089561462402 3.363767147064209 2.6253316402435303
      vertex 15.784690856933594 3.3846566677093506 2.6237459182739258
    endloop
  endfacet
  facet normal 0.10797043365086356 0.99117460835997151 -0.076910865290291661
    outer loop
      vertex 16.169942855834961 3.3730301856994629 3
      vertex 16.192272186279297 3.3416588306427002 2.6270542144775391
      vertex 15.988089561462402 3.363767147064209 2.6253316402435303
    endloop
  endfacet
  facet normal 0.097206358266299878 0.99320044338949853 -0.064060933208212115
    outer loop
      vertex 15.748862266540527 3.4124314785003662 3
      vertex 15.784690856933594 3.3846566677093506 2.6237459182739258
      vertex 15.58600902557373 3.4040098190307617 2.6223163604736328
    endloop
  endfacet
  facet normal 0.085121683692632899 0.99490596768470385 -0.054003837184909392
    outer loop
      vertex 15.388155937194824 3.4222867488861084 2.6210043430328369
      vertex 15.436324119567871 3.3839616775512695 1.9908697605133057
      vertex 14.995065689086914 3.4557938575744629 2.6187067031860352
    endloop
  endfacet
  facet normal 0.08512039148259827 0.99496150561679708 -0.052972835440492604
    outer loop
      vertex 15.321721076965332 3.4481484889984131 3
      vertex 15.388155937194824 3.4222867488861084 2.6210043430328369
      vertex 14.995065689086914 3.4557938575744629 2.6187067031860352
    endloop
  endfacet
  facet normal 0.072676024683998086 0.99710489838991478 -0.022361060864109484
    outer loop
      vertex 13.838456153869629 3.5349657535552979 2.6139860153198242
      vertex 13.992284774780273 3.4953377246856689 1.3468883037567139
      vertex 13.548019409179688 3.5276658535003662 1.3445223569869995
    endloop
  endfacet
  facet normal 0.053729120120792236 0.99839269263756081 -0.018033661274582117
    outer loop
      vertex 13.838456153869629 3.5349657535552979 2.6139860153198242
      vertex 13.548019409179688 3.5276658535003662 1.3445223569869995
      vertex 13.460895538330078 3.5552663803100586 2.612987756729126
    endloop
  endfacet
  facet normal 0.053733268445086378 0.99834221126176115 -0.020629228661903531
    outer loop
      vertex 13.56956958770752 3.5574142932891846 3
      vertex 13.838456153869629 3.5349657535552979 2.6139860153198242
      vertex 13.460895538330078 3.5552663803100586 2.612987756729126
    endloop
  endfacet
  facet normal 0.013856979417500239 0.99990328389349215 0.0011861620603959198
    outer loop
      vertex 10.32713794708252 3.6458508968353271 2.6103630065917969
      vertex 10.55473804473877 3.6442043781280518 1.3394654989242554
      vertex 10.142687797546387 3.6499147415161133 1.3394323587417603
    endloop
  endfacet
  facet normal 0.0094752428243968928 0.99995344851687873 0.0018222438422235304
    outer loop
      vertex 10.32713794708252 3.6458508968353271 2.6103630065917969
      vertex 10.142687797546387 3.6499147415161133 1.3394323587417603
      vertex 9.9336709976196289 3.6495792865753174 2.6103513240814209
    endloop
  endfacet
  facet normal 0.0094752862076912473 0.99995479560664702 0.00079100856583889988
    outer loop
      vertex 10.033137321472168 3.6483285427093506 3
      vertex 10.32713794708252 3.6458508968353271 2.6103630065917969
      vertex 9.9336709976196289 3.6495792865753174 2.6103513240814209
    endloop
  endfacet
  facet normal -0.053696080324356056 0.99840518251472821 -0.017430504454335888
    outer loop
      vertex 3.2847023010253906 3.4953830242156982 2.6959364414215088
      vertex 3.6010720729827881 3.4914727210998535 1.4973547458648682
      vertex 2.8514845371246338 3.4521989822387695 1.5569518804550171
    endloop
  endfacet
  facet normal -0.052538418624237145 0.99845895022026143 -0.017872864726106628
    outer loop
      vertex 3.2847023010253906 3.4953830242156982 2.6959364414215088
      vertex 2.8514845371246338 3.4521989822387695 1.5569518804550171
      vertex 2.8819220066070557 3.4744830131530762 2.7123656272888184
    endloop
  endfacet
  facet normal 0.11343801589185327 0.99059289101146997 -0.076534572763278463
    outer loop
      vertex 16.378253936767578 3.3204915523529053 2.6287429332733154
      vertex 16.192272186279297 3.3416588306427002 2.6270542144775391
      vertex 16.169942855834961 3.3730301856994629 3
    endloop
  endfacet
  facet normal 0.29894517162382211 0.90917528372235967 -0.28988288640616572
    outer loop
      vertex 20.799999237060547 2.5752794742584229 3.4403042793273926
      vertex 20.799999237060547 2.7158787250518799 3.8812732696533203
      vertex 21.052515029907227 2.6328492164611816 3.8812732696533203
    endloop
  endfacet
  facet normal 0.36312294154022379 0.87586287995977341 -0.31781432446594809
    outer loop
      vertex 21.569238662719727 2.4419171810150146 3.8812732696533203
      vertex 21.529256820678711 2.2609579563140869 3.3368868827819824
      vertex 21.358781814575195 2.3294951915740967 3.3309898376464844
    endloop
  endfacet
  facet normal 0.34015431308807725 0.8873234745839339 -0.31137131328989376
    outer loop
      vertex 21.569238662719727 2.4419171810150146 3.8812732696533203
      vertex 21.358781814575195 2.3294951915740967 3.3309898376464844
      vertex 21.308822631835938 2.5417473316192627 3.8812732696533203
    endloop
  endfacet
  facet normal 0.33754980174003552 0.88960809826633824 -0.30766469222875109
    outer loop
      vertex 21.308822631835938 2.5417473316192627 3.8812732696533203
      vertex 21.185230255126953 2.3963608741760254 3.3252928256988525
      vertex 21.013528823852539 2.4596648216247559 3.319955587387085
    endloop
  endfacet
  facet normal 0.31953299176157224 0.89897958749840101 -0.29955695357828588
    outer loop
      vertex 21.308822631835938 2.5417473316192627 3.8812732696533203
      vertex 21.013528823852539 2.4596648216247559 3.319955587387085
      vertex 21.052515029907227 2.6328492164611816 3.8812732696533203
    endloop
  endfacet
  facet normal 0.40002247136952546 0.85382323946552074 -0.33311844462296231
    outer loop
      vertex 22.10371208190918 2.2133083343505859 3.8812732696533203
      vertex 22.041906356811523 2.0375089645385742 3.3564591407775879
      vertex 21.870779037475586 2.1150133609771729 3.3496155738830566
    endloop
  endfacet
  facet normal 0.38251276972635567 0.86402381103434811 -0.32733291151662863
    outer loop
      vertex 22.10371208190918 2.2133083343505859 3.8812732696533203
      vertex 21.870779037475586 2.1150133609771729 3.3496155738830566
      vertex 21.834085464477539 2.3326749801635742 3.8812732696533203
    endloop
  endfacet
  facet normal 0.41909965943395944 0.84161880181761495 -0.34063656276069565
    outer loop
      vertex 22.378475189208984 2.0830767154693604 3.8812732696533203
      vertex 22.517900466918945 2.0136473178863525 3.8812732696533203
      vertex 22.379167556762695 1.8761502504348755 3.3708670139312744
    endloop
  endfacet
  facet normal 0.43480850178777586 0.83212729427745458 -0.34424661638359227
    outer loop
      vertex 22.658754348754883 1.9412111043930054 3.8812732696533203
      vertex 22.545101165771484 1.7925645112991333 3.378406286239624
      vertex 22.379167556762695 1.8761502504348755 3.3708670139312744
    endloop
  endfacet
  facet normal 0.42976635246954503 0.83569054908380691 -0.34193886654931216
    outer loop
      vertex 22.658754348754883 1.9412111043930054 3.8812732696533203
      vertex 22.379167556762695 1.8761502504348755 3.3708670139312744
      vertex 22.517900466918945 2.0136473178863525 3.8812732696533203
    endloop
  endfacet
  facet normal 0.41184755847715487 0.84640382744916987 -0.33761242491324611
    outer loop
      vertex 22.378475189208984 2.0830767154693604 3.8812732696533203
      vertex 22.209497451782227 1.9587563276290894 3.3634655475616455
      vertex 22.041906356811523 2.0375089645385742 3.3564591407775879
    endloop
  endfacet
  facet normal 0.40386108176129271 0.85206746791189836 -0.33298236704787282
    outer loop
      vertex 22.378475189208984 2.0830767154693604 3.8812732696533203
      vertex 22.041906356811523 2.0375089645385742 3.3564591407775879
      vertex 22.10371208190918 2.2133083343505859 3.8812732696533203
    endloop
  endfacet
  facet normal 0.3754907261318734 0.86811753924193902 -0.32462078283664891
    outer loop
      vertex 21.834085464477539 2.3326749801635742 3.8812732696533203
      vertex 21.701675415039062 2.1887264251708984 3.3431591987609863
      vertex 21.529256820678711 2.2609579563140869 3.3368868827819824
    endloop
  endfacet
  facet normal 0.36152830720077817 0.876489261116708 -0.31790542341964945
    outer loop
      vertex 21.834085464477539 2.3326749801635742 3.8812732696533203
      vertex 21.529256820678711 2.2609579563140869 3.3368868827819824
      vertex 21.569238662719727 2.4419171810150146 3.8812732696533203
    endloop
  endfacet
  facet normal 0.32306403792466881 0.90030350210580046 -0.29169030065437401
    outer loop
      vertex 20.799999237060547 2.4326248168945312 3
      vertex 20.799999237060547 2.5752794742584229 3.4403042793273926
      vertex 21.013528823852539 2.4596648216247559 3.319955587387085
    endloop
  endfacet
  facet normal 0.3507282651464404 0.88398638896214587 -0.30912416301064821
    outer loop
      vertex 21.185230255126953 2.3963608741760254 3.3252928256988525
      vertex 21.308822631835938 2.5417473316192627 3.8812732696533203
      vertex 21.358781814575195 2.3294951915740967 3.3309898376464844
    endloop
  endfacet
  facet normal 0.38818279597015293 0.86196002398256644 -0.32609666353516731
    outer loop
      vertex 21.701675415039062 2.1887264251708984 3.3431591987609863
      vertex 21.834085464477539 2.3326749801635742 3.8812732696533203
      vertex 21.870779037475586 2.1150133609771729 3.3496155738830566
    endloop
  endfacet
  facet normal 0.318142858747815 0.89945571619084586 -0.29960730304747318
    outer loop
      vertex 20.799999237060547 2.5752794742584229 3.4403042793273926
      vertex 21.052515029907227 2.6328492164611816 3.8812732696533203
      vertex 21.013528823852539 2.4596648216247559 3.319955587387085
    endloop
  endfacet
  facet normal 0.44586152466067064 0.8251398925893193 -0.34691736549926261
    outer loop
      vertex 22.801084518432617 1.865667462348938 3.8812732696533203
      vertex 22.713150024414062 1.7050975561141968 3.3863449096679688
      vertex 22.545101165771484 1.7925645112991333 3.378406286239624
    endloop
  endfacet
  facet normal 0.44010823656671522 0.82919857041799006 -0.34457868611232756
    outer loop
      vertex 22.801084518432617 1.865667462348938 3.8812732696533203
      vertex 22.545101165771484 1.7925645112991333 3.378406286239624
      vertex 22.658754348754883 1.9412111043930054 3.8812732696533203
    endloop
  endfacet
  facet normal 0.45660974527202425 0.81830396429454211 -0.349121988053537
    outer loop
      vertex 22.944944381713867 1.7869141101837158 3.8812732696533203
      vertex 22.877283096313477 1.6169455051422119 3.3943924903869629
      vertex 22.713150024414062 1.7050975561141968 3.3863449096679688
    endloop
  endfacet
  facet normal 0.45036515695971463 0.82268840786531705 -0.34692219439044431
    outer loop
      vertex 22.944944381713867 1.7869141101837158 3.8812732696533203
      vertex 22.713150024414062 1.7050975561141968 3.3863449096679688
      vertex 22.801084518432617 1.865667462348938 3.8812732696533203
    endloop
  endfacet
  facet normal 0.47063706561519147 0.8096873379787578 -0.35058118487162815
    outer loop
      vertex 23.090383529663086 1.7048470973968506 3.8812732696533203
      vertex 23.237455368041992 1.6193604469299316 3.8812732696533203
      vertex 23.043548583984375 1.5249167680740356 3.4028403759002686
    endloop
  endfacet
  facet normal 0.46705566220884592 0.81159926229948631 -0.35094963432604676
    outer loop
      vertex 23.090383529663086 1.7048470973968506 3.8812732696533203
      vertex 23.043548583984375 1.5249167680740356 3.4028403759002686
      vertex 22.877283096313477 1.6169455051422119 3.3943924903869629
    endloop
  endfacet
  facet normal 0.46054554004366843 0.81617873809687713 -0.34892703108884393
    outer loop
      vertex 23.090383529663086 1.7048470973968506 3.8812732696533203
      vertex 22.877283096313477 1.6169455051422119 3.3943924903869629
      vertex 22.944944381713867 1.7869141101837158 3.8812732696533203
    endloop
  endfacet
  facet normal 0.48720580965251481 0.79921726671631899 -0.35196911742840969
    outer loop
      vertex 23.536712646484375 1.4376959800720215 3.8812732696533203
      vertex 23.370063781738281 1.3362724781036377 3.420290470123291
      vertex 23.205738067626953 1.4325159788131714 3.4113664627075195
    endloop
  endfacet
  facet normal 0.49027620673146827 0.79639312652625494 -0.35410059183054049
    outer loop
      vertex 23.536712646484375 1.4376959800720215 3.8812732696533203
      vertex 23.205738067626953 1.4325159788131714 3.4113664627075195
      vertex 23.386213302612305 1.5303465127944946 3.8812732696533203
    endloop
  endfacet
  facet normal 0.50600902833159589 0.78733362624856251 -0.35222240732980492
    outer loop
      vertex 23.843162536621094 1.2410386800765991 3.8812732696533203
      vertex 23.6923828125 1.139917254447937 3.4386205673217773
      vertex 23.530162811279297 1.2399860620498657 3.4292593002319336
    endloop
  endfacet
  facet normal 0.5097476023039279 0.78375525780319844 -0.35480287176295305
    outer loop
      vertex 23.843162536621094 1.2410386800765991 3.8812732696533203
      vertex 23.530162811279297 1.2399860620498657 3.4292593002319336
      vertex 23.689010620117188 1.3412977457046509 3.8812732696533203
    endloop
  endfacet
  facet normal 0.51489370946874613 0.78191102512264676 -0.35142512252422448
    outer loop
      vertex 23.999229431152344 1.1368042230606079 3.8812732696533203
      vertex 23.845979690551758 1.0428694486618042 3.4477357864379883
      vertex 23.6923828125 1.139917254447937 3.4386205673217773
    endloop
  endfacet
  facet normal 0.51932472225933546 0.77756817636498221 -0.35452724007429914
    outer loop
      vertex 23.999229431152344 1.1368042230606079 3.8812732696533203
      vertex 23.6923828125 1.139917254447937 3.4386205673217773
      vertex 23.843162536621094 1.2410386800765991 3.8812732696533203
    endloop
  endfacet
  facet normal 0.49675413046680761 0.79315187780422713 -0.352342777135837
    outer loop
      vertex 23.689010620117188 1.3412977457046509 3.8812732696533203
      vertex 23.530162811279297 1.2399860620498657 3.4292593002319336
      vertex 23.370063781738281 1.3362724781036377 3.420290470123291
    endloop
  endfacet
  facet normal 0.5000709810471119 0.79005385924191474 -0.35460388239771973
    outer loop
      vertex 23.689010620117188 1.3412977457046509 3.8812732696533203
      vertex 23.370063781738281 1.3362724781036377 3.420290470123291
      vertex 23.536712646484375 1.4376959800720215 3.8812732696533203
    endloop
  endfacet
  facet normal 0.48064490106646746 0.8032421377490313 -0.35182743955406859
    outer loop
      vertex 23.205738067626953 1.4325159788131714 3.4113664627075195
      vertex 23.237455368041992 1.6193604469299316 3.8812732696533203
      vertex 23.386213302612305 1.5303465127944946 3.8812732696533203
    endloop
  endfacet
  facet normal 0.531866822454369 0.77200157456332885 -0.34803915303315192
    outer loop
      vertex 24.31733512878418 0.91594159603118896 3.8812732696533203
      vertex 24.15916633605957 0.83817672729492188 3.4670689105987549
      vertex 24.001552581787109 0.94232159852981567 3.4572150707244873
    endloop
  endfacet
  facet normal 0.5380921714882585 0.76536649433722237 -0.35308772894140811
    outer loop
      vertex 24.31733512878418 0.91594159603118896 3.8812732696533203
      vertex 24.001552581787109 0.94232159852981567 3.4572150707244873
      vertex 24.157266616821289 1.0284780263900757 3.8812732696533203
    endloop
  endfacet
  facet normal 0.54841663087100823 0.76316135300663812 -0.34179518466644554
    outer loop
      vertex 24.643817901611328 0.67775660753250122 3.8812732696533203
      vertex 24.471641540527344 0.62505322694778442 3.4873368740081787
      vertex 24.318881988525391 0.73033642768859863 3.4773080348968506
    endloop
  endfacet
  facet normal 0.55650319354049316 0.75374831000151399 -0.34952493580443444
    outer loop
      vertex 24.643817901611328 0.67775660753250122 3.8812732696533203
      vertex 24.318881988525391 0.73033642768859863 3.4773080348968506
      vertex 24.479499816894531 0.79907500743865967 3.8812732696533203
    endloop
  endfacet
  facet normal 0.54026003775903386 0.76735301936190636 -0.34538157923776619
    outer loop
      vertex 24.479499816894531 0.79907500743865967 3.8812732696533203
      vertex 24.318881988525391 0.73033642768859863 3.4773080348968506
      vertex 24.15916633605957 0.83817672729492188 3.4670689105987549
    endloop
  endfacet
  facet normal 0.54733155058216354 0.75948011542099136 -0.35159369735170459
    outer loop
      vertex 24.479499816894531 0.79907500743865967 3.8812732696533203
      vertex 24.15916633605957 0.83817672729492188 3.4670689105987549
      vertex 24.31733512878418 0.91594159603118896 3.8812732696533203
    endloop
  endfacet
  facet normal 0.57443671574997557 0.74258173645986503 -0.34437599259331853
    outer loop
      vertex 24.810356140136719 0.55186271667480469 3.8812732696533203
      vertex 24.979177474975586 0.42126810550689697 3.8812732696533203
      vertex 24.626388549804688 0.51630276441574097 3.497727632522583
    endloop
  endfacet
  facet normal 0.58035319223723913 0.74999339009610078 -0.31733277024632084
    outer loop
      vertex 25.323932647705078 0.14546649158000946 3.8812732696533203
      vertex 25.125272750854492 0.1517360508441925 3.5327723026275635
      vertex 24.928848266601562 0.29777604341506958 3.5186970233917236
    endloop
  endfacet
  facet normal 0.59191282980617188 0.73193005871252748 -0.33751680115799537
    outer loop
      vertex 25.323932647705078 0.14546649158000946 3.8812732696533203
      vertex 24.928848266601562 0.29777604341506958 3.5186970233917236
      vertex 25.150346755981445 0.28584563732147217 3.8812732696533203
    endloop
  endfacet
  facet normal 0.60132210178203516 0.7278184081242387 -0.32968484148340033
    outer loop
      vertex 25.323932647705078 0.14546649158000946 3.8812732696533203
      vertex 25.5 0 3.8812732696533203
      vertex 25.125272750854492 0.1517360508441925 3.5327723026275635
    endloop
  endfacet
  facet normal 0.5850330926217383 0.73946144366223476 -0.33306614039017557
    outer loop
      vertex 24.928848266601562 0.29777604341506958 3.5186970233917236
      vertex 24.979177474975586 0.42126810550689697 3.8812732696533203
      vertex 25.150346755981445 0.28584563732147217 3.8812732696533203
    endloop
  endfacet
  facet normal 0.5563456093097422 0.75943055876301502 -0.3372607143126316
    outer loop
      vertex 24.810356140136719 0.55186271667480469 3.8812732696533203
      vertex 24.626388549804688 0.51630276441574097 3.497727632522583
      vertex 24.471641540527344 0.62505322694778442 3.4873368740081787
    endloop
  endfacet
  facet normal 0.56550689412854749 0.74807857141048284 -0.34724689154769217
    outer loop
      vertex 24.810356140136719 0.55186271667480469 3.8812732696533203
      vertex 24.471641540527344 0.62505322694778442 3.4873368740081787
      vertex 24.643817901611328 0.67775660753250122 3.8812732696533203
    endloop
  endfacet
  facet normal 0.52341758955219664 0.77685911692529208 -0.35003419746851006
    outer loop
      vertex 24.157266616821289 1.0284780263900757 3.8812732696533203
      vertex 24.001552581787109 0.94232159852981567 3.4572150707244873
      vertex 23.845979690551758 1.0428694486618042 3.4477357864379883
    endloop
  endfacet
  facet normal 0.52875728246761733 0.7714044745547074 -0.3540492520461469
    outer loop
      vertex 24.157266616821289 1.0284780263900757 3.8812732696533203
      vertex 23.845979690551758 1.0428694486618042 3.4477357864379883
      vertex 23.999229431152344 1.1368042230606079 3.8812732696533203
    endloop
  endfacet
  facet normal 0.42362920224572376 0.83967057821701963 -0.33984057892098113
    outer loop
      vertex 22.209497451782227 1.9587563276290894 3.3634655475616455
      vertex 22.378475189208984 2.0830767154693604 3.8812732696533203
      vertex 22.379167556762695 1.8761502504348755 3.3708670139312744
    endloop
  endfacet
  facet normal 0.12661758947119037 0.98543073702383621 -0.11355284481317134
    outer loop
      vertex 17.124044418334961 3.2248387336730957 2.6368324756622314
      vertex 17.054145812988281 3.2756683826446533 3
      vertex 17.347797393798828 3.2379372119903564 3
    endloop
  endfacet
  facet normal 0.13727027141284887 0.98197198668328944 -0.12995341455889559
    outer loop
      vertex 17.497848510742188 3.1695675849914551 2.6418755054473877
      vertex 17.347797393798828 3.2379372119903564 3
      vertex 17.640790939331055 3.1969795227050781 3
    endloop
  endfacet
  facet normal 0.11698783009645512 0.98752346178887396 -0.10540996170116518
    outer loop
      vertex 16.759904861450195 3.3105258941650391 3
      vertex 17.054145812988281 3.2756683826446533 3
      vertex 16.937984466552734 3.2504253387451172 2.6345927715301514
    endloop
  endfacet
  facet normal 0.16203152044490779 0.9743650266642454 -0.15607235884645226
    outer loop
      vertex 18.224519729614258 3.1039738655090332 3
      vertex 18.063232421875 3.0749268531799316 2.6512129306793213
      vertex 17.933055877685547 3.1524426937103271 3
    endloop
  endfacet
  facet normal 0.19107707995455001 0.96436319821524186 -0.18301139703338928
    outer loop
      vertex 18.625221252441406 2.9654810428619385 2.6631643772125244
      vertex 18.515111923217773 3.0512206554412842 3
      vertex 18.80476188659668 2.9938299655914307 3
    endloop
  endfacet
  facet normal 0.17586873542773343 0.96877671611998017 -0.17476230200714729
    outer loop
      vertex 18.443866729736328 3.0026340484619141 2.6589689254760742
      vertex 18.224519729614258 3.1039738655090332 3
      vertex 18.515111923217773 3.0512206554412842 3
    endloop
  endfacet
  facet normal 0.14899124398418087 0.97772826941783053 -0.1478142090506204
    outer loop
      vertex 17.933055877685547 3.1524426937103271 3
      vertex 17.874090194702148 3.1081862449645996 2.6478271484375
      vertex 17.640790939331055 3.1969795227050781 3
    endloop
  endfacet
  facet normal 0.10860548530779587 0.98997556501905393 -0.090295233685189893
    outer loop
      vertex 16.564817428588867 3.2982313632965088 2.6305580139160156
      vertex 16.465147018432617 3.3428623676300049 3
      vertex 16.759904861450195 3.3105258941650391 3
    endloop
  endfacet
  facet normal 0.12451741488906161 0.9873052791034157 -0.09860881930066874
    outer loop
      vertex 16.564817428588867 3.2982313632965088 2.6305580139160156
      vertex 16.759904861450195 3.3105258941650391 3
      vertex 16.751125335693359 3.2749285697937012 2.6325011253356934
    endloop
  endfacet
  facet normal 0.20692053822927453 0.95743543837170841 -0.20124927877853835
    outer loop
      vertex 19.093400955200195 2.9314494132995605 3
      vertex 18.989437103271484 2.8851230144500732 2.6727104187011719
      vertex 18.80476188659668 2.9938299655914307 3
    endloop
  endfacet
  facet normal 0.13047024683179076 0.98652956505694578 -0.098675893511054352
    outer loop
      vertex 16.751125335693359 3.2749285697937012 2.6325011253356934
      vertex 16.759904861450195 3.3105258941650391 3
      vertex 16.937984466552734 3.2504253387451172 2.6345927715301514
    endloop
  endfacet
  facet normal 0.22411207929598281 0.95158241974685376 -0.21039171642998078
    outer loop
      vertex 19.172458648681641 2.8416659832000732 2.678131103515625
      vertex 19.093400955200195 2.9314494132995605 3
      vertex 19.380954742431641 2.8637261390686035 3
    endloop
  endfacet
  facet normal 0.26067554164026724 0.93546252553921083 -0.23865901471001388
    outer loop
      vertex 19.952529907226562 2.7108407020568848 3
      vertex 19.714967727661133 2.6997368335723877 2.6969990730285645
      vertex 19.667354583740234 2.7903075218200684 3
    endloop
  endfacet
  facet normal 0.24173138738721417 0.94297377942494065 -0.2288370329926864
    outer loop
      vertex 19.380954742431641 2.8637261390686035 3
      vertex 19.667354583740234 2.7903075218200684 3
      vertex 19.535371780395508 2.7489750385284424 2.690260648727417
    endloop
  endfacet
  facet normal 0.27983334408252025 0.92513491727776997 -0.2565515238174339
    outer loop
      vertex 20.074113845825195 2.5942177772521973 2.7120707035064697
      vertex 19.952529907226562 2.7108407020568848 3
      vertex 20.236410140991211 2.6249730587005615 3
    endloop
  endfacet
  facet normal 0.29950027031776655 0.91354366843486956 -0.27520456744419447
    outer loop
      vertex 20.518924713134766 2.5323522090911865 3
      vertex 20.430412292480469 2.4798197746276855 2.7292916774749756
      vertex 20.236410140991211 2.6249730587005615 3
    endloop
  endfacet
  facet normal 0.11886154442557639 0.98905519738319581 -0.087417102365923413
    outer loop
      vertex 16.378253936767578 3.3204915523529053 2.6287429332733154
      vertex 16.465147018432617 3.3428623676300049 3
      vertex 16.564817428588867 3.2982313632965088 2.6305580139160156
    endloop
  endfacet
  facet normal 0.1013090038375106 0.99134911157969485 -0.083447137228313331
    outer loop
      vertex 16.378253936767578 3.3204915523529053 2.6287429332733154
      vertex 16.169942855834961 3.3730301856994629 3
      vertex 16.465147018432617 3.3428623676300049 3
    endloop
  endfacet
  facet normal 0.47718497351120709 0.80508424116294497 -0.35232636246269405
    outer loop
      vertex 23.237455368041992 1.6193604469299316 3.8812732696533203
      vertex 23.205738067626953 1.4325159788131714 3.4113664627075195
      vertex 23.043548583984375 1.5249167680740356 3.4028403759002686
    endloop
  endfacet
  facet normal 0.32074021533093505 0.90398336246697442 -0.28273626341940739
    outer loop
      vertex 20.518924713134766 2.5323522090911865 3
      vertex 20.799999237060547 2.4326248168945312 3
      vertex 20.608676910400391 2.4188165664672852 2.7388124465942383
    endloop
  endfacet
  facet normal 0.56694570498925778 0.75255411122156746 -0.33501474188123459
    outer loop
      vertex 24.979177474975586 0.42126810550689697 3.8812732696533203
      vertex 24.928848266601562 0.29777604341506958 3.5186970233917236
      vertex 24.626388549804688 0.51630276441574097 3.497727632522583
    endloop
  endfacet
  facet normal 0.55500120153229138 0.76679805203278972 -0.32248164861962564
    outer loop
      vertex 24.928848266601562 0.29777604341506958 3.5186970233917236
      vertex 24.76324462890625 0.26515471935272217 3.156120777130127
      vertex 24.468069076538086 0.46116238832473755 3.1141819953918457
    endloop
  endfacet
  facet normal 0.56587627160432608 0.75045442891727432 -0.34147063615138973
    outer loop
      vertex 24.928848266601562 0.29777604341506958 3.5186970233917236
      vertex 24.468069076538086 0.46116238832473755 3.1141819953918457
      vertex 24.626388549804688 0.51630276441574097 3.497727632522583
    endloop
  endfacet
  facet normal 0.33684584285798908 0.89241367070328115 -0.30022111599816975
    outer loop
      vertex 21.013528823852539 2.4596648216247559 3.319955587387085
      vertex 20.947128295898438 2.2958924770355225 2.7586379051208496
      vertex 20.799999237060547 2.4326248168945312 3
    endloop
  endfacet
  facet normal 0.13670370435511875 0.98432188463739367 -0.1114563799855261
    outer loop
      vertex 17.124044418334961 3.2248387336730957 2.6368324756622314
      vertex 16.937984466552734 3.2504253387451172 2.6345927715301514
      vertex 17.054145812988281 3.2756683826446533 3
    endloop
  endfacet
  facet normal 0.58961104479073601 0.74620673997520459 -0.30908626154579205
    outer loop
      vertex 25.149999618530273 0 3.2136147022247314
      vertex 25.125272750854492 0.1517360508441925 3.5327723026275635
      vertex 25.5 0 3.8812732696533203
    endloop
  endfacet
  facet normal 0.10988455192864037 0.99197697254490469 -0.062506569159468381
    outer loop
      vertex 15.436324119567871 3.3839616775512695 1.9908697605133057
      vertex 15.631801605224609 3.3624320030212402 1.9928377866744995
      vertex 15.806270599365234 3.3035588264465332 1.3652335405349731
    endloop
  endfacet
  facet normal 0.14077908698886873 0.98774609553650428 -0.067371354587624249
    outer loop
      vertex 16.028573989868164 3.3149905204772949 1.9973609447479248
      vertex 16.036516189575195 3.2709896564483643 1.3688507080078125
      vertex 15.806270599365234 3.3035588264465332 1.3652335405349731
    endloop
  endfacet
  facet normal 0.12234394618186414 0.99061509567015349 -0.060940061232836559
    outer loop
      vertex 16.028573989868164 3.3149905204772949 1.9973609447479248
      vertex 15.806270599365234 3.3035588264465332 1.3652335405349731
      vertex 15.827940940856934 3.339622974395752 1.9949822425842285
    endloop
  endfacet
  facet normal 0.11595351633738483 0.99139418197771545 -0.060764775896339183
    outer loop
      vertex 15.806270599365234 3.3035588264465332 1.3652335405349731
      vertex 15.631801605224609 3.3624320030212402 1.9928377866744995
      vertex 15.827940940856934 3.339622974395752 1.9949822425842285
    endloop
  endfacet
  facet normal 0.14241024398649679 0.9863244808006818 -0.082965902520082235
    outer loop
      vertex 16.412988662719727 3.2639238834381104 2.0024776458740234
      vertex 16.596599578857422 3.2376422882080078 2.0052003860473633
      vertex 16.498760223388672 3.1989448070526123 1.3772122859954834
    endloop
  endfacet
  facet normal 0.14928676503819199 0.98452702910665568 -0.09176050753376426
    outer loop
      vertex 16.596599578857422 3.2376422882080078 2.0052003860473633
      vertex 16.77983283996582 3.2101297378540039 2.0081150531768799
      vertex 16.730648040771484 3.159233570098877 1.3820146322250366
    endloop
  endfacet
  facet normal 0.15974515215352525 0.98388407763490093 -0.080334352178673282
    outer loop
      vertex 16.412988662719727 3.2639238834381104 2.0024776458740234
      vertex 16.498760223388672 3.1989448070526123 1.3772122859954834
      vertex 16.267366409301758 3.2361569404602051 1.3728353977203369
    endloop
  endfacet
  facet normal 0.13578438604038007 0.9878978362639651 -0.074969764656248411
    outer loop
      vertex 16.412988662719727 3.2639238834381104 2.0024776458740234
      vertex 16.267366409301758 3.2361569404602051 1.3728353977203369
      vertex 16.229820251464844 3.2889077663421631 1.999944806098938
    endloop
  endfacet
  facet normal 0.15003931400417922 0.9859106092808344 -0.073949136307660021
    outer loop
      vertex 16.229820251464844 3.2889077663421631 1.999944806098938
      vertex 16.267366409301758 3.2361569404602051 1.3728353977203369
      vertex 16.036516189575195 3.2709896564483643 1.3688507080078125
    endloop
  endfacet
  facet normal 0.12909078479264774 0.98932391964618904 -0.067629514988052877
    outer loop
      vertex 16.229820251464844 3.2889077663421631 1.999944806098938
      vertex 16.036516189575195 3.2709896564483643 1.3688507080078125
      vertex 16.028573989868164 3.3149905204772949 1.9973609447479248
    endloop
  endfacet
  facet normal -0.050862032869519146 0.99856943362112549 -0.016496661782454999
    outer loop
      vertex 4.2731838226318359 3.5249397754669189 1.4509336948394775
      vertex 3.6010720729827881 3.4914727210998535 1.4973547458648682
      vertex 3.6936602592468262 3.5157358646392822 2.6805765628814697
    endloop
  endfacet
  facet normal 0.180555395359664 0.9783668349747866 -0.10098557039465697
    outer loop
      vertex 16.963481903076172 3.1812136173248291 2.0112526416778564
      vertex 16.963003158569336 3.1168975830078125 1.3872910737991333
      vertex 16.730648040771484 3.159233570098877 1.3820146322250366
    endloop
  endfacet
  facet normal 0.15641140628720693 0.98337668770273923 -0.092226688469485965
    outer loop
      vertex 16.963481903076172 3.1812136173248291 2.0112526416778564
      vertex 16.730648040771484 3.159233570098877 1.3820146322250366
      vertex 16.77983283996582 3.2101297378540039 2.0081150531768799
    endloop
  endfacet
  facet normal 0.19162102180811022 0.97538989766404105 -0.10906847177872718
    outer loop
      vertex 17.146224975585938 3.1510498523712158 2.0146119594573975
      vertex 17.195835113525391 3.0718066692352295 1.3931064605712891
      vertex 16.963003158569336 3.1168975830078125 1.3872910737991333
    endloop
  endfacet
  facet normal 0.16383214785725439 0.98127615036022464 -0.10127262247368089
    outer loop
      vertex 17.146224975585938 3.1510498523712158 2.0146119594573975
      vertex 16.963003158569336 3.1168975830078125 1.3872910737991333
      vertex 16.963481903076172 3.1812136173248291 2.0112526416778564
    endloop
  endfacet
  facet normal -0.058820860857827936 0.99812507208726886 -0.01692473925141361
    outer loop
      vertex 1.0657567977905273 3.3533098697662354 1.72499680519104
      vertex 0.54892182350158691 3.3237683773040771 1.7790344953536987
      vertex 0.83826649188995361 3.3583419322967529 2.8123874664306641
    endloop
  endfacet
  facet normal -0.059198570755796161 0.99813895376649941 -0.01463414481234755
    outer loop
      vertex 0.54892182350158691 3.3237683773040771 1.7790344953536987
      vertex 1.0658141036401503e-14 3.2920851707458496 1.8385627269744873
      vertex 1.0658141036401503e-14 3.3091135025024414 3
    endloop
  endfacet
  facet normal 0.15027655312108565 0.98080137485936447 -0.12428041139305183
    outer loop
      vertex 17.347797393798828 3.2379372119903564 3
      vertex 17.497848510742188 3.1695675849914551 2.6418755054473877
      vertex 17.310659408569336 3.1979160308837891 2.6392529010772705
    endloop
  endfacet
  facet normal 0.16555181972647948 0.97669724929073698 -0.13658359423136882
    outer loop
      vertex 17.640790939331055 3.1969795227050781 3
      vertex 17.874090194702148 3.1081862449645996 2.6478271484375
      vertex 17.685646057128906 3.1396939754486084 2.6447246074676514
    endloop
  endfacet
  facet normal 0.15763843972439906 0.97783966153839452 -0.1377668996665567
    outer loop
      vertex 17.640790939331055 3.1969795227050781 3
      vertex 17.685646057128906 3.1396939754486084 2.6447246074676514
      vertex 17.497848510742188 3.1695675849914551 2.6418755054473877
    endloop
  endfacet
  facet normal 0.18255960866051568 0.96922737605115927 -0.16513716359046521
    outer loop
      vertex 18.224519729614258 3.1039738655090332 3
      vertex 18.253135681152344 3.0397882461547852 2.6549150943756104
      vertex 18.063232421875 3.0749268531799316 2.6512129306793213
    endloop
  endfacet
  facet normal 0.20142290283902023 0.96295916545999172 -0.17927202756843788
    outer loop
      vertex 18.515111923217773 3.0512206554412842 3
      vertex 18.625221252441406 2.9654810428619385 2.6631643772125244
      vertex 18.443866729736328 3.0026340484619141 2.6589689254760742
    endloop
  endfacet
  facet normal 0.21106575876691858 0.95819908147032651 -0.19314700553093714
    outer loop
      vertex 18.80476188659668 2.9938299655914307 3
      vertex 18.807466506958008 2.9262604713439941 2.6677443981170654
      vertex 18.625221252441406 2.9654810428619385 2.6631643772125244
    endloop
  endfacet
  facet normal 0.19197255877728936 0.96759152972819817 -0.16405233395092395
    outer loop
      vertex 18.224519729614258 3.1039738655090332 3
      vertex 18.443866729736328 3.0026340484619141 2.6589689254760742
      vertex 18.253135681152344 3.0397882461547852 2.6549150943756104
    endloop
  endfacet
  facet normal 0.17381813983194155 0.97307221961484536 -0.15138596262269921
    outer loop
      vertex 17.933055877685547 3.1524426937103271 3
      vertex 18.063232421875 3.0749268531799316 2.6512129306793213
      vertex 17.874090194702148 3.1081862449645996 2.6478271484375
    endloop
  endfacet
  facet normal 0.20312962139096213 0.97209406761549311 -0.11735195192381387
    outer loop
      vertex 17.329395294189453 3.1193647384643555 2.0182425975799561
      vertex 17.429172515869141 3.0238251686096191 1.3995418548583984
      vertex 17.195835113525391 3.0718066692352295 1.3931064605712891
    endloop
  endfacet
  facet normal 0.1715328634016044 0.97889180442221357 -0.11111845934978296
    outer loop
      vertex 17.329395294189453 3.1193647384643555 2.0182425975799561
      vertex 17.195835113525391 3.0718066692352295 1.3931064605712891
      vertex 17.146224975585938 3.1510498523712158 2.0146119594573975
    endloop
  endfacet
  facet normal 0.18790537127450244 0.97310378092413341 -0.13326891234397939
    outer loop
      vertex 17.51301383972168 3.0860815048217773 2.0221765041351318
      vertex 17.697113037109375 3.0511174201965332 2.0264501571655273
      vertex 17.663078308105469 2.9728124141693115 1.4066941738128662
    endloop
  endfacet
  facet normal 0.1795545116757164 0.97618062274613737 -0.12178492974033603
    outer loop
      vertex 17.429172515869141 3.0238251686096191 1.3995418548583984
      vertex 17.329395294189453 3.1193647384643555 2.0182425975799561
      vertex 17.51301383972168 3.0860815048217773 2.0221765041351318
    endloop
  endfacet
  facet normal 0.24010844377416166 0.95852170943058124 -0.15357105123891937
    outer loop
      vertex 18.066938400268555 2.9757890701293945 2.0361828804016113
      vertex 18.132968902587891 2.8611056804656982 1.423619270324707
      vertex 17.897638320922852 2.9186229705810547 1.4146769046783447
    endloop
  endfacet
  facet normal 0.20566567788268789 0.96781404574187091 -0.14504344799337307
    outer loop
      vertex 18.066938400268555 2.9757890701293945 2.0361828804016113
      vertex 17.897638320922852 2.9186229705810547 1.4146769046783447
      vertex 17.881736755371094 3.0143842697143555 2.0311040878295898
    endloop
  endfacet
  facet normal 0.22476106563792966 0.95943944284941396 -0.17017173348740569
    outer loop
      vertex 18.252777099609375 2.9352319240570068 2.0417361259460449
      vertex 18.439327239990234 2.892608642578125 2.0478167533874512
      vertex 18.369213104248047 2.8001046180725098 1.4336669445037842
    endloop
  endfacet
  facet normal 0.26648915021396691 0.9463498949711765 -0.18277146688222695
    outer loop
      vertex 18.616615295410156 2.8502650260925293 2.054110050201416
      vertex 18.606542587280273 2.7354586124420166 1.444981575012207
      vertex 18.369213104248047 2.8001046180725098 1.4336669445037842
    endloop
  endfacet
  facet normal 0.23462399674238046 0.95694169890897252 -0.17092151719968102
    outer loop
      vertex 18.616615295410156 2.8502650260925293 2.054110050201416
      vertex 18.369213104248047 2.8001046180725098 1.4336669445037842
      vertex 18.439327239990234 2.892608642578125 2.0478167533874512
    endloop
  endfacet
  facet normal 0.21505010585155834 0.96385647283925724 -0.15727095008010819
    outer loop
      vertex 18.132968902587891 2.8611056804656982 1.423619270324707
      vertex 18.066938400268555 2.9757890701293945 2.0361828804016113
      vertex 18.252777099609375 2.9352319240570068 2.0417361259460449
    endloop
  endfacet
  facet normal 0.22740085504854146 0.96313199189515464 -0.14375540793745506
    outer loop
      vertex 17.881736755371094 3.0143842697143555 2.0311040878295898
      vertex 17.897638320922852 2.9186229705810547 1.4146769046783447
      vertex 17.663078308105469 2.9728124141693115 1.4066941738128662
    endloop
  endfacet
  facet normal 0.19662662658051738 0.97134386968240316 -0.13352549026302235
    outer loop
      vertex 17.881736755371094 3.0143842697143555 2.0311040878295898
      vertex 17.663078308105469 2.9728124141693115 1.4066941738128662
      vertex 17.697113037109375 3.0511174201965332 2.0264501571655273
    endloop
  endfacet
  facet normal -0.047436253979784251 0.99877168497561331 -0.014315135323828497
    outer loop
      vertex 4.2731838226318359 3.5249397754669189 1.4509336948394775
      vertex 4.4761457443237305 3.5518405437469482 2.6552515029907227
      vertex 4.8800754547119141 3.5532572269439697 1.4155867099761963
    endloop
  endfacet
  facet normal 0.1432652967613712 0.9819254000120945 -0.12368331963108134
    outer loop
      vertex 17.347797393798828 3.2379372119903564 3
      vertex 17.310659408569336 3.1979160308837891 2.6392529010772705
      vertex 17.124044418334961 3.2248387336730957 2.6368324756622314
    endloop
  endfacet
  facet normal -0.034365769188901413 0.99938020164961416 -0.0076293157512391501
    outer loop
      vertex 5.942108154296875 3.596776008605957 1.3706203699111938
      vertex 6.042759895324707 3.6097927093505859 2.622326135635376
      vertex 6.416651725769043 3.6129956245422363 1.3577107191085815
    endloop
  endfacet
  facet normal 0.0068583591976245518 0.99997509138633267 0.0016671880553998848
    outer loop
      vertex 9.3275823593139648 3.6555051803588867 1.3394241333007812
      vertex 9.5417041778564453 3.6519176959991455 2.6103489398956299
      vertex 10.142687797546387 3.6499147415161133 1.3394323587417603
    endloop
  endfacet
  facet normal 0.037080728681787925 0.99930229509378998 -0.0044657116691308096
    outer loop
      vertex 11.812861442565918 3.6132535934448242 1.3400849103927612
      vertex 11.912433624267578 3.6152374744415283 2.6108131408691406
      vertex 12.240290641784668 3.597395658493042 1.3406481742858887
    endloop
  endfacet
  facet normal -0.0021690944206738121 0.99999677749667115 0.0013191003249623931
    outer loop
      vertex 8.5207643508911133 3.6537549495697021 1.3395459651947021
      vertex 8.7658805847167969 3.6526103019714355 2.6103546619415283
      vertex 9.3275823593139648 3.6555051803588867 1.3394241333007812
    endloop
  endfacet
  facet normal 0.094630462482086605 0.99438996224627418 -0.047261808622602174
    outer loop
      vertex 14.995065689086914 3.4557938575744629 2.6187067031860352
      vertex 15.436324119567871 3.3839616775512695 1.9908697605133057
      vertex 15.347824096679688 3.3623523712158203 1.3590091466903687
    endloop
  endfacet
  facet normal 0.12772423843799832 0.99045805488741467 -0.051762538810148438
    outer loop
      vertex 15.436324119567871 3.3839616775512695 1.9908697605133057
      vertex 15.806270599365234 3.3035588264465332 1.3652335405349731
      vertex 15.347824096679688 3.3623523712158203 1.3590091466903687
    endloop
  endfacet
  facet normal 0.11174640853349502 0.9928337907439867 -0.042353324979161347
    outer loop
      vertex 14.892449378967285 3.4133918285369873 1.3539849519729614
      vertex 14.995065689086914 3.4557938575744629 2.6187067031860352
      vertex 15.347824096679688 3.3623523712158203 1.3590091466903687
    endloop
  endfacet
  facet normal 0.16990459276394715 0.98161627019905229 -0.08695934359353473
    outer loop
      vertex 16.596599578857422 3.2376422882080078 2.0052003860473633
      vertex 16.730648040771484 3.159233570098877 1.3820146322250366
      vertex 16.498760223388672 3.1989448070526123 1.3772122859954834
    endloop
  endfacet
  facet normal 0.25316101119694528 0.95352183104484045 -0.16341854279926429
    outer loop
      vertex 18.252777099609375 2.9352319240570068 2.0417361259460449
      vertex 18.369213104248047 2.8001046180725098 1.4336669445037842
      vertex 18.132968902587891 2.8611056804656982 1.423619270324707
    endloop
  endfacet
  facet normal 0.21506009251383151 0.96846522819518588 -0.12579450856372373
    outer loop
      vertex 17.51301383972168 3.0860815048217773 2.0221765041351318
      vertex 17.663078308105469 2.9728124141693115 1.4066941738128662
      vertex 17.429172515869141 3.0238251686096191 1.3995418548583984
    endloop
  endfacet
  facet normal 0.28010652323600732 0.9403580781194556 -0.19304667973347825
    outer loop
      vertex 18.794689178466797 2.8058736324310303 2.0609798431396484
      vertex 18.845157623291016 2.6670012474060059 1.4577411413192749
      vertex 18.606542587280273 2.7354586124420166 1.444981575012207
    endloop
  endfacet
  facet normal 0.24443575774177545 0.95214457751820614 -0.18349894778957399
    outer loop
      vertex 18.794689178466797 2.8058736324310303 2.0609798431396484
      vertex 18.606542587280273 2.7354586124420166 1.444981575012207
      vertex 18.616615295410156 2.8502650260925293 2.054110050201416
    endloop
  endfacet
  facet normal 0.23179119626571409 0.95023912061122062 -0.20813086026277627
    outer loop
      vertex 19.093400955200195 2.9314494132995605 3
      vertex 19.172458648681641 2.8416659832000732 2.678131103515625
      vertex 18.989437103271484 2.8851230144500732 2.6727104187011719
    endloop
  endfacet
  facet normal 0.25389833473132201 0.94136778283677458 -0.22217635575739483
    outer loop
      vertex 19.380954742431641 2.8637261390686035 3
      vertex 19.535371780395508 2.7489750385284424 2.690260648727417
      vertex 19.353311538696289 2.796586275100708 2.6839363574981689
    endloop
  endfacet
  facet normal 0.24253349726412177 0.94443991169058106 -0.22183497449843545
    outer loop
      vertex 19.380954742431641 2.8637261390686035 3
      vertex 19.353311538696289 2.796586275100708 2.6839363574981689
      vertex 19.172458648681641 2.8416659832000732 2.678131103515625
    endloop
  endfacet
  facet normal 0.27655856588069555 0.92768597401749897 -0.250826819238329
    outer loop
      vertex 19.952529907226562 2.7108407020568848 3
      vertex 19.895933151245117 2.6477670669555664 2.7043185234069824
      vertex 19.714967727661133 2.6997368335723877 2.6969990730285645
    endloop
  endfacet
  facet normal 0.30018247593777758 0.91574637879393606 -0.26701882118243692
    outer loop
      vertex 20.236410140991211 2.6249730587005615 3
      vertex 20.253820419311523 2.5377566814422607 2.7204623222351074
      vertex 20.074113845825195 2.5942177772521973 2.7120707035064697
    endloop
  endfacet
  facet normal 0.3125210130881364 0.91216004884918944 -0.26513140451823047
    outer loop
      vertex 20.236410140991211 2.6249730587005615 3
      vertex 20.430412292480469 2.4798197746276855 2.7292916774749756
      vertex 20.253820419311523 2.5377566814422607 2.7204623222351074
    endloop
  endfacet
  facet normal 0.28855816642030113 0.92363382149922446 -0.25225928798538322
    outer loop
      vertex 19.952529907226562 2.7108407020568848 3
      vertex 20.074113845825195 2.5942177772521973 2.7120707035064697
      vertex 19.895933151245117 2.6477670669555664 2.7043185234069824
    endloop
  endfacet
  facet normal 0.2651119451962145 0.9344683716155836 -0.23766471964597286
    outer loop
      vertex 19.667354583740234 2.7903075218200684 3
      vertex 19.714967727661133 2.6997368335723877 2.6969990730285645
      vertex 19.535371780395508 2.7489750385284424 2.690260648727417
    endloop
  endfacet
  facet normal 0.25447562239270588 0.9468661439735947 -0.19668925492873437
    outer loop
      vertex 18.845157623291016 2.6670012474060059 1.4577411413192749
      vertex 18.794689178466797 2.8058736324310303 2.0609798431396484
      vertex 18.972415924072266 2.7596559524536133 2.0684289932250977
    endloop
  endfacet
  facet normal 0.30788017895949793 0.92505105024253698 -0.22246426645429335
    outer loop
      vertex 19.327583312988281 2.661367654800415 2.0852680206298828
      vertex 19.327169418334961 2.5179622173309326 1.4883866310119629
      vertex 19.085281372070312 2.5945613384246826 1.4721393585205078
    endloop
  endfacet
  facet normal 0.27530140491842831 0.93791881468100824 -0.21099154844996137
    outer loop
      vertex 19.327583312988281 2.661367654800415 2.0852680206298828
      vertex 19.085281372070312 2.5945613384246826 1.4721393585205078
      vertex 19.151094436645508 2.7112123966217041 2.0765600204467773
    endloop
  endfacet
  facet normal 0.26472377626771071 0.94108030577897517 -0.21044994738301481
    outer loop
      vertex 19.151094436645508 2.7112123966217041 2.0765600204467773
      vertex 19.085281372070312 2.5945613384246826 1.4721393585205078
      vertex 18.972415924072266 2.7596559524536133 2.0684289932250977
    endloop
  endfacet
  facet normal 0.33605031236087579 0.907811843168434 -0.25089409113266964
    outer loop
      vertex 19.856748580932617 2.499631404876709 2.1158411502838135
      vertex 19.817399978637695 2.3515543937683105 1.5273491144180298
      vertex 19.57110595703125 2.4370222091674805 1.5067089796066284
    endloop
  endfacet
  facet normal 0.3072907465190759 0.92117104297335106 -0.23878087589071614
    outer loop
      vertex 19.856748580932617 2.499631404876709 2.1158411502838135
      vertex 19.57110595703125 2.4370222091674805 1.5067089796066284
      vertex 19.680328369140625 2.5556368827819824 2.1048617362976074
    endloop
  endfacet
  facet normal 0.35018327563171958 0.89971766454492963 -0.26053751663370217
    outer loop
      vertex 20.030406951904297 2.4424300193786621 2.127469539642334
      vertex 20.066389083862305 2.2613670825958252 1.5505653619766235
      vertex 19.817399978637695 2.3515543937683105 1.5273491144180298
    endloop
  endfacet
  facet normal 0.31795467874899364 0.91419782042709918 -0.25129100140666705
    outer loop
      vertex 20.030406951904297 2.4424300193786621 2.127469539642334
      vertex 19.817399978637695 2.3515543937683105 1.5273491144180298
      vertex 19.856748580932617 2.499631404876709 2.1158411502838135
    endloop
  endfacet
  facet normal 0.29642063628649573 0.92503975393185345 -0.23756317060774629
    outer loop
      vertex 19.680328369140625 2.5556368827819824 2.1048617362976074
      vertex 19.57110595703125 2.4370222091674805 1.5067089796066284
      vertex 19.50518798828125 2.6091632843017578 2.0947542190551758
    endloop
  endfacet
  facet normal 0.28583263104190038 0.93171928364529633 -0.22405107345237329
    outer loop
      vertex 19.50518798828125 2.6091632843017578 2.0947542190551758
      vertex 19.327169418334961 2.5179622173309326 1.4883866310119629
      vertex 19.327583312988281 2.661367654800415 2.0852680206298828
    endloop
  endfacet
  facet normal 0.32411581817360968 0.9032415085159019 -0.28125382433590052
    outer loop
      vertex 20.518924713134766 2.5323522090911865 3
      vertex 20.608676910400391 2.4188165664672852 2.7388124465942383
      vertex 20.430412292480469 2.4798197746276855 2.7292916774749756
    endloop
  endfacet
  facet normal 0.34735016924595669 0.89081448223124904 -0.29291196317644141
    outer loop
      vertex 20.799999237060547 2.4326248168945312 3
      vertex 20.947128295898438 2.2958924770355225 2.7586379051208496
      vertex 20.777067184448242 2.3588318824768066 2.7483842372894287
    endloop
  endfacet
  facet normal 0.46110002800629052 0.81639297896525687 -0.34769134022697767
    outer loop
      vertex 22.602800369262695 1.556640625 2.8914163112640381
      vertex 22.762714385986328 1.4731757640838623 2.9075117111206055
      vertex 22.492448806762695 1.4081836938858032 2.3964879512786865
    endloop
  endfacet
  facet normal 0.47850806230997178 0.8044900298019465 -0.3518889402263437
    outer loop
      vertex 22.924724578857422 1.3865184783935547 2.9244077205657959
      vertex 23.08277702331543 1.2999681234359741 2.9414598941802979
      vertex 22.798675537109375 1.0540218353271484 1.9928475618362427
    endloop
  endfacet
  facet normal 0.4949713597942153 0.79405531914469796 -0.35281652897997468
    outer loop
      vertex 23.242927551269531 1.2102718353271484 2.9593074321746826
      vertex 23.398979187011719 1.1209677457809448 2.9772450923919678
      vertex 23.1075439453125 0.89778393507003784 2.0660848617553711
    endloop
  endfacet
  facet normal 0.50265726286291434 0.78869891487642785 -0.35396284799948741
    outer loop
      vertex 23.398979187011719 1.1209677457809448 2.9772450923919678
      vertex 23.557119369506836 1.0285837650299072 2.9959678649902344
      vertex 23.1075439453125 0.89778393507003784 2.0660848617553711
    endloop
  endfacet
  facet normal 0.48683709707691802 0.79900441642061915 -0.3529611642235802
    outer loop
      vertex 22.798675537109375 1.0540218353271484 1.9928475618362427
      vertex 23.08277702331543 1.2999681234359741 2.9414598941802979
      vertex 23.242927551269531 1.2102718353271484 2.9593074321746826
    endloop
  endfacet
  facet normal 0.46980197054737716 0.80979380779141852 -0.35145426065489138
    outer loop
      vertex 22.492448806762695 1.4081836938858032 2.3964879512786865
      vertex 22.762714385986328 1.4731757640838623 2.9075117111206055
      vertex 22.924724578857422 1.3865184783935547 2.9244077205657959
    endloop
  endfacet
  facet normal 0.51725750653661173 0.77998080863290142 -0.3522422605195068
    outer loop
      vertex 23.706869125366211 0.93937915563583374 3.0141983032226562
      vertex 23.858570098876953 0.84733784198760986 3.0331568717956543
      vertex 23.425329208374023 0.73412305116653442 2.1462602615356445
    endloop
  endfacet
  facet normal 0.53138974749115164 0.77267249723803655 -0.34727820011228261
    outer loop
      vertex 24.012279510498047 0.75238758325576782 3.0528645515441895
      vertex 24.168062210083008 0.65445506572723389 3.0733425617218018
      vertex 23.752725601196289 0.56278049945831299 2.2338426113128662
    endloop
  endfacet
  facet normal 0.5247580991719546 0.7776183556263746 -0.34632157072058062
    outer loop
      vertex 23.752725601196289 0.56278049945831299 2.2338426113128662
      vertex 23.858570098876953 0.84733784198760986 3.0331568717956543
      vertex 24.012279510498047 0.75238758325576782 3.0528645515441895
    endloop
  endfacet
  facet normal 0.54482582448737304 0.76738529241222675 -0.33806010406591214
    outer loop
      vertex 24.317085266113281 0.55920231342315674 3.093400239944458
      vertex 24.468069076538086 0.46116238832473755 3.1141819953918457
      vertex 24.090463638305664 0.38349261879920959 2.3293161392211914
    endloop
  endfacet
  facet normal 0.56371169720354219 0.7592422837383318 -0.32523879999118221
    outer loop
      vertex 24.76324462890625 0.26515471935272217 3.156120777130127
      vertex 24.954988479614258 0.13485023379325867 3.1842710971832275
      vertex 24.439292907714844 0.19599044322967529 2.4331817626953125
    endloop
  endfacet
  facet normal 0.57267424638015796 0.76283649257213326 -0.30020774995519972
    outer loop
      vertex 24.954988479614258 0.13485023379325867 3.1842710971832275
      vertex 25.149999618530273 0 3.2136147022247314
      vertex 24.799999237060547 0 2.5459563732147217
    endloop
  endfacet
  facet normal 0.57133774377635871 0.75749579911932707 -0.31586911348391145
    outer loop
      vertex 25.125272750854492 0.1517360508441925 3.5327723026275635
      vertex 25.149999618530273 0 3.2136147022247314
      vertex 24.954988479614258 0.13485023379325867 3.1842710971832275
    endloop
  endfacet
  facet normal 0.52004385562573108 0.79620670225429924 -0.30920749588465257
    outer loop
      vertex 24.76324462890625 0.26515471935272217 3.156120777130127
      vertex 24.439292907714844 0.19599044322967529 2.4331817626953125
      vertex 24.090463638305664 0.38349261879920959 2.3293161392211914
    endloop
  endfacet
  facet normal 0.55313690756034872 0.75995899268276934 -0.34132373333122396
    outer loop
      vertex 24.76324462890625 0.26515471935272217 3.156120777130127
      vertex 24.090463638305664 0.38349261879920959 2.3293161392211914
      vertex 24.468069076538086 0.46116238832473755 3.1141819953918457
    endloop
  endfacet
  facet normal 0.53881246515747971 0.77194134650710722 -0.33732430233191613
    outer loop
      vertex 24.090463638305664 0.38349261879920959 2.3293161392211914
      vertex 24.168062210083008 0.65445506572723389 3.0733425617218018
      vertex 24.317085266113281 0.55920231342315674 3.093400239944458
    endloop
  endfacet
  facet normal 0.51036096598579794 0.78498315690399634 -0.35118816576741202
    outer loop
      vertex 23.425329208374023 0.73412305116653442 2.1462602615356445
      vertex 23.557119369506836 1.0285837650299072 2.9959678649902344
      vertex 23.706869125366211 0.93937915563583374 3.0141983032226562
    endloop
  endfacet
  facet normal 0.33557052148160632 0.89524453096408707 -0.29313760402148042
    outer loop
      vertex 20.799999237060547 2.4326248168945312 3
      vertex 20.777067184448242 2.3588318824768066 2.7483842372894287
      vertex 20.608676910400391 2.4188165664672852 2.7388124465942383
    endloop
  endfacet
  facet normal 0.33909359410222822 0.89896024463771818 -0.27728327212388215
    outer loop
      vertex 20.205509185791016 2.3826487064361572 2.140056848526001
      vertex 20.377536773681641 2.3218438625335693 2.1533007621765137
      vertex 20.318439483642578 2.1662631034851074 1.5766326189041138
    endloop
  endfacet
  facet normal 0.36000703505223941 0.88702123646108844 -0.28911634471253533
    outer loop
      vertex 20.573942184448242 2.0660402774810791 1.6058416366577148
      vertex 20.55116081237793 2.2583804130554199 2.1675820350646973
      vertex 20.715141296386719 2.1965069770812988 2.1819398403167725
    endloop
  endfacet
  facet normal 0.37807293220759175 0.88044804158162704 -0.28613301803013053
    outer loop
      vertex 20.55116081237793 2.2583804130554199 2.1675820350646973
      vertex 20.573942184448242 2.0660402774810791 1.6058416366577148
      vertex 20.318439483642578 2.1662631034851074 1.5766326189041138
    endloop
  endfacet
  facet normal 0.34988318646274441 0.8948195707922858 -0.27727187300154726
    outer loop
      vertex 20.55116081237793 2.2583804130554199 2.1675820350646973
      vertex 20.318439483642578 2.1662631034851074 1.5766326189041138
      vertex 20.377536773681641 2.3218438625335693 2.1533007621765137
    endloop
  endfacet
  facet normal 0.29394423648135087 0.93402449802825138 -0.20296557078102903
    outer loop
      vertex 19.085281372070312 2.5945613384246826 1.4721393585205078
      vertex 18.845157623291016 2.6670012474060059 1.4577411413192749
      vertex 18.972415924072266 2.7596559524536133 2.0684289932250977
    endloop
  endfacet
  facet normal 0.39171689476877747 0.86968769398432344 -0.30033512828994252
    outer loop
      vertex 20.880727767944336 2.13211989402771 2.1973199844360352
      vertex 20.833320617675781 1.9604912996292114 1.63849937915802
      vertex 20.573942184448242 2.0660402774810791 1.6058416366577148
    endloop
  endfacet
  facet normal 0.37009751363439347 0.88239097248472664 -0.29054087849922
    outer loop
      vertex 20.880727767944336 2.13211989402771 2.1973199844360352
      vertex 20.573942184448242 2.0660402774810791 1.6058416366577148
      vertex 20.715141296386719 2.1965069770812988 2.1819398403167725
    endloop
  endfacet
  facet normal 0.38919650073846168 0.86685209857032364 -0.31159833603079917
    outer loop
      vertex 21.043590545654297 2.0669276714324951 2.213331937789917
      vertex 21.208179473876953 1.9991745948791504 2.2304229736328125
      vertex 21.097023010253906 1.8494036197662354 1.6749290227890015
    endloop
  endfacet
  facet normal 0.41825319180795179 0.85016439934784593 -0.31981988935020439
    outer loop
      vertex 21.369831085205078 1.9308151006698608 2.2481141090393066
      vertex 21.36552619934082 1.7325596809387207 1.7154698371887207
      vertex 21.097023010253906 1.8494036197662354 1.6749290227890015
    endloop
  endfacet
  facet normal 0.39879762697516413 0.86223276262667237 -0.31227410358874519
    outer loop
      vertex 21.369831085205078 1.9308151006698608 2.2481141090393066
      vertex 21.097023010253906 1.8494036197662354 1.6749290227890015
      vertex 21.208179473876953 1.9991745948791504 2.2304229736328125
    endloop
  endfacet
  facet normal 0.37975069046185567 0.87478941064634341 -0.30088685600199788
    outer loop
      vertex 20.833320617675781 1.9604912996292114 1.63849937915802
      vertex 20.880727767944336 2.13211989402771 2.1973199844360352
      vertex 21.043590545654297 2.0669276714324951 2.213331937789917
    endloop
  endfacet
  facet normal 0.32198056142721831 0.91773855289404271 -0.23256067293280996
    outer loop
      vertex 19.327169418334961 2.5179622173309326 1.4883866310119629
      vertex 19.50518798828125 2.6091632843017578 2.0947542190551758
      vertex 19.57110595703125 2.4370222091674805 1.5067089796066284
    endloop
  endfacet
  facet normal 0.36423968124540457 0.89149634129368516 -0.26937655441077135
    outer loop
      vertex 20.205509185791016 2.3826487064361572 2.140056848526001
      vertex 20.318439483642578 2.1662631034851074 1.5766326189041138
      vertex 20.066389083862305 2.2613670825958252 1.5505653619766235
    endloop
  endfacet
  facet normal 0.40517423261791319 0.86093166965027601 -0.30762071031657345
    outer loop
      vertex 21.043590545654297 2.0669276714324951 2.213331937789917
      vertex 21.097023010253906 1.8494036197662354 1.6749290227890015
      vertex 20.833320617675781 1.9604912996292114 1.63849937915802
    endloop
  endfacet
  facet normal 0.32857428991650695 0.90679980108156966 -0.26410803994632437
    outer loop
      vertex 20.030406951904297 2.4424300193786621 2.127469539642334
      vertex 20.205509185791016 2.3826487064361572 2.140056848526001
      vertex 20.066389083862305 2.2613670825958252 1.5505653619766235
    endloop
  endfacet
  facet normal 0.4166658533603807 0.84668102344147522 -0.33093928625589586
    outer loop
      vertex 21.639335632324219 1.6097368001937866 1.7604774236679077
      vertex 21.533313751220703 1.8598678112030029 2.2669312953948975
      vertex 21.693649291992188 1.7885347604751587 2.2863004207611084
    endloop
  endfacet
  facet normal 0.43101744638741157 0.84161580228023303 -0.32543325315934579
    outer loop
      vertex 21.533313751220703 1.8598678112030029 2.2669312953948975
      vertex 21.639335632324219 1.6097368001937866 1.7604774236679077
      vertex 21.36552619934082 1.7325596809387207 1.7154698371887207
    endloop
  endfacet
  facet normal 0.40786964362067579 0.8546059673010854 -0.32138916357917069
    outer loop
      vertex 21.36552619934082 1.7325596809387207 1.7154698371887207
      vertex 21.369831085205078 1.9308151006698608 2.2481141090393066
      vertex 21.533313751220703 1.8598678112030029 2.2669312953948975
    endloop
  endfacet
  facet normal 0.42564112519019326 0.84241082027362146 -0.33041434961688754
    outer loop
      vertex 21.855901718139648 1.714606761932373 2.306830883026123
      vertex 21.639335632324219 1.6097368001937866 1.7604774236679077
      vertex 21.693649291992188 1.7885347604751587 2.2863004207611084
    endloop
  endfacet
  facet normal 0.43399637976693506 0.83501352898549919 -0.33823002344614095
    outer loop
      vertex 21.855901718139648 1.714606761932373 2.306830883026123
      vertex 22.014808654785156 1.6405292749404907 2.3278501033782959
      vertex 21.918979644775391 1.480707049369812 1.8103231191635132
    endloop
  endfacet
  facet normal 0.45031540993793329 0.82378850237218271 -0.34436686096636454
    outer loop
      vertex 22.175697326660156 1.563868522644043 2.3500545024871826
      vertex 22.333059310913086 1.4873030185699463 2.3726720809936523
      vertex 22.205020904541016 1.3452376127243042 1.8653947114944458
    endloop
  endfacet
  facet normal 0.45817699184057525 0.81915336312979481 -0.3450530565305398
    outer loop
      vertex 22.333059310913086 1.4873030185699463 2.3726720809936523
      vertex 22.492448806762695 1.4081836938858032 2.3964879512786865
      vertex 22.205020904541016 1.3452376127243042 1.8653947114944458
    endloop
  endfacet
  facet normal 0.4424262961908198 0.83050862182959995 -0.33839976581784381
    outer loop
      vertex 21.918979644775391 1.480707049369812 1.8103231191635132
      vertex 22.014808654785156 1.6405292749404907 2.3278501033782959
      vertex 22.175697326660156 1.563868522644043 2.3500545024871826
    endloop
  endfacet
  facet normal 0.44332718489344836 0.83128910488468555 -0.33529007028909846
    outer loop
      vertex 21.918979644775391 1.480707049369812 1.8103231191635132
      vertex 21.639335632324219 1.6097368001937866 1.7604774236679077
      vertex 21.855901718139648 1.714606761932373 2.306830883026123
    endloop
  endfacet
  facet normal 0.45518557393263126 0.82163699457280159 -0.34310165029185574
    outer loop
      vertex 22.175697326660156 1.563868522644043 2.3500545024871826
      vertex 22.205020904541016 1.3452376127243042 1.8653947114944458
      vertex 21.918979644775391 1.480707049369812 1.8103231191635132
    endloop
  endfacet
  facet normal 0.47737986393918663 0.80512731126816095 -0.35196374551295084
    outer loop
      vertex 22.498048782348633 1.2030903100967407 1.9260962009429932
      vertex 22.924724578857422 1.3865184783935547 2.9244077205657959
      vertex 22.798675537109375 1.0540218353271484 1.9928475618362427
    endloop
  endfacet
  facet normal 0.48762189602648776 0.79840876362569591 -0.35322561158729832
    outer loop
      vertex 22.798675537109375 1.0540218353271484 1.9928475618362427
      vertex 23.242927551269531 1.2102718353271484 2.9593074321746826
      vertex 23.1075439453125 0.89778393507003784 2.0660848617553711
    endloop
  endfacet
  facet normal 0.46655026331379462 0.81280203855229149 -0.34883190497296557
    outer loop
      vertex 22.492448806762695 1.4081836938858032 2.3964879512786865
      vertex 22.498048782348633 1.2030903100967407 1.9260962009429932
      vertex 22.205020904541016 1.3452376127243042 1.8653947114944458
    endloop
  endfacet
  facet normal 0.50609539261145176 0.78917007634932579 -0.347962705145623
    outer loop
      vertex 23.425329208374023 0.73412305116653442 2.1462602615356445
      vertex 23.858570098876953 0.84733784198760986 3.0331568717956543
      vertex 23.752725601196289 0.56278049945831299 2.2338426113128662
    endloop
  endfacet
  facet normal 0.52583821940622277 0.79737096619275749 -0.29613123659033569
    outer loop
      vertex 24.439292907714844 0.19599044322967529 2.4331817626953125
      vertex 24.954988479614258 0.13485023379325867 3.1842710971832275
      vertex 24.799999237060547 0 2.5459563732147217
    endloop
  endfacet
  facet normal 0.51414168561324536 0.78729043736881055 -0.34034114406342009
    outer loop
      vertex 23.752725601196289 0.56278049945831299 2.2338426113128662
      vertex 24.168062210083008 0.65445506572723389 3.0733425617218018
      vertex 24.090463638305664 0.38349261879920959 2.3293161392211914
    endloop
  endfacet
  facet normal 0.49721329885092952 0.79304219945258869 -0.35194176412181716
    outer loop
      vertex 23.1075439453125 0.89778393507003784 2.0660848617553711
      vertex 23.557119369506836 1.0285837650299072 2.9959678649902344
      vertex 23.425329208374023 0.73412305116653442 2.1462602615356445
    endloop
  endfacet
  facet normal 0.46670477583699094 0.81272797714311606 -0.34879777433321235
    outer loop
      vertex 22.492448806762695 1.4081836938858032 2.3964879512786865
      vertex 22.924724578857422 1.3865184783935547 2.9244077205657959
      vertex 22.498048782348633 1.2030903100967407 1.9260962009429932
    endloop
  endfacet
  facet normal 0.22137121398881474 0.95597884819795165 -0.19261159730202104
    outer loop
      vertex 18.80476188659668 2.9938299655914307 3
      vertex 18.989437103271484 2.8851230144500732 2.6727104187011719
      vertex 18.807466506958008 2.9262604713439941 2.6677443981170654
    endloop
  endfacet
  facet normal -0 0 1
    outer loop
      vertex 3.9000000953674316 -2.7390878200531006 3
      vertex 5.1999998092651367 -2.7390878200531006 3
      vertex 5.1999998092651367 -1.8260586261749268 3
    endloop
  endfacet
  facet normal -0 -0 1
    outer loop
      vertex 2.5999999046325684 -1.8260586261749268 3
      vertex 2.5999999046325684 -2.7390878200531006 3
      vertex 3.9000000953674316 -2.7390878200531006 3
    endloop
  endfacet
  facet normal 0 -0 1
    outer loop
      vertex 5.1999998092651367 -1.8260586261749268 3
      vertex 2.5999999046325684 -1.8260586261749268 3
      vertex 3.9000000953674316 -2.7390878200531006 3
    endloop
  endfacet
  facet normal 0 -0 1
    outer loop
      vertex 2.5999999046325684 -2.7390878200531006 3
      vertex 1.2999999523162842 -2.7390878200531006 3
      vertex 1.2999999523162842 -3.1956026554107666 3
    endloop
  endfacet
  facet normal 0 -0 1
    outer loop
      vertex 2.5999999046325684 -2.7390878200531006 3
      vertex 1.2999999523162842 -3.1956026554107666 3
      vertex 2.5999999046325684 -3.1956026554107666 3
    endloop
  endfacet
  facet normal 0 -0 1
    outer loop
      vertex 5.1999998092651367 -2.7390878200531006 3
      vertex 3.9000000953674316 -2.7390878200531006 3
      vertex 3.9000000953674316 -3.1956026554107666 3
    endloop
  endfacet
  facet normal 0 -0 1
    outer loop
      vertex 5.1999998092651367 -2.7390878200531006 3
      vertex 3.9000000953674316 -3.1956026554107666 3
      vertex 5.1999998092651367 -3.1956026554107666 3
    endloop
  endfacet
  facet normal 0 -0 1
    outer loop
      vertex 3.9000000953674316 -2.7390878200531006 3
      vertex 2.5999999046325684 -2.7390878200531006 3
      vertex 2.5999999046325684 -3.1956026554107666 3
    endloop
  endfacet
  facet normal 0 -0 1
    outer loop
      vertex 3.9000000953674316 -2.7390878200531006 3
      vertex 2.5999999046325684 -3.1956026554107666 3
      vertex 3.9000000953674316 -3.1956026554107666 3
    endloop
  endfacet
  facet normal 0 -0 1
    outer loop
      vertex 3.9000000953674316 3.1956026554107666 3
      vertex 2.5999999046325684 3.1956026554107666 3
      vertex 2.5999999046325684 2.7390878200531006 3
    endloop
  endfacet
  facet normal 0 -0 1
    outer loop
      vertex 3.9000000953674316 3.1956026554107666 3
      vertex 2.5999999046325684 2.7390878200531006 3
      vertex 3.9000000953674316 2.7390878200531006 3
    endloop
  endfacet
  facet normal 0 -0 1
    outer loop
      vertex 5.1999998092651367 3.1956026554107666 3
      vertex 3.9000000953674316 3.1956026554107666 3
      vertex 3.9000000953674316 2.7390878200531006 3
    endloop
  endfacet
  facet normal 0 -0 1
    outer loop
      vertex 5.1999998092651367 3.1956026554107666 3
      vertex 3.9000000953674316 2.7390878200531006 3
      vertex 5.1999998092651367 2.7390878200531006 3
    endloop
  endfacet
  facet normal 0 -0 1
    outer loop
      vertex 2.5999999046325684 3.1956026554107666 3
      vertex 1.2999999523162842 3.1956026554107666 3
      vertex 1.2999999523162842 2.7390878200531006 3
    endloop
  endfacet
  facet normal 0 -0 1
    outer loop
      vertex 2.5999999046325684 3.1956026554107666 3
      vertex 1.2999999523162842 2.7390878200531006 3
      vertex 2.5999999046325684 2.7390878200531006 3
    endloop
  endfacet
  facet normal 0 -0 1
    outer loop
      vertex 3.9000000953674316 2.7390878200531006 3
      vertex 2.5999999046325684 2.7390878200531006 3
      vertex 2.5999999046325684 1.8260586261749268 3
    endloop
  endfacet
  facet normal 0 0 1
    outer loop
      vertex 5.1999998092651367 1.8260586261749268 3
      vertex 5.1999998092651367 2.7390878200531006 3
      vertex 3.9000000953674316 2.7390878200531006 3
    endloop
  endfacet
  facet normal -0 0 1
    outer loop
      vertex 2.5999999046325684 1.8260586261749268 3
      vertex 5.1999998092651367 1.8260586261749268 3
      vertex 3.9000000953674316 2.7390878200531006 3
    endloop
  endfacet
  facet normal -0 0 1
    outer loop
      vertex 9.1000003814697266 -2.7390878200531006 3
      vertex 10.399999618530273 -2.7390878200531006 3
      vertex 10.399999618530273 -1.8260586261749268 3
    endloop
  endfacet
  facet normal -0 -0 1
    outer loop
      vertex 7.8000001907348633 -1.8260586261749268 3
      vertex 7.8000001907348633 -2.7390878200531006 3
      vertex 9.1000003814697266 -2.7390878200531006 3
    endloop
  endfacet
  facet normal 0 -0 1
    outer loop
      vertex 10.399999618530273 -1.8260586261749268 3
      vertex 7.8000001907348633 -1.8260586261749268 3
      vertex 9.1000003814697266 -2.7390878200531006 3
    endloop
  endfacet
  facet normal -0 0 1
    outer loop
      vertex 6.5 -2.7390878200531006 3
      vertex 7.8000001907348633 -2.7390878200531006 3
      vertex 7.8000001907348633 -1.8260586261749268 3
    endloop
  endfacet
  facet normal -0 -0 1
    outer loop
      vertex 5.1999998092651367 -1.8260586261749268 3
      vertex 5.1999998092651367 -2.7390878200531006 3
      vertex 6.5 -2.7390878200531006 3
    endloop
  endfacet
  facet normal 0 -0 1
    outer loop
      vertex 7.8000001907348633 -1.8260586261749268 3
      vertex 5.1999998092651367 -1.8260586261749268 3
      vertex 6.5 -2.7390878200531006 3
    endloop
  endfacet
  facet normal 0 -0 1
    outer loop
      vertex 7.8000001907348633 -2.7390878200531006 3
      vertex 6.5 -2.7390878200531006 3
      vertex 6.5 -3.1956026554107666 3
    endloop
  endfacet
  facet normal 0 -0 1
    outer loop
      vertex 7.8000001907348633 -2.7390878200531006 3
      vertex 6.5 -3.1956026554107666 3
      vertex 7.8000001907348633 -3.1956026554107666 3
    endloop
  endfacet
  facet normal 0 -0 1
    outer loop
      vertex 6.5 -2.7390878200531006 3
      vertex 5.1999998092651367 -2.7390878200531006 3
      vertex 5.1999998092651367 -3.1956026554107666 3
    endloop
  endfacet
  facet normal 0 -0 1
    outer loop
      vertex 6.5 -2.7390878200531006 3
      vertex 5.1999998092651367 -3.1956026554107666 3
      vertex 6.5 -3.1956026554107666 3
    endloop
  endfacet
  facet normal 0 -0 1
    outer loop
      vertex 10.399999618530273 -2.7390878200531006 3
      vertex 9.1000003814697266 -2.7390878200531006 3
      vertex 9.1000003814697266 -3.1956026554107666 3
    endloop
  endfacet
  facet normal 0 -0 1
    outer loop
      vertex 10.399999618530273 -2.7390878200531006 3
      vertex 9.1000003814697266 -3.1956026554107666 3
      vertex 10.399999618530273 -3.1956026554107666 3
    endloop
  endfacet
  facet normal 0 -0 1
    outer loop
      vertex 9.1000003814697266 -2.7390878200531006 3
      vertex 7.8000001907348633 -2.7390878200531006 3
      vertex 7.8000001907348633 -3.1956026554107666 3
    endloop
  endfacet
  facet normal 0 -0 1
    outer loop
      vertex 9.1000003814697266 -2.7390878200531006 3
      vertex 7.8000001907348633 -3.1956026554107666 3
      vertex 9.1000003814697266 -3.1956026554107666 3
    endloop
  endfacet
  facet normal -0 0 1
    outer loop
      vertex 7.8000001907348633 -1.8260586261749268 3
      vertex 10.399999618530273 -1.8260586261749268 3
      vertex 10.399999618530273 1.7763568394002505e-15 3
    endloop
  endfacet
  facet normal -0 -0 1
    outer loop
      vertex 5.1999998092651367 1.7763568394002505e-15 3
      vertex 5.1999998092651367 -1.8260586261749268 3
      vertex 7.8000001907348633 -1.8260586261749268 3
    endloop
  endfacet
  facet normal 0 -0 1
    outer loop
      vertex 10.399999618530273 1.7763568394002505e-15 3
      vertex 5.1999998092651367 1.7763568394002505e-15 3
      vertex 7.8000001907348633 -1.8260586261749268 3
    endloop
  endfacet
  facet normal 0 -0 1
    outer loop
      vertex 7.8000001907348633 1.8260586261749268 3
      vertex 5.1999998092651367 1.8260586261749268 3
      vertex 5.1999998092651367 1.7763568394002505e-15 3
    endloop
  endfacet
  facet normal 0 0 1
    outer loop
      vertex 10.399999618530273 1.7763568394002505e-15 3
      vertex 10.399999618530273 1.8260586261749268 3
      vertex 7.8000001907348633 1.8260586261749268 3
    endloop
  endfacet
  facet normal -0 0 1
    outer loop
      vertex 5.1999998092651367 1.7763568394002505e-15 3
      vertex 10.399999618530273 1.7763568394002505e-15 3
      vertex 7.8000001907348633 1.8260586261749268 3
    endloop
  endfacet
  facet normal 0 -0 1
    outer loop
      vertex 9.1000003814697266 3.1956026554107666 3
      vertex 7.8000001907348633 3.1956026554107666 3
      vertex 7.8000001907348633 2.7390878200531006 3
    endloop
  endfacet
  facet normal 0 -0 1
    outer loop
      vertex 9.1000003814697266 3.1956026554107666 3
      vertex 7.8000001907348633 2.7390878200531006 3
      vertex 9.1000003814697266 2.7390878200531006 3
    endloop
  endfacet
  facet normal 0 -0 1
    outer loop
      vertex 10.399999618530273 3.1956026554107666 3
      vertex 9.1000003814697266 3.1956026554107666 3
      vertex 9.1000003814697266 2.7390878200531006 3
    endloop
  endfacet
  facet normal 0 -0 1
    outer loop
      vertex 10.399999618530273 3.1956026554107666 3
      vertex 9.1000003814697266 2.7390878200531006 3
      vertex 10.399999618530273 2.7390878200531006 3
    endloop
  endfacet
  facet normal 0 -0 1
    outer loop
      vertex 6.5 3.1956026554107666 3
      vertex 5.1999998092651367 3.1956026554107666 3
      vertex 5.1999998092651367 2.7390878200531006 3
    endloop
  endfacet
  facet normal 0 -0 1
    outer loop
      vertex 6.5 3.1956026554107666 3
      vertex 5.1999998092651367 2.7390878200531006 3
      vertex 6.5 2.7390878200531006 3
    endloop
  endfacet
  facet normal 0 -0 1
    outer loop
      vertex 7.8000001907348633 3.1956026554107666 3
      vertex 6.5 3.1956026554107666 3
      vertex 6.5 2.7390878200531006 3
    endloop
  endfacet
  facet normal 0 -0 1
    outer loop
      vertex 7.8000001907348633 3.1956026554107666 3
      vertex 6.5 2.7390878200531006 3
      vertex 7.8000001907348633 2.7390878200531006 3
    endloop
  endfacet
  facet normal 0 -0 1
    outer loop
      vertex 6.5 2.7390878200531006 3
      vertex 5.1999998092651367 2.7390878200531006 3
      vertex 5.1999998092651367 1.8260586261749268 3
    endloop
  endfacet
  facet normal 0 0 1
    outer loop
      vertex 7.8000001907348633 1.8260586261749268 3
      vertex 7.8000001907348633 2.7390878200531006 3
      vertex 6.5 2.7390878200531006 3
    endloop
  endfacet
  facet normal -0 0 1
    outer loop
      vertex 5.1999998092651367 1.8260586261749268 3
      vertex 7.8000001907348633 1.8260586261749268 3
      vertex 6.5 2.7390878200531006 3
    endloop
  endfacet
  facet normal 0 -0 1
    outer loop
      vertex 9.1000003814697266 2.7390878200531006 3
      vertex 7.8000001907348633 2.7390878200531006 3
      vertex 7.8000001907348633 1.8260586261749268 3
    endloop
  endfacet
  facet normal 0 0 1
    outer loop
      vertex 10.399999618530273 1.8260586261749268 3
      vertex 10.399999618530273 2.7390878200531006 3
      vertex 9.1000003814697266 2.7390878200531006 3
    endloop
  endfacet
  facet normal -0 0 1
    outer loop
      vertex 7.8000001907348633 1.8260586261749268 3
      vertex 10.399999618530273 1.8260586261749268 3
      vertex 9.1000003814697266 2.7390878200531006 3
    endloop
  endfacet
  facet normal -0 0 1
    outer loop
      vertex 14.300000190734863 -2.7390878200531006 3
      vertex 15.600000381469727 -2.7390878200531006 3
      vertex 15.600000381469727 -2.2825732231140137 3
    endloop
  endfacet
  facet normal 0 0 1
    outer loop
      vertex 15.600000381469727 -2.2825732231140137 3
      vertex 15.600000381469727 -1.8260586261749268 3
      vertex 13 -1.8260586261749268 3
    endloop
  endfacet
  facet normal -0 -0 1
    outer loop
      vertex 13 -1.8260586261749268 3
      vertex 13 -2.7390878200531006 3
      vertex 14.300000190734863 -2.7390878200531006 3
    endloop
  endfacet
  facet normal 0 0 1
    outer loop
      vertex 14.300000190734863 -2.7390878200531006 3
      vertex 15.600000381469727 -2.2825732231140137 3
      vertex 13 -1.8260586261749268 3
    endloop
  endfacet
  facet normal -0 0 1
    outer loop
      vertex 11.699999809265137 -2.7390878200531006 3
      vertex 13 -2.7390878200531006 3
      vertex 13 -1.8260586261749268 3
    endloop
  endfacet
  facet normal -0 -0 1
    outer loop
      vertex 10.399999618530273 -1.8260586261749268 3
      vertex 10.399999618530273 -2.7390878200531006 3
      vertex 11.699999809265137 -2.7390878200531006 3
    endloop
  endfacet
  facet normal 0 -0 1
    outer loop
      vertex 13 -1.8260586261749268 3
      vertex 10.399999618530273 -1.8260586261749268 3
      vertex 11.699999809265137 -2.7390878200531006 3
    endloop
  endfacet
  facet normal 0 -0 1
    outer loop
      vertex 13 -2.7390878200531006 3
      vertex 11.699999809265137 -2.7390878200531006 3
      vertex 11.699999809265137 -3.1956026554107666 3
    endloop
  endfacet
  facet normal 0 -0 1
    outer loop
      vertex 13 -2.7390878200531006 3
      vertex 11.699999809265137 -3.1956026554107666 3
      vertex 13 -3.1956026554107666 3
    endloop
  endfacet
  facet normal 0 -0 1
    outer loop
      vertex 11.699999809265137 -2.7390878200531006 3
      vertex 10.399999618530273 -2.7390878200531006 3
      vertex 10.399999618530273 -3.1956026554107666 3
    endloop
  endfacet
  facet normal 0 -0 1
    outer loop
      vertex 11.699999809265137 -2.7390878200531006 3
      vertex 10.399999618530273 -3.1956026554107666 3
      vertex 11.699999809265137 -3.1956026554107666 3
    endloop
  endfacet
  facet normal 0 -0 1
    outer loop
      vertex 15.600000381469727 -2.7390878200531006 3
      vertex 14.300000190734863 -2.7390878200531006 3
      vertex 14.300000190734863 -3.1956026554107666 3
    endloop
  endfacet
  facet normal 0 -0 1
    outer loop
      vertex 15.600000381469727 -2.7390878200531006 3
      vertex 14.300000190734863 -3.1956026554107666 3
      vertex 15.600000381469727 -3.1956026554107666 3
    endloop
  endfacet
  facet normal 0 -0 1
    outer loop
      vertex 14.300000190734863 -2.7390878200531006 3
      vertex 13 -2.7390878200531006 3
      vertex 13 -3.1956026554107666 3
    endloop
  endfacet
  facet normal 0 -0 1
    outer loop
      vertex 14.300000190734863 -2.7390878200531006 3
      vertex 13 -3.1956026554107666 3
      vertex 14.300000190734863 -3.1956026554107666 3
    endloop
  endfacet
  facet normal -0 0 1
    outer loop
      vertex 13 -1.8260586261749268 3
      vertex 15.600000381469727 -1.8260586261749268 3
      vertex 15.600000381469727 -0.91302931308746338 3
    endloop
  endfacet
  facet normal 0 0 1
    outer loop
      vertex 15.600000381469727 -0.91302931308746338 3
      vertex 15.600000381469727 1.3322676295501878e-15 3
      vertex 10.399999618530273 1.7763568394002505e-15 3
    endloop
  endfacet
  facet normal -0 -0 1
    outer loop
      vertex 10.399999618530273 1.7763568394002505e-15 3
      vertex 10.399999618530273 -1.8260586261749268 3
      vertex 13 -1.8260586261749268 3
    endloop
  endfacet
  facet normal 0 0 1
    outer loop
      vertex 13 -1.8260586261749268 3
      vertex 15.600000381469727 -0.91302931308746338 3
      vertex 10.399999618530273 1.7763568394002505e-15 3
    endloop
  endfacet
  facet normal 0 0 1
    outer loop
      vertex 15.600000381469727 0.91302931308746338 3
      vertex 15.600000381469727 1.8260586261749268 3
      vertex 13 1.8260586261749268 3
    endloop
  endfacet
  facet normal 0 -0 1
    outer loop
      vertex 13 1.8260586261749268 3
      vertex 10.399999618530273 1.8260586261749268 3
      vertex 10.399999618530273 1.7763568394002505e-15 3
    endloop
  endfacet
  facet normal 0 0 1
    outer loop
      vertex 10.399999618530273 1.7763568394002505e-15 3
      vertex 15.600000381469727 1.3322676295501878e-15 3
      vertex 15.600000381469727 0.91302931308746338 3
    endloop
  endfacet
  facet normal 0 -0 1
    outer loop
      vertex 15.600000381469727 0.91302931308746338 3
      vertex 13 1.8260586261749268 3
      vertex 10.399999618530273 1.7763568394002505e-15 3
    endloop
  endfacet
  facet normal 0 -0 1
    outer loop
      vertex 14.300000190734863 3.1956026554107666 3
      vertex 13 3.1956026554107666 3
      vertex 13 2.7390878200531006 3
    endloop
  endfacet
  facet normal 0 -0 1
    outer loop
      vertex 14.300000190734863 3.1956026554107666 3
      vertex 13 2.7390878200531006 3
      vertex 14.300000190734863 2.7390878200531006 3
    endloop
  endfacet
  facet normal 0 -0 1
    outer loop
      vertex 15.600000381469727 3.1956026554107666 3
      vertex 14.300000190734863 3.1956026554107666 3
      vertex 14.300000190734863 2.7390878200531006 3
    endloop
  endfacet
  facet normal 0 -0 1
    outer loop
      vertex 15.600000381469727 3.1956026554107666 3
      vertex 14.300000190734863 2.7390878200531006 3
      vertex 15.600000381469727 2.7390878200531006 3
    endloop
  endfacet
  facet normal 0 -0 1
    outer loop
      vertex 11.699999809265137 3.1956026554107666 3
      vertex 10.399999618530273 3.1956026554107666 3
      vertex 10.399999618530273 2.7390878200531006 3
    endloop
  endfacet
  facet normal 0 -0 1
    outer loop
      vertex 11.699999809265137 3.1956026554107666 3
      vertex 10.399999618530273 2.7390878200531006 3
      vertex 11.699999809265137 2.7390878200531006 3
    endloop
  endfacet
  facet normal 0 -0 1
    outer loop
      vertex 13 3.1956026554107666 3
      vertex 11.699999809265137 3.1956026554107666 3
      vertex 11.699999809265137 2.7390878200531006 3
    endloop
  endfacet
  facet normal 0 -0 1
    outer loop
      vertex 13 3.1956026554107666 3
      vertex 11.699999809265137 2.7390878200531006 3
      vertex 13 2.7390878200531006 3
    endloop
  endfacet
  facet normal 0 -0 1
    outer loop
      vertex 11.699999809265137 2.7390878200531006 3
      vertex 10.399999618530273 2.7390878200531006 3
      vertex 10.399999618530273 1.8260586261749268 3
    endloop
  endfacet
  facet normal 0 0 1
    outer loop
      vertex 13 1.8260586261749268 3
      vertex 13 2.7390878200531006 3
      vertex 11.699999809265137 2.7390878200531006 3
    endloop
  endfacet
  facet normal -0 0 1
    outer loop
      vertex 10.399999618530273 1.8260586261749268 3
      vertex 13 1.8260586261749268 3
      vertex 11.699999809265137 2.7390878200531006 3
    endloop
  endfacet
  facet normal 0 0 1
    outer loop
      vertex 15.600000381469727 2.2825732231140137 3
      vertex 15.600000381469727 2.7390878200531006 3
      vertex 14.300000190734863 2.7390878200531006 3
    endloop
  endfacet
  facet normal 0 -0 1
    outer loop
      vertex 14.300000190734863 2.7390878200531006 3
      vertex 13 2.7390878200531006 3
      vertex 13 1.8260586261749268 3
    endloop
  endfacet
  facet normal -0 0 1
    outer loop
      vertex 13 1.8260586261749268 3
      vertex 15.600000381469727 1.8260586261749268 3
      vertex 15.600000381469727 2.2825732231140137 3
    endloop
  endfacet
  facet normal 0 -0 1
    outer loop
      vertex 15.600000381469727 2.2825732231140137 3
      vertex 14.300000190734863 2.7390878200531006 3
      vertex 13 1.8260586261749268 3
    endloop
  endfacet
  facet normal 0 -0 1
    outer loop
      vertex 19.5 -1.8260586261749268 3
      vertex 18.200000762939453 -1.8260586261749268 3
      vertex 18.200000762939453 -2.2825732231140137 3
    endloop
  endfacet
  facet normal 0 -0 1
    outer loop
      vertex 19.5 -1.8260586261749268 3
      vertex 18.200000762939453 -2.2825732231140137 3
      vertex 19.5 -2.2825732231140137 3
    endloop
  endfacet
  facet normal -0 0 1
    outer loop
      vertex 18.850000381469727 -2.7390878200531006 3
      vertex 19.5 -2.7390878200531006 3
      vertex 19.5 -2.5108306407928467 3
    endloop
  endfacet
  facet normal 0 0 1
    outer loop
      vertex 19.5 -2.5108306407928467 3
      vertex 19.5 -2.2825732231140137 3
      vertex 18.200000762939453 -2.2825732231140137 3
    endloop
  endfacet
  facet normal -0 -0 1
    outer loop
      vertex 18.200000762939453 -2.2825732231140137 3
      vertex 18.200000762939453 -2.7390878200531006 3
      vertex 18.850000381469727 -2.7390878200531006 3
    endloop
  endfacet
  facet normal 0 0 1
    outer loop
      vertex 18.850000381469727 -2.7390878200531006 3
      vertex 19.5 -2.5108306407928467 3
      vertex 18.200000762939453 -2.2825732231140137 3
    endloop
  endfacet
  facet normal 0 -0 1
    outer loop
      vertex 20.149999618530273 -2.2825732231140137 3
      vertex 19.5 -2.2825732231140137 3
      vertex 19.5 -2.5108306407928467 3
    endloop
  endfacet
  facet normal 0 -0 1
    outer loop
      vertex 20.149999618530273 -2.2825732231140137 3
      vertex 19.5 -2.5108306407928467 3
      vertex 20.149999618530273 -2.5108306407928467 3
    endloop
  endfacet
  facet normal 0 -0 1
    outer loop
      vertex 18.200000762939453 -1.8260586261749268 3
      vertex 16.899999618530273 -1.8260586261749268 3
      vertex 16.899999618530273 -2.2825732231140137 3
    endloop
  endfacet
  facet normal 0 -0 1
    outer loop
      vertex 18.200000762939453 -1.8260586261749268 3
      vertex 16.899999618530273 -2.2825732231140137 3
      vertex 18.200000762939453 -2.2825732231140137 3
    endloop
  endfacet
  facet normal 0 -0 1
    outer loop
      vertex 16.899999618530273 -1.8260586261749268 3
      vertex 15.600000381469727 -1.8260586261749268 3
      vertex 15.600000381469727 -2.2825732231140137 3
    endloop
  endfacet
  facet normal 0 -0 1
    outer loop
      vertex 16.899999618530273 -1.8260586261749268 3
      vertex 15.600000381469727 -2.2825732231140137 3
      vertex 16.899999618530273 -2.2825732231140137 3
    endloop
  endfacet
  facet normal 0 -0 1
    outer loop
      vertex 16.899999618530273 -2.2825732231140137 3
      vertex 15.600000381469727 -2.2825732231140137 3
      vertex 15.600000381469727 -2.7390878200531006 3
    endloop
  endfacet
  facet normal 0 -0 1
    outer loop
      vertex 16.899999618530273 -2.2825732231140137 3
      vertex 15.600000381469727 -2.7390878200531006 3
      vertex 16.899999618530273 -2.7390878200531006 3
    endloop
  endfacet
  facet normal -0 0 1
    outer loop
      vertex 17.549999237060547 -2.7390878200531006 3
      vertex 18.200000762939453 -2.7390878200531006 3
      vertex 18.200000762939453 -2.2825732231140137 3
    endloop
  endfacet
  facet normal -0 -0 1
    outer loop
      vertex 16.899999618530273 -2.2825732231140137 3
      vertex 16.899999618530273 -2.7390878200531006 3
      vertex 17.549999237060547 -2.7390878200531006 3
    endloop
  endfacet
  facet normal 0 -0 1
    outer loop
      vertex 18.200000762939453 -2.2825732231140137 3
      vertex 16.899999618530273 -2.2825732231140137 3
      vertex 17.549999237060547 -2.7390878200531006 3
    endloop
  endfacet
  facet normal 0 -0 1
    outer loop
      vertex 18.200000762939453 -2.7390878200531006 3
      vertex 17.549999237060547 -2.7390878200531006 3
      vertex 17.549999237060547 -2.9673452377319336 3
    endloop
  endfacet
  facet normal 0 -0 1
    outer loop
      vertex 18.200000762939453 -2.7390878200531006 3
      vertex 17.549999237060547 -2.9673452377319336 3
      vertex 18.200000762939453 -2.9673452377319336 3
    endloop
  endfacet
  facet normal 0 -0 1
    outer loop
      vertex 17.549999237060547 -2.7390878200531006 3
      vertex 16.899999618530273 -2.7390878200531006 3
      vertex 16.899999618530273 -2.9673452377319336 3
    endloop
  endfacet
  facet normal 0 -0 1
    outer loop
      vertex 17.549999237060547 -2.7390878200531006 3
      vertex 16.899999618530273 -2.9673452377319336 3
      vertex 17.549999237060547 -2.9673452377319336 3
    endloop
  endfacet
  facet normal -0 0 1
    outer loop
      vertex 16.25 -3.1956026554107666 3
      vertex 16.899999618530273 -3.1956026554107666 3
      vertex 16.899999618530273 -2.9673452377319336 3
    endloop
  endfacet
  facet normal 0 0 1
    outer loop
      vertex 16.899999618530273 -2.9673452377319336 3
      vertex 16.899999618530273 -2.7390878200531006 3
      vertex 15.600000381469727 -2.7390878200531006 3
    endloop
  endfacet
  facet normal -0 -0 1
    outer loop
      vertex 15.600000381469727 -2.7390878200531006 3
      vertex 15.600000381469727 -3.1956026554107666 3
      vertex 16.25 -3.1956026554107666 3
    endloop
  endfacet
  facet normal 0 0 1
    outer loop
      vertex 16.25 -3.1956026554107666 3
      vertex 16.899999618530273 -2.9673452377319336 3
      vertex 15.600000381469727 -2.7390878200531006 3
    endloop
  endfacet
  facet normal 0 -0 1
    outer loop
      vertex 18.200000762939453 1.3322676295501878e-15 3
      vertex 15.600000381469727 1.3322676295501878e-15 3
      vertex 15.600000381469727 -0.91302931308746338 3
    endloop
  endfacet
  facet normal 0 -0 1
    outer loop
      vertex 18.200000762939453 1.3322676295501878e-15 3
      vertex 15.600000381469727 -0.91302931308746338 3
      vertex 18.200000762939453 -0.91302931308746338 3
    endloop
  endfacet
  facet normal -0 0 1
    outer loop
      vertex 16.899999618530273 -1.8260586261749268 3
      vertex 18.200000762939453 -1.8260586261749268 3
      vertex 18.200000762939453 -0.91302931308746338 3
    endloop
  endfacet
  facet normal -0 -0 1
    outer loop
      vertex 15.600000381469727 -0.91302931308746338 3
      vertex 15.600000381469727 -1.8260586261749268 3
      vertex 16.899999618530273 -1.8260586261749268 3
    endloop
  endfacet
  facet normal 0 -0 1
    outer loop
      vertex 18.200000762939453 -0.91302931308746338 3
      vertex 15.600000381469727 -0.91302931308746338 3
      vertex 16.899999618530273 -1.8260586261749268 3
    endloop
  endfacet
  facet normal 0 -0 1
    outer loop
      vertex 16.899999618530273 1.8260586261749268 3
      vertex 15.600000381469727 1.8260586261749268 3
      vertex 15.600000381469727 0.91302931308746338 3
    endloop
  endfacet
  facet normal 0 0 1
    outer loop
      vertex 18.200000762939453 0.91302931308746338 3
      vertex 18.200000762939453 1.8260586261749268 3
      vertex 16.899999618530273 1.8260586261749268 3
    endloop
  endfacet
  facet normal -0 0 1
    outer loop
      vertex 15.600000381469727 0.91302931308746338 3
      vertex 18.200000762939453 0.91302931308746338 3
      vertex 16.899999618530273 1.8260586261749268 3
    endloop
  endfacet
  facet normal 0 -0 1
    outer loop
      vertex 18.200000762939453 0.91302931308746338 3
      vertex 15.600000381469727 0.91302931308746338 3
      vertex 15.600000381469727 1.3322676295501878e-15 3
    endloop
  endfacet
  facet normal 0 -0 1
    outer loop
      vertex 18.200000762939453 0.91302931308746338 3
      vertex 15.600000381469727 1.3322676295501878e-15 3
      vertex 18.200000762939453 1.3322676295501878e-15 3
    endloop
  endfacet
  facet normal 0 0 1
    outer loop
      vertex 16.899999618530273 2.9673452377319336 3
      vertex 16.899999618530273 3.1956026554107666 3
      vertex 16.25 3.1956026554107666 3
    endloop
  endfacet
  facet normal 0 -0 1
    outer loop
      vertex 16.25 3.1956026554107666 3
      vertex 15.600000381469727 3.1956026554107666 3
      vertex 15.600000381469727 2.7390878200531006 3
    endloop
  endfacet
  facet normal -0 0 1
    outer loop
      vertex 15.600000381469727 2.7390878200531006 3
      vertex 16.899999618530273 2.7390878200531006 3
      vertex 16.899999618530273 2.9673452377319336 3
    endloop
  endfacet
  facet normal 0 -0 1
    outer loop
      vertex 16.899999618530273 2.9673452377319336 3
      vertex 16.25 3.1956026554107666 3
      vertex 15.600000381469727 2.7390878200531006 3
    endloop
  endfacet
  facet normal 0 -0 1
    outer loop
      vertex 17.549999237060547 2.9673452377319336 3
      vertex 16.899999618530273 2.9673452377319336 3
      vertex 16.899999618530273 2.7390878200531006 3
    endloop
  endfacet
  facet normal 0 -0 1
    outer loop
      vertex 17.549999237060547 2.9673452377319336 3
      vertex 16.899999618530273 2.7390878200531006 3
      vertex 17.549999237060547 2.7390878200531006 3
    endloop
  endfacet
  facet normal 0 -0 1
    outer loop
      vertex 18.200000762939453 2.9673452377319336 3
      vertex 17.549999237060547 2.9673452377319336 3
      vertex 17.549999237060547 2.7390878200531006 3
    endloop
  endfacet
  facet normal 0 -0 1
    outer loop
      vertex 18.200000762939453 2.9673452377319336 3
      vertex 17.549999237060547 2.7390878200531006 3
      vertex 18.200000762939453 2.7390878200531006 3
    endloop
  endfacet
  facet normal 0 -0 1
    outer loop
      vertex 17.549999237060547 2.7390878200531006 3
      vertex 16.899999618530273 2.7390878200531006 3
      vertex 16.899999618530273 2.2825732231140137 3
    endloop
  endfacet
  facet normal 0 0 1
    outer loop
      vertex 18.200000762939453 2.2825732231140137 3
      vertex 18.200000762939453 2.7390878200531006 3
      vertex 17.549999237060547 2.7390878200531006 3
    endloop
  endfacet
  facet normal -0 0 1
    outer loop
      vertex 16.899999618530273 2.2825732231140137 3
      vertex 18.200000762939453 2.2825732231140137 3
      vertex 17.549999237060547 2.7390878200531006 3
    endloop
  endfacet
  facet normal 0 -0 1
    outer loop
      vertex 16.899999618530273 2.7390878200531006 3
      vertex 15.600000381469727 2.7390878200531006 3
      vertex 15.600000381469727 2.2825732231140137 3
    endloop
  endfacet
  facet normal 0 -0 1
    outer loop
      vertex 16.899999618530273 2.7390878200531006 3
      vertex 15.600000381469727 2.2825732231140137 3
      vertex 16.899999618530273 2.2825732231140137 3
    endloop
  endfacet
  facet normal 0 -0 1
    outer loop
      vertex 16.899999618530273 2.2825732231140137 3
      vertex 15.600000381469727 2.2825732231140137 3
      vertex 15.600000381469727 1.8260586261749268 3
    endloop
  endfacet
  facet normal 0 -0 1
    outer loop
      vertex 16.899999618530273 2.2825732231140137 3
      vertex 15.600000381469727 1.8260586261749268 3
      vertex 16.899999618530273 1.8260586261749268 3
    endloop
  endfacet
  facet normal 0 -0 1
    outer loop
      vertex 18.200000762939453 2.2825732231140137 3
      vertex 16.899999618530273 2.2825732231140137 3
      vertex 16.899999618530273 1.8260586261749268 3
    endloop
  endfacet
  facet normal 0 -0 1
    outer loop
      vertex 18.200000762939453 2.2825732231140137 3
      vertex 16.899999618530273 1.8260586261749268 3
      vertex 18.200000762939453 1.8260586261749268 3
    endloop
  endfacet
  facet normal 0 -0 1
    outer loop
      vertex 20.149999618530273 2.5108306407928467 3
      vertex 19.5 2.5108306407928467 3
      vertex 19.5 2.2825732231140137 3
    endloop
  endfacet
  facet normal 0 -0 1
    outer loop
      vertex 20.149999618530273 2.5108306407928467 3
      vertex 19.5 2.2825732231140137 3
      vertex 20.149999618530273 2.2825732231140137 3
    endloop
  endfacet
  facet normal 0 0 1
    outer loop
      vertex 19.5 2.5108306407928467 3
      vertex 19.5 2.7390878200531006 3
      vertex 18.850000381469727 2.7390878200531006 3
    endloop
  endfacet
  facet normal 0 -0 1
    outer loop
      vertex 18.850000381469727 2.7390878200531006 3
      vertex 18.200000762939453 2.7390878200531006 3
      vertex 18.200000762939453 2.2825732231140137 3
    endloop
  endfacet
  facet normal -0 0 1
    outer loop
      vertex 18.200000762939453 2.2825732231140137 3
      vertex 19.5 2.2825732231140137 3
      vertex 19.5 2.5108306407928467 3
    endloop
  endfacet
  facet normal 0 -0 1
    outer loop
      vertex 19.5 2.5108306407928467 3
      vertex 18.850000381469727 2.7390878200531006 3
      vertex 18.200000762939453 2.2825732231140137 3
    endloop
  endfacet
  facet normal 0 -0 1
    outer loop
      vertex 19.5 2.2825732231140137 3
      vertex 18.200000762939453 2.2825732231140137 3
      vertex 18.200000762939453 1.8260586261749268 3
    endloop
  endfacet
  facet normal 0 -0 1
    outer loop
      vertex 19.5 2.2825732231140137 3
      vertex 18.200000762939453 1.8260586261749268 3
      vertex 19.5 1.8260586261749268 3
    endloop
  endfacet
  facet normal 0 0 1
    outer loop
      vertex 2.2933392524719238 -3.4473690986633301 3
      vertex 2.5999999046325684 -3.1956026554107666 3
      vertex 1.7138646841049194 -3.41414475440979 3
    endloop
  endfacet
  facet normal 0 0 1
    outer loop
      vertex 1.1368794441223145 -3.3797743320465088 3
      vertex 1.7138646841049194 -3.41414475440979 3
      vertex 1.2999999523162842 -3.1956026554107666 3
    endloop
  endfacet
  facet normal 0 0 1
    outer loop
      vertex 1.1368794441223145 -3.3797743320465088 3
      vertex 1.2999999523162842 -3.1956026554107666 3
      vertex 0.56478935480117798 -3.344637393951416 3
    endloop
  endfacet
  facet normal -0 -0 1
    outer loop
      vertex 2.5999999046325684 -3.1956026554107666 3
      vertex 2.2933392524719238 -3.4473690986633301 3
      vertex 2.8728978633880615 -3.4790680408477783 3
    endloop
  endfacet
  facet normal 0 -0 1
    outer loop
      vertex 5.1999998092651367 -3.1956026554107666 3
      vertex 4.588019847869873 -3.5612151622772217 3
      vertex 5.1787543296813965 -3.5843250751495361 3
    endloop
  endfacet
  facet normal 0 -0 1
    outer loop
      vertex 4.588019847869873 -3.5612151622772217 3
      vertex 3.9000000953674316 -3.1956026554107666 3
      vertex 4.0226435661315918 -3.5363705158233643 3
    endloop
  endfacet
  facet normal -0 -0 1
    outer loop
      vertex 3.9000000953674316 -3.1956026554107666 3
      vertex 3.4501345157623291 -3.5088615417480469 3
      vertex 4.0226435661315918 -3.5363705158233643 3
    endloop
  endfacet
  facet normal 0 0 1
    outer loop
      vertex 2.8728978633880615 -3.4790680408477783 3
      vertex 3.4501345157623291 -3.5088615417480469 3
      vertex 3.9000000953674316 -3.1956026554107666 3
    endloop
  endfacet
  facet normal 0 0 1
    outer loop
      vertex 5.1787543296813965 -3.5843250751495361 3
      vertex 5.7552371025085449 -3.6037766933441162 3
      vertex 5.1999998092651367 -3.1956026554107666 3
    endloop
  endfacet
  facet normal 0 -0 1
    outer loop
      vertex 1.2999999523162842 -2.7390878200531006 3
      vertex 1.0658141036401503e-14 -3.3091135025024414 3
      vertex 1.2999999523162842 -3.1956026554107666 3
    endloop
  endfacet
  facet normal 0 -0 1
    outer loop
      vertex 1.2999999523162842 -3.1956026554107666 3
      vertex 1.0658141036401503e-14 -3.3091135025024414 3
      vertex 0.56478935480117798 -3.344637393951416 3
    endloop
  endfacet
  facet normal -0 0 1
    outer loop
      vertex 1.2999999523162842 -2.7390878200531006 3
      vertex 2.5999999046325684 -1.8260586261749268 3
      vertex 1.0658141036401503e-14 -4.4408920985006262e-16 3
    endloop
  endfacet
  facet normal -0 0 1
    outer loop
      vertex 1.0658141036401503e-14 -3.3091135025024414 3
      vertex 1.2999999523162842 -2.7390878200531006 3
      vertex 1.0658141036401503e-14 -4.4408920985006262e-16 3
    endloop
  endfacet
  facet normal 0 0 1
    outer loop
      vertex 1.7138646841049194 -3.41414475440979 3
      vertex 2.5999999046325684 -3.1956026554107666 3
      vertex 1.2999999523162842 -3.1956026554107666 3
    endloop
  endfacet
  facet normal 0 -0 1
    outer loop
      vertex 3.9000000953674316 -3.1956026554107666 3
      vertex 2.5999999046325684 -3.1956026554107666 3
      vertex 2.8728978633880615 -3.4790680408477783 3
    endloop
  endfacet
  facet normal 0 -0 1
    outer loop
      vertex 5.1999998092651367 1.7763568394002505e-15 3
      vertex 1.0658141036401503e-14 -4.4408920985006262e-16 3
      vertex 2.5999999046325684 -1.8260586261749268 3
    endloop
  endfacet
  facet normal -0 0 1
    outer loop
      vertex 1.2999999523162842 -2.7390878200531006 3
      vertex 2.5999999046325684 -2.7390878200531006 3
      vertex 2.5999999046325684 -1.8260586261749268 3
    endloop
  endfacet
  facet normal 0 0 1
    outer loop
      vertex 3.9000000953674316 -3.1956026554107666 3
      vertex 4.588019847869873 -3.5612151622772217 3
      vertex 5.1999998092651367 -3.1956026554107666 3
    endloop
  endfacet
  facet normal -0 0 1
    outer loop
      vertex 2.5999999046325684 -1.8260586261749268 3
      vertex 5.1999998092651367 -1.8260586261749268 3
      vertex 5.1999998092651367 1.7763568394002505e-15 3
    endloop
  endfacet
  facet normal 0 -0 1
    outer loop
      vertex 6.5 -3.1956026554107666 3
      vertex 5.1999998092651367 -3.1956026554107666 3
      vertex 5.7552371025085449 -3.6037766933441162 3
    endloop
  endfacet
  facet normal -0 -0 1
    outer loop
      vertex 8.0140838623046875 -3.6479878425598145 3
      vertex 7.8000001907348633 -3.1956026554107666 3
      vertex 7.4468913078308105 -3.6416759490966797 3
    endloop
  endfacet
  facet normal -0 -0 1
    outer loop
      vertex 6.8845338821411133 -3.63230299949646 3
      vertex 6.5 -3.1956026554107666 3
      vertex 6.322239875793457 -3.6197197437286377 3
    endloop
  endfacet
  facet normal 0 0 1
    outer loop
      vertex 6.8845338821411133 -3.63230299949646 3
      vertex 7.4468913078308105 -3.6416759490966797 3
      vertex 7.8000001907348633 -3.1956026554107666 3
    endloop
  endfacet
  facet normal 0 -0 1
    outer loop
      vertex 8.5908842086791992 -3.6513879299163818 3
      vertex 7.8000001907348633 -3.1956026554107666 3
      vertex 8.0140838623046875 -3.6479878425598145 3
    endloop
  endfacet
  facet normal 0 -0 1
    outer loop
      vertex 10.033137321472168 -3.6483285427093506 3
      vertex 9.1000003814697266 -3.1956026554107666 3
      vertex 9.182063102722168 -3.6520256996154785 3
    endloop
  endfacet
  facet normal 0 -0 1
    outer loop
      vertex 11.345165252685547 -3.6305332183837891 3
      vertex 11.699999809265137 -3.1956026554107666 3
      vertex 10.904234886169434 -3.6383142471313477 3
    endloop
  endfacet
  facet normal 0 -0 1
    outer loop
      vertex 10.399999618530273 -3.1956026554107666 3
      vertex 10.033137321472168 -3.6483285427093506 3
      vertex 10.904234886169434 -3.6383142471313477 3
    endloop
  endfacet
  facet normal -0 -0 1
    outer loop
      vertex 9.182063102722168 -3.6520256996154785 3
      vertex 9.1000003814697266 -3.1956026554107666 3
      vertex 8.5908842086791992 -3.6513879299163818 3
    endloop
  endfacet
  facet normal 0 -0 1
    outer loop
      vertex 11.788547515869141 -3.6206872463226318 3
      vertex 11.699999809265137 -3.1956026554107666 3
      vertex 11.345165252685547 -3.6305332183837891 3
    endloop
  endfacet
  facet normal 0 -0 1
    outer loop
      vertex 7.8000001907348633 -3.1956026554107666 3
      vertex 6.5 -3.1956026554107666 3
      vertex 6.8845338821411133 -3.63230299949646 3
    endloop
  endfacet
  facet normal 0 -0 1
    outer loop
      vertex 10.399999618530273 -3.1956026554107666 3
      vertex 9.1000003814697266 -3.1956026554107666 3
      vertex 10.033137321472168 -3.6483285427093506 3
    endloop
  endfacet
  facet normal 0 -0 1
    outer loop
      vertex 11.699999809265137 -3.1956026554107666 3
      vertex 10.399999618530273 -3.1956026554107666 3
      vertex 10.904234886169434 -3.6383142471313477 3
    endloop
  endfacet
  facet normal 0 0 1
    outer loop
      vertex 7.8000001907348633 -3.1956026554107666 3
      vertex 8.5908842086791992 -3.6513879299163818 3
      vertex 9.1000003814697266 -3.1956026554107666 3
    endloop
  endfacet
  facet normal 0 -0 1
    outer loop
      vertex 13 -3.1956026554107666 3
      vertex 12.233530044555664 -3.6086142063140869 3
      vertex 12.679262161254883 -3.5941522121429443 3
    endloop
  endfacet
  facet normal 0 -0 1
    outer loop
      vertex 13.56956958770752 -3.5574142932891846 3
      vertex 13 -3.1956026554107666 3
      vertex 13.124892234802246 -3.5771396160125732 3
    endloop
  endfacet
  facet normal -0 0 1
    outer loop
      vertex 12.679262161254883 -3.5941522121429443 3
      vertex 13.124892234802246 -3.5771396160125732 3
      vertex 13 -3.1956026554107666 3
    endloop
  endfacet
  facet normal 0 0 1
    outer loop
      vertex 11.699999809265137 -3.1956026554107666 3
      vertex 12.233530044555664 -3.6086142063140869 3
      vertex 13 -3.1956026554107666 3
    endloop
  endfacet
  facet normal 0 0 1
    outer loop
      vertex 11.699999809265137 -3.1956026554107666 3
      vertex 11.788547515869141 -3.6206872463226318 3
      vertex 12.233530044555664 -3.6086142063140869 3
    endloop
  endfacet
  facet normal 0 0 1
    outer loop
      vertex 5.7552371025085449 -3.6037766933441162 3
      vertex 6.322239875793457 -3.6197197437286377 3
      vertex 6.5 -3.1956026554107666 3
    endloop
  endfacet
  facet normal 0 -0 1
    outer loop
      vertex 2.5999999046325684 2.7390878200531006 3
      vertex 1.2999999523162842 2.7390878200531006 3
      vertex 2.5999999046325684 1.8260586261749268 3
    endloop
  endfacet
  facet normal -0 0 1
    outer loop
      vertex 1.0658141036401503e-14 -4.4408920985006262e-16 3
      vertex 1.2999999523162842 2.7390878200531006 3
      vertex 1.0658141036401503e-14 3.3091135025024414 3
    endloop
  endfacet
  facet normal 0 0 1
    outer loop
      vertex 1.0658141036401503e-14 3.3091135025024414 3
      vertex 1.2999999523162842 2.7390878200531006 3
      vertex 1.2999999523162842 3.1956026554107666 3
    endloop
  endfacet
  facet normal -0 -0 1
    outer loop
      vertex 1.2999999523162842 3.1956026554107666 3
      vertex 0.56478935480117798 3.344637393951416 3
      vertex 1.0658141036401503e-14 3.3091135025024414 3
    endloop
  endfacet
  facet normal 0 0 1
    outer loop
      vertex 1.2999999523162842 2.7390878200531006 3
      vertex 1.0658141036401503e-14 -4.4408920985006262e-16 3
      vertex 2.5999999046325684 1.8260586261749268 3
    endloop
  endfacet
  facet normal -0 -0 1
    outer loop
      vertex 2.5999999046325684 3.1956026554107666 3
      vertex 1.7138646841049194 3.41414475440979 3
      vertex 1.2999999523162842 3.1956026554107666 3
    endloop
  endfacet
  facet normal -0 -0 1
    outer loop
      vertex 3.9000000953674316 3.1956026554107666 3
      vertex 2.8728978633880615 3.4790680408477783 3
      vertex 2.5999999046325684 3.1956026554107666 3
    endloop
  endfacet
  facet normal -0 -0 1
    outer loop
      vertex 5.7552371025085449 3.6037766933441162 3
      vertex 5.1999998092651367 3.1956026554107666 3
      vertex 6.5 3.1956026554107666 3
    endloop
  endfacet
  facet normal 0 0 1
    outer loop
      vertex 5.1999998092651367 1.7763568394002505e-15 3
      vertex 5.1999998092651367 1.8260586261749268 3
      vertex 2.5999999046325684 1.8260586261749268 3
    endloop
  endfacet
  facet normal 0 -0 1
    outer loop
      vertex 2.5999999046325684 1.8260586261749268 3
      vertex 1.0658141036401503e-14 -4.4408920985006262e-16 3
      vertex 5.1999998092651367 1.7763568394002505e-15 3
    endloop
  endfacet
  facet normal -0 -0 1
    outer loop
      vertex 5.1999998092651367 3.1956026554107666 3
      vertex 4.588019847869873 3.5612151622772217 3
      vertex 3.9000000953674316 3.1956026554107666 3
    endloop
  endfacet
  facet normal 0 0 1
    outer loop
      vertex 1.2999999523162842 3.1956026554107666 3
      vertex 1.7138646841049194 3.41414475440979 3
      vertex 1.1368794441223145 3.3797743320465088 3
    endloop
  endfacet
  facet normal 0 0 1
    outer loop
      vertex 2.2933392524719238 3.4473690986633301 3
      vertex 2.5999999046325684 3.1956026554107666 3
      vertex 2.8728978633880615 3.4790680408477783 3
    endloop
  endfacet
  facet normal 0 0 1
    outer loop
      vertex 1.7138646841049194 3.41414475440979 3
      vertex 2.5999999046325684 3.1956026554107666 3
      vertex 2.2933392524719238 3.4473690986633301 3
    endloop
  endfacet
  facet normal -0 -0 1
    outer loop
      vertex 1.1368794441223145 3.3797743320465088 3
      vertex 0.56478935480117798 3.344637393951416 3
      vertex 1.2999999523162842 3.1956026554107666 3
    endloop
  endfacet
  facet normal 0 -0 1
    outer loop
      vertex 4.0226435661315918 3.5363705158233643 3
      vertex 3.4501345157623291 3.5088615417480469 3
      vertex 3.9000000953674316 3.1956026554107666 3
    endloop
  endfacet
  facet normal -0 -0 1
    outer loop
      vertex 4.588019847869873 3.5612151622772217 3
      vertex 5.1999998092651367 3.1956026554107666 3
      vertex 5.1787543296813965 3.5843250751495361 3
    endloop
  endfacet
  facet normal -0 0 1
    outer loop
      vertex 3.9000000953674316 3.1956026554107666 3
      vertex 4.588019847869873 3.5612151622772217 3
      vertex 4.0226435661315918 3.5363705158233643 3
    endloop
  endfacet
  facet normal -0 -0 1
    outer loop
      vertex 3.4501345157623291 3.5088615417480469 3
      vertex 2.8728978633880615 3.4790680408477783 3
      vertex 3.9000000953674316 3.1956026554107666 3
    endloop
  endfacet
  facet normal 0 0 1
    outer loop
      vertex 5.1999998092651367 3.1956026554107666 3
      vertex 5.7552371025085449 3.6037766933441162 3
      vertex 5.1787543296813965 3.5843250751495361 3
    endloop
  endfacet
  facet normal -0 -0 1
    outer loop
      vertex 7.8000001907348633 3.1956026554107666 3
      vertex 6.8845338821411133 3.63230299949646 3
      vertex 6.5 3.1956026554107666 3
    endloop
  endfacet
  facet normal -0 -0 1
    outer loop
      vertex 10.399999618530273 3.1956026554107666 3
      vertex 10.033137321472168 3.6483285427093506 3
      vertex 9.1000003814697266 3.1956026554107666 3
    endloop
  endfacet
  facet normal -0 -0 1
    outer loop
      vertex 11.699999809265137 3.1956026554107666 3
      vertex 10.904234886169434 3.6383142471313477 3
      vertex 10.399999618530273 3.1956026554107666 3
    endloop
  endfacet
  facet normal -0 -0 1
    outer loop
      vertex 9.1000003814697266 3.1956026554107666 3
      vertex 8.5908842086791992 3.6513879299163818 3
      vertex 7.8000001907348633 3.1956026554107666 3
    endloop
  endfacet
  facet normal 0 -0 1
    outer loop
      vertex 13.124892234802246 3.5771396160125732 3
      vertex 13 3.1956026554107666 3
      vertex 13.56956958770752 3.5574142932891846 3
    endloop
  endfacet
  facet normal -0 0 1
    outer loop
      vertex 13 3.1956026554107666 3
      vertex 14.300000190734863 3.1956026554107666 3
      vertex 13.56956958770752 3.5574142932891846 3
    endloop
  endfacet
  facet normal -0 -0 1
    outer loop
      vertex 12.233530044555664 3.6086142063140869 3
      vertex 13 3.1956026554107666 3
      vertex 12.679262161254883 3.5941522121429443 3
    endloop
  endfacet
  facet normal 0 -0 1
    outer loop
      vertex 13.124892234802246 3.5771396160125732 3
      vertex 12.679262161254883 3.5941522121429443 3
      vertex 13 3.1956026554107666 3
    endloop
  endfacet
  facet normal -0 0 1
    outer loop
      vertex 11.699999809265137 3.1956026554107666 3
      vertex 13 3.1956026554107666 3
      vertex 12.233530044555664 3.6086142063140869 3
    endloop
  endfacet
  facet normal -0 0 1
    outer loop
      vertex 12.233530044555664 3.6086142063140869 3
      vertex 11.788547515869141 3.6206872463226318 3
      vertex 11.699999809265137 3.1956026554107666 3
    endloop
  endfacet
  facet normal 0 -0 1
    outer loop
      vertex 6.8845338821411133 3.63230299949646 3
      vertex 6.322239875793457 3.6197197437286377 3
      vertex 6.5 3.1956026554107666 3
    endloop
  endfacet
  facet normal -0 -0 1
    outer loop
      vertex 7.8000001907348633 3.1956026554107666 3
      vertex 7.4468913078308105 3.6416759490966797 3
      vertex 6.8845338821411133 3.63230299949646 3
    endloop
  endfacet
  facet normal 0 0 1
    outer loop
      vertex 7.4468913078308105 3.6416759490966797 3
      vertex 7.8000001907348633 3.1956026554107666 3
      vertex 8.0140838623046875 3.6479878425598145 3
    endloop
  endfacet
  facet normal -0 0 1
    outer loop
      vertex 7.8000001907348633 3.1956026554107666 3
      vertex 8.5908842086791992 3.6513879299163818 3
      vertex 8.0140838623046875 3.6479878425598145 3
    endloop
  endfacet
  facet normal -0 -0 1
    outer loop
      vertex 11.699999809265137 3.1956026554107666 3
      vertex 11.345165252685547 3.6305332183837891 3
      vertex 10.904234886169434 3.6383142471313477 3
    endloop
  endfacet
  facet normal -0 0 1
    outer loop
      vertex 9.1000003814697266 3.1956026554107666 3
      vertex 10.033137321472168 3.6483285427093506 3
      vertex 9.182063102722168 3.6520256996154785 3
    endloop
  endfacet
  facet normal 0 0 1
    outer loop
      vertex 10.033137321472168 3.6483285427093506 3
      vertex 10.399999618530273 3.1956026554107666 3
      vertex 10.904234886169434 3.6383142471313477 3
    endloop
  endfacet
  facet normal 0 -0 1
    outer loop
      vertex 9.182063102722168 3.6520256996154785 3
      vertex 8.5908842086791992 3.6513879299163818 3
      vertex 9.1000003814697266 3.1956026554107666 3
    endloop
  endfacet
  facet normal 0 0 1
    outer loop
      vertex 11.345165252685547 3.6305332183837891 3
      vertex 11.699999809265137 3.1956026554107666 3
      vertex 11.788547515869141 3.6206872463226318 3
    endloop
  endfacet
  facet normal 0 0 1
    outer loop
      vertex 5.7552371025085449 3.6037766933441162 3
      vertex 6.5 3.1956026554107666 3
      vertex 6.322239875793457 3.6197197437286377 3
    endloop
  endfacet
  facet normal 0 -0 1
    outer loop
      vertex 14.300000190734863 -3.1956026554107666 3
      vertex 13 -3.1956026554107666 3
      vertex 13.56956958770752 -3.5574142932891846 3
    endloop
  endfacet
  facet normal -0 0 1
    outer loop
      vertex 14.012442588806152 -3.5348145961761475 3
      vertex 14.452659606933594 -3.5091781616210938 3
      vertex 14.300000190734863 -3.1956026554107666 3
    endloop
  endfacet
  facet normal 0 0 1
    outer loop
      vertex 14.889369010925293 -3.4803435802459717 3
      vertex 15.321721076965332 -3.4481484889984131 3
      vertex 15.600000381469727 -3.1956026554107666 3
    endloop
  endfacet
  facet normal 0 -0 1
    outer loop
      vertex 14.889369010925293 -3.4803435802459717 3
      vertex 14.300000190734863 -3.1956026554107666 3
      vertex 14.452659606933594 -3.5091781616210938 3
    endloop
  endfacet
  facet normal 0 -0 1
    outer loop
      vertex 15.748862266540527 -3.4124314785003662 3
      vertex 15.600000381469727 -3.1956026554107666 3
      vertex 15.321721076965332 -3.4481484889984131 3
    endloop
  endfacet
  facet normal 0 -0 1
    outer loop
      vertex 16.465147018432617 -3.3428623676300049 3
      vertex 16.25 -3.1956026554107666 3
      vertex 16.169942855834961 -3.3730301856994629 3
    endloop
  endfacet
  facet normal 0 -0 1
    outer loop
      vertex 17.054145812988281 -3.2756683826446533 3
      vertex 16.899999618530273 -3.1956026554107666 3
      vertex 16.759904861450195 -3.3105258941650391 3
    endloop
  endfacet
  facet normal 0 0 1
    outer loop
      vertex 16.25 -3.1956026554107666 3
      vertex 16.465147018432617 -3.3428623676300049 3
      vertex 16.759904861450195 -3.3105258941650391 3
    endloop
  endfacet
  facet normal 0 0 1
    outer loop
      vertex 15.600000381469727 -3.1956026554107666 3
      vertex 15.748862266540527 -3.4124314785003662 3
      vertex 16.169942855834961 -3.3730301856994629 3
    endloop
  endfacet
  facet normal 0 0 1
    outer loop
      vertex 17.054145812988281 -3.2756683826446533 3
      vertex 17.347797393798828 -3.2379372119903564 3
      vertex 16.899999618530273 -3.1956026554107666 3
    endloop
  endfacet
  facet normal 0 -0 1
    outer loop
      vertex 15.600000381469727 -3.1956026554107666 3
      vertex 14.300000190734863 -3.1956026554107666 3
      vertex 14.889369010925293 -3.4803435802459717 3
    endloop
  endfacet
  facet normal 0 -0 1
    outer loop
      vertex 16.899999618530273 -3.1956026554107666 3
      vertex 16.25 -3.1956026554107666 3
      vertex 16.759904861450195 -3.3105258941650391 3
    endloop
  endfacet
  facet normal 0 -0 1
    outer loop
      vertex 17.549999237060547 -2.9673452377319336 3
      vertex 16.899999618530273 -2.9673452377319336 3
      vertex 16.899999618530273 -3.1956026554107666 3
    endloop
  endfacet
  facet normal 0 0 1
    outer loop
      vertex 15.600000381469727 -3.1956026554107666 3
      vertex 16.169942855834961 -3.3730301856994629 3
      vertex 16.25 -3.1956026554107666 3
    endloop
  endfacet
  facet normal 0 0 1
    outer loop
      vertex 17.549999237060547 -2.9673452377319336 3
      vertex 17.640790939331055 -3.1969795227050781 3
      vertex 17.933055877685547 -3.1524426937103271 3
    endloop
  endfacet
  facet normal 0 0 1
    outer loop
      vertex 17.933055877685547 -3.1524426937103271 3
      vertex 18.200000762939453 -2.9673452377319336 3
      vertex 17.549999237060547 -2.9673452377319336 3
    endloop
  endfacet
  facet normal 0 -0 1
    outer loop
      vertex 18.850000381469727 -2.7390878200531006 3
      vertex 18.200000762939453 -2.7390878200531006 3
      vertex 18.200000762939453 -2.9673452377319336 3
    endloop
  endfacet
  facet normal 0 -0 1
    outer loop
      vertex 18.200000762939453 -2.9673452377319336 3
      vertex 17.933055877685547 -3.1524426937103271 3
      vertex 18.224519729614258 -3.1039738655090332 3
    endloop
  endfacet
  facet normal 0 0 1
    outer loop
      vertex 17.347797393798828 -3.2379372119903564 3
      vertex 17.549999237060547 -2.9673452377319336 3
      vertex 16.899999618530273 -3.1956026554107666 3
    endloop
  endfacet
  facet normal 0 -0 1
    outer loop
      vertex 17.549999237060547 -2.9673452377319336 3
      vertex 17.347797393798828 -3.2379372119903564 3
      vertex 17.640790939331055 -3.1969795227050781 3
    endloop
  endfacet
  facet normal 0 0 1
    outer loop
      vertex 18.515111923217773 -3.0512206554412842 3
      vertex 18.80476188659668 -2.9938299655914307 3
      vertex 18.200000762939453 -2.9673452377319336 3
    endloop
  endfacet
  facet normal 0 -0 1
    outer loop
      vertex 18.850000381469727 -2.7390878200531006 3
      vertex 18.80476188659668 -2.9938299655914307 3
      vertex 19.093400955200195 -2.9314494132995605 3
    endloop
  endfacet
  facet normal 0 -0 1
    outer loop
      vertex 19.380954742431641 -2.8637261390686035 3
      vertex 18.850000381469727 -2.7390878200531006 3
      vertex 19.093400955200195 -2.9314494132995605 3
    endloop
  endfacet
  facet normal 0 0 1
    outer loop
      vertex 18.80476188659668 -2.9938299655914307 3
      vertex 18.850000381469727 -2.7390878200531006 3
      vertex 18.200000762939453 -2.9673452377319336 3
    endloop
  endfacet
  facet normal 0 -0 1
    outer loop
      vertex 19.5 -2.7390878200531006 3
      vertex 19.380954742431641 -2.8637261390686035 3
      vertex 19.667354583740234 -2.7903075218200684 3
    endloop
  endfacet
  facet normal 0 -0 1
    outer loop
      vertex 19.952529907226562 -2.7108407020568848 3
      vertex 19.5 -2.5108306407928467 3
      vertex 19.5 -2.7390878200531006 3
    endloop
  endfacet
  facet normal 0 0 1
    outer loop
      vertex 19.667354583740234 -2.7903075218200684 3
      vertex 19.952529907226562 -2.7108407020568848 3
      vertex 19.5 -2.7390878200531006 3
    endloop
  endfacet
  facet normal 0 0 1
    outer loop
      vertex 18.850000381469727 -2.7390878200531006 3
      vertex 19.380954742431641 -2.8637261390686035 3
      vertex 19.5 -2.7390878200531006 3
    endloop
  endfacet
  facet normal -0 0 1
    outer loop
      vertex 19.952529907226562 -2.7108407020568848 3
      vertex 20.236410140991211 -2.6249730587005615 3
      vertex 20.149999618530273 -2.5108306407928467 3
    endloop
  endfacet
  facet normal -0 -0 1
    outer loop
      vertex 18.200000762939453 -0.91302931308746338 3
      vertex 18.200000762939453 -1.8260586261749268 3
      vertex 19.5 -1.8260586261749268 3
    endloop
  endfacet
  facet normal 0 -0 1
    outer loop
      vertex 20.799999237060547 -0.81087493896484375 3
      vertex 18.200000762939453 -0.91302931308746338 3
      vertex 19.5 -1.8260586261749268 3
    endloop
  endfacet
  facet normal -0 -0 1
    outer loop
      vertex 19.5 -1.8260586261749268 3
      vertex 19.5 -2.2825732231140137 3
      vertex 20.149999618530273 -2.2825732231140137 3
    endloop
  endfacet
  facet normal -0 -0 1
    outer loop
      vertex 20.149999618530273 -2.2825732231140137 3
      vertex 20.149999618530273 -2.5108306407928467 3
      vertex 20.518924713134766 -2.5323522090911865 3
    endloop
  endfacet
  facet normal 0 0 1
    outer loop
      vertex 19.952529907226562 -2.7108407020568848 3
      vertex 20.149999618530273 -2.5108306407928467 3
      vertex 19.5 -2.5108306407928467 3
    endloop
  endfacet
  facet normal 0 -0 1
    outer loop
      vertex 19.5 -1.8260586261749268 3
      vertex 20.799999237060547 -2.4326248168945312 3
      vertex 20.799999237060547 -0.81087493896484375 3
    endloop
  endfacet
  facet normal 0 0 1
    outer loop
      vertex 20.518924713134766 -2.5323522090911865 3
      vertex 20.799999237060547 -2.4326248168945312 3
      vertex 20.149999618530273 -2.2825732231140137 3
    endloop
  endfacet
  facet normal 0 0 1
    outer loop
      vertex 20.149999618530273 -2.2825732231140137 3
      vertex 20.799999237060547 -2.4326248168945312 3
      vertex 19.5 -1.8260586261749268 3
    endloop
  endfacet
  facet normal 0 0 1
    outer loop
      vertex 20.149999618530273 -2.5108306407928467 3
      vertex 20.236410140991211 -2.6249730587005615 3
      vertex 20.518924713134766 -2.5323522090911865 3
    endloop
  endfacet
  facet normal 0 -0 1
    outer loop
      vertex 18.200000762939453 1.3322676295501878e-15 3
      vertex 18.200000762939453 -0.91302931308746338 3
      vertex 20.799999237060547 -0.81087493896484375 3
    endloop
  endfacet
  facet normal 0 -0 1
    outer loop
      vertex 18.515111923217773 -3.0512206554412842 3
      vertex 18.200000762939453 -2.9673452377319336 3
      vertex 18.224519729614258 -3.1039738655090332 3
    endloop
  endfacet
  facet normal -0 -0 1
    outer loop
      vertex 16.25 3.1956026554107666 3
      vertex 16.169942855834961 3.3730301856994629 3
      vertex 15.600000381469727 3.1956026554107666 3
    endloop
  endfacet
  facet normal -0 -0 1
    outer loop
      vertex 16.899999618530273 3.1956026554107666 3
      vertex 16.759904861450195 3.3105258941650391 3
      vertex 16.25 3.1956026554107666 3
    endloop
  endfacet
  facet normal -0 -0 1
    outer loop
      vertex 16.899999618530273 3.1956026554107666 3
      vertex 16.899999618530273 2.9673452377319336 3
      vertex 17.549999237060547 2.9673452377319336 3
    endloop
  endfacet
  facet normal -0 -0 1
    outer loop
      vertex 15.600000381469727 3.1956026554107666 3
      vertex 14.889369010925293 3.4803435802459717 3
      vertex 14.300000190734863 3.1956026554107666 3
    endloop
  endfacet
  facet normal 0 -0 1
    outer loop
      vertex 20.799999237060547 0.81087493896484375 3
      vertex 18.200000762939453 0.91302931308746338 3
      vertex 18.200000762939453 1.3322676295501878e-15 3
    endloop
  endfacet
  facet normal 0 -0 1
    outer loop
      vertex 17.640790939331055 3.1969795227050781 3
      vertex 17.549999237060547 2.9673452377319336 3
      vertex 17.933055877685547 3.1524426937103271 3
    endloop
  endfacet
  facet normal -0 0 1
    outer loop
      vertex 17.549999237060547 2.9673452377319336 3
      vertex 18.200000762939453 2.9673452377319336 3
      vertex 17.933055877685547 3.1524426937103271 3
    endloop
  endfacet
  facet normal -0 -0 1
    outer loop
      vertex 17.347797393798828 3.2379372119903564 3
      vertex 16.899999618530273 3.1956026554107666 3
      vertex 17.549999237060547 2.9673452377319336 3
    endloop
  endfacet
  facet normal 0 -0 1
    outer loop
      vertex 17.640790939331055 3.1969795227050781 3
      vertex 17.347797393798828 3.2379372119903564 3
      vertex 17.549999237060547 2.9673452377319336 3
    endloop
  endfacet
  facet normal 0 0 1
    outer loop
      vertex 15.600000381469727 3.1956026554107666 3
      vertex 15.748862266540527 3.4124314785003662 3
      vertex 15.321721076965332 3.4481484889984131 3
    endloop
  endfacet
  facet normal 0 -0 1
    outer loop
      vertex 14.452659606933594 3.5091781616210938 3
      vertex 14.300000190734863 3.1956026554107666 3
      vertex 14.889369010925293 3.4803435802459717 3
    endloop
  endfacet
  facet normal -0 -0 1
    outer loop
      vertex 15.321721076965332 3.4481484889984131 3
      vertex 14.889369010925293 3.4803435802459717 3
      vertex 15.600000381469727 3.1956026554107666 3
    endloop
  endfacet
  facet normal 0 0 1
    outer loop
      vertex 14.300000190734863 3.1956026554107666 3
      vertex 14.452659606933594 3.5091781616210938 3
      vertex 14.012442588806152 3.5348145961761475 3
    endloop
  endfacet
  facet normal 0 0 1
    outer loop
      vertex 16.899999618530273 3.1956026554107666 3
      vertex 17.054145812988281 3.2756683826446533 3
      vertex 16.759904861450195 3.3105258941650391 3
    endloop
  endfacet
  facet normal 0 0 1
    outer loop
      vertex 16.25 3.1956026554107666 3
      vertex 16.465147018432617 3.3428623676300049 3
      vertex 16.169942855834961 3.3730301856994629 3
    endloop
  endfacet
  facet normal 0 -0 1
    outer loop
      vertex 16.465147018432617 3.3428623676300049 3
      vertex 16.25 3.1956026554107666 3
      vertex 16.759904861450195 3.3105258941650391 3
    endloop
  endfacet
  facet normal -0 0 1
    outer loop
      vertex 15.600000381469727 3.1956026554107666 3
      vertex 16.169942855834961 3.3730301856994629 3
      vertex 15.748862266540527 3.4124314785003662 3
    endloop
  endfacet
  facet normal -0 0 1
    outer loop
      vertex 16.899999618530273 3.1956026554107666 3
      vertex 17.347797393798828 3.2379372119903564 3
      vertex 17.054145812988281 3.2756683826446533 3
    endloop
  endfacet
  facet normal -0 -0 1
    outer loop
      vertex 14.300000190734863 3.1956026554107666 3
      vertex 14.012442588806152 3.5348145961761475 3
      vertex 13.56956958770752 3.5574142932891846 3
    endloop
  endfacet
  facet normal 0 -0 1
    outer loop
      vertex 19.5 1.8260586261749268 3
      vertex 18.200000762939453 1.8260586261749268 3
      vertex 18.200000762939453 0.91302931308746338 3
    endloop
  endfacet
  facet normal -0 0 1
    outer loop
      vertex 19.5 1.8260586261749268 3
      vertex 20.149999618530273 2.2825732231140137 3
      vertex 19.5 2.2825732231140137 3
    endloop
  endfacet
  facet normal 0 -0 1
    outer loop
      vertex 20.149999618530273 2.2825732231140137 3
      vertex 19.5 1.8260586261749268 3
      vertex 20.799999237060547 2.4326248168945312 3
    endloop
  endfacet
  facet normal 0 -0 1
    outer loop
      vertex 20.799999237060547 2.4326248168945312 3
      vertex 20.518924713134766 2.5323522090911865 3
      vertex 20.149999618530273 2.2825732231140137 3
    endloop
  endfacet
  facet normal 0 -0 1
    outer loop
      vertex 20.236410140991211 2.6249730587005615 3
      vertex 20.149999618530273 2.5108306407928467 3
      vertex 20.518924713134766 2.5323522090911865 3
    endloop
  endfacet
  facet normal 0 -0 1
    outer loop
      vertex 20.518924713134766 2.5323522090911865 3
      vertex 20.149999618530273 2.5108306407928467 3
      vertex 20.149999618530273 2.2825732231140137 3
    endloop
  endfacet
  facet normal -0 -0 1
    outer loop
      vertex 19.952529907226562 2.7108407020568848 3
      vertex 19.5 2.5108306407928467 3
      vertex 20.149999618530273 2.5108306407928467 3
    endloop
  endfacet
  facet normal -0 -0 1
    outer loop
      vertex 20.799999237060547 0.81087493896484375 3
      vertex 20.799999237060547 2.4326248168945312 3
      vertex 19.5 1.8260586261749268 3
    endloop
  endfacet
  facet normal -0 -0 1
    outer loop
      vertex 19.5 1.8260586261749268 3
      vertex 18.200000762939453 0.91302931308746338 3
      vertex 20.799999237060547 0.81087493896484375 3
    endloop
  endfacet
  facet normal 0 -0 1
    outer loop
      vertex 20.236410140991211 2.6249730587005615 3
      vertex 19.952529907226562 2.7108407020568848 3
      vertex 20.149999618530273 2.5108306407928467 3
    endloop
  endfacet
  facet normal -0 -0 1
    outer loop
      vertex 18.850000381469727 2.7390878200531006 3
      vertex 18.80476188659668 2.9938299655914307 3
      vertex 18.200000762939453 2.9673452377319336 3
    endloop
  endfacet
  facet normal 0 -0 1
    outer loop
      vertex 18.224519729614258 3.1039738655090332 3
      vertex 18.200000762939453 2.9673452377319336 3
      vertex 18.515111923217773 3.0512206554412842 3
    endloop
  endfacet
  facet normal 0 -0 1
    outer loop
      vertex 18.80476188659668 2.9938299655914307 3
      vertex 18.515111923217773 3.0512206554412842 3
      vertex 18.200000762939453 2.9673452377319336 3
    endloop
  endfacet
  facet normal 0 -0 1
    outer loop
      vertex 18.850000381469727 2.7390878200531006 3
      vertex 18.200000762939453 2.9673452377319336 3
      vertex 18.200000762939453 2.7390878200531006 3
    endloop
  endfacet
  facet normal 0 0 1
    outer loop
      vertex 17.933055877685547 3.1524426937103271 3
      vertex 18.200000762939453 2.9673452377319336 3
      vertex 18.224519729614258 3.1039738655090332 3
    endloop
  endfacet
  facet normal -0 -0 1
    outer loop
      vertex 19.667354583740234 2.7903075218200684 3
      vertex 19.5 2.7390878200531006 3
      vertex 19.952529907226562 2.7108407020568848 3
    endloop
  endfacet
  facet normal -0 -0 1
    outer loop
      vertex 19.380954742431641 2.8637261390686035 3
      vertex 18.850000381469727 2.7390878200531006 3
      vertex 19.5 2.7390878200531006 3
    endloop
  endfacet
  facet normal 0 -0 1
    outer loop
      vertex 19.093400955200195 2.9314494132995605 3
      vertex 18.850000381469727 2.7390878200531006 3
      vertex 19.380954742431641 2.8637261390686035 3
    endloop
  endfacet
  facet normal 0 -0 1
    outer loop
      vertex 19.667354583740234 2.7903075218200684 3
      vertex 19.380954742431641 2.8637261390686035 3
      vertex 19.5 2.7390878200531006 3
    endloop
  endfacet
  facet normal 0 0 1
    outer loop
      vertex 18.80476188659668 2.9938299655914307 3
      vertex 18.850000381469727 2.7390878200531006 3
      vertex 19.093400955200195 2.9314494132995605 3
    endloop
  endfacet
  facet normal -0 0 1
    outer loop
      vertex 19.5 2.5108306407928467 3
      vertex 19.952529907226562 2.7108407020568848 3
      vertex 19.5 2.7390878200531006 3
    endloop
  endfacet
  facet normal 0 -0 1
    outer loop
      vertex 20.799999237060547 0.81087493896484375 3
      vertex 18.200000762939453 1.3322676295501878e-15 3
      vertex 20.799999237060547 -0.81087493896484375 3
    endloop
  endfacet
  facet normal 0 -0 1
    outer loop
      vertex 14.300000190734863 -3.1956026554107666 3
      vertex 13.56956958770752 -3.5574142932891846 3
      vertex 14.012442588806152 -3.5348145961761475 3
    endloop
  endfacet
endsolid OBJECT
